date,crop,market,variety,grade,min_price,max_price,modal_price,price_unit,location,year,month,day_of_week
2021-01-01,Pepper,Sulur,Pepper,Local,50023.44,56350.76,53069.17,INR/quintal,"Coimbatore, Tamil Nadu, India",2021,1,4
2021-01-02,Pepper,Pollachi,Black Pepper,Local,49549.59,54421.53,51863.44,INR/quintal,"Coimbatore, Tamil Nadu, India",2021,1,5
2021-01-03,Pepper,Sulur,Pepper,Local,49732.66,55099.22,52440.97,INR/quintal,"Coimbatore, Tamil Nadu, India",2021,1,6
2021-01-04,Pepper,Mettupalayam,Black Pepper,Local,48936.68,55067.6,51440.16,INR/quintal,"Coimbatore, Tamil Nadu, India",2021,1,0
2021-01-05,Pepper,Udumalpet,Pepper,Local,51111.94,56040.18,53369.88,INR/quintal,"Coimbatore, Tamil Nadu, India",2021,1,1
2021-01-06,Pepper,Mettupalayam,Pepper,Local,48214.38,54183.46,51101.9,INR/quintal,"Coimbatore, Tamil Nadu, India",2021,1,2
2021-01-07,Pepper,Udumalpet,Black Pepper,Local,48843.69,54714.47,51623.67,INR/quintal,"Coimbatore, Tamil Nadu, India",2021,1,3
2021-01-08,Pepper,Udumalpet,Black Pepper,Local,51141.83,56744.16,53430.94,INR/quintal,"Coimbatore, Tamil Nadu, India",2021,1,4
2021-01-09,Pepper,Sulur,Pepper,Local,51246.98,57926.47,54203.07,INR/quintal,"Coimbatore, Tamil Nadu, India",2021,1,5
2021-01-10,Pepper,Mettupalayam,Pepper,Local,49602.93,56272.41,52628.67,INR/quintal,"Coimbatore, Tamil Nadu, India",2021,1,6
2021-01-11,Pepper,Mettupalayam,Pepper,Local,50913.02,57305.54,53475.58,INR/quintal,"Coimbatore, Tamil Nadu, India",2021,1,0
2021-01-12,Pepper,Coimbatore,Black Pepper,Local,50200.01,55768.38,52943.62,INR/quintal,"Coimbatore, Tamil Nadu, India",2021,1,1
2021-01-13,Pepper,Pollachi,Pepper,Local,51411.95,56212.98,53746.76,INR/quintal,"Coimbatore, Tamil Nadu, India",2021,1,2
2021-01-14,Pepper,Mettupalayam,Black Pepper,Local,49144.82,55136.75,52277.1,INR/quintal,"Coimbatore, Tamil Nadu, India",2021,1,3
2021-01-15,Pepper,Mettupalayam,Black Pepper,Local,49496.33,56168.49,52824.27,INR/quintal,"Coimbatore, Tamil Nadu, India",2021,1,4
2021-01-16,Pepper,Coimbatore,Black Pepper,Local,50281.31,56404.73,53103.77,INR/quintal,"Coimbatore, Tamil Nadu, India",2021,1,5
2021-01-17,Pepper,Udumalpet,Pepper,Local,51101.94,56755.53,54352.01,INR/quintal,"Coimbatore, Tamil Nadu, India",2021,1,6
2021-01-18,Pepper,Coimbatore,Pepper,Local,51631.73,57163.61,54104.8,INR/quintal,"Coimbatore, Tamil Nadu, India",2021,1,0
2021-01-19,Pepper,Coimbatore,Pepper,Local,50821.79,57388.17,53893.68,INR/quintal,"Coimbatore, Tamil Nadu, India",2021,1,1
2021-01-20,Pepper,Udumalpet,Black Pepper,Local,50432.73,55520.62,52966.46,INR/quintal,"Coimbatore, Tamil Nadu, India",2021,1,2
2021-01-21,Pepper,Mettupalayam,Pepper,Local,53090.54,59324.5,55679.88,INR/quintal,"Coimbatore, Tamil Nadu, India",2021,1,3
2021-01-22,Pepper,Pollachi,Black Pepper,Local,49825.58,56019.61,52963.81,INR/quintal,"Coimbatore, Tamil Nadu, India",2021,1,4
2021-01-23,Pepper,Sulur,Pepper,Local,51476.14,56791.41,54083.47,INR/quintal,"Coimbatore, Tamil Nadu, India",2021,1,5
2021-01-24,Pepper,Udumalpet,Pepper,Local,50769.84,57352.82,53569.77,INR/quintal,"Coimbatore, Tamil Nadu, India",2021,1,6
2021-01-25,Pepper,Udumalpet,Pepper,Local,51404.37,57859.21,54489.93,INR/quintal,"Coimbatore, Tamil Nadu, India",2021,1,0
2021-01-26,Pepper,Udumalpet,Black Pepper,Local,52002.32,57105.54,54471.8,INR/quintal,"Coimbatore, Tamil Nadu, India",2021,1,1
2021-01-27,Pepper,Udumalpet,Pepper,Local,49941.36,56828.98,53250.44,INR/quintal,"Coimbatore, Tamil Nadu, India",2021,1,2
2021-01-28,Pepper,Mettupalayam,Pepper,Local,50775.04,57274.94,53830.44,INR/quintal,"Coimbatore, Tamil Nadu, India",2021,1,3
2021-01-29,Pepper,Coimbatore,Black Pepper,Local,50914.52,56755.56,54225.25,INR/quintal,"Coimbatore, Tamil Nadu, India",2021,1,4
2021-01-30,Pepper,Pollachi,Black Pepper,Local,54893.56,60932.05,57312.48,INR/quintal,"Coimbatore, Tamil Nadu, India",2021,1,5
2021-01-31,Pepper,Pollachi,Pepper,Local,53953.54,59312.97,56414.9,INR/quintal,"Coimbatore, Tamil Nadu, India",2021,1,6
2021-02-01,Pepper,Mettupalayam,Pepper,Local,51232.31,56884.56,53805.92,INR/quintal,"Coimbatore, Tamil Nadu, India",2021,2,0
2021-02-02,Pepper,Udumalpet,Black Pepper,Local,50783.75,57627.44,54025.61,INR/quintal,"Coimbatore, Tamil Nadu, India",2021,2,1
2021-02-03,Pepper,Pollachi,Pepper,Local,52354.39,57917.6,54826.61,INR/quintal,"Coimbatore, Tamil Nadu, India",2021,2,2
2021-02-04,Pepper,Sulur,Pepper,Local,54159.16,59728.32,56658.84,INR/quintal,"Coimbatore, Tamil Nadu, India",2021,2,3
2021-02-05,Pepper,Pollachi,Black Pepper,Local,52116.98,57968.87,54521.7,INR/quintal,"Coimbatore, Tamil Nadu, India",2021,2,4
2021-02-06,Pepper,Udumalpet,Pepper,Local,52117.91,57760.08,55184.39,INR/quintal,"Coimbatore, Tamil Nadu, India",2021,2,5
2021-02-07,Pepper,Coimbatore,Black Pepper,Local,52384.82,58226.59,55441.84,INR/quintal,"Coimbatore, Tamil Nadu, India",2021,2,6
2021-02-08,Pepper,Pollachi,Black Pepper,Local,52542.74,58960.38,55874.74,INR/quintal,"Coimbatore, Tamil Nadu, India",2021,2,0
2021-02-09,Pepper,Sulur,Black Pepper,Local,53703.52,59569.04,55866.78,INR/quintal,"Coimbatore, Tamil Nadu, India",2021,2,1
2021-02-10,Pepper,Pollachi,Pepper,Local,51488.12,57871.54,54356.2,INR/quintal,"Coimbatore, Tamil Nadu, India",2021,2,2
2021-02-11,Pepper,Sulur,Pepper,Local,53080.02,59431.67,56132.43,INR/quintal,"Coimbatore, Tamil Nadu, India",2021,2,3
2021-02-12,Pepper,Sulur,Black Pepper,Local,53512.29,59178.94,56704.77,INR/quintal,"Coimbatore, Tamil Nadu, India",2021,2,4
2021-02-13,Pepper,Sulur,Pepper,Local,52552.4,58679.19,55873.81,INR/quintal,"Coimbatore, Tamil Nadu, India",2021,2,5
2021-02-14,Pepper,Coimbatore,Black Pepper,Local,52688.36,58416.1,55228.02,INR/quintal,"Coimbatore, Tamil Nadu, India",2021,2,6
2021-02-15,Pepper,Pollachi,Black Pepper,Local,51952.88,58284.88,54843.55,INR/quintal,"Coimbatore, Tamil Nadu, India",2021,2,0
2021-02-16,Pepper,Udumalpet,Pepper,Local,52418.04,58728.73,55500.45,INR/quintal,"Coimbatore, Tamil Nadu, India",2021,2,1
2021-02-17,Pepper,Mettupalayam,Pepper,Local,54042.1,60450.28,57043.28,INR/quintal,"Coimbatore, Tamil Nadu, India",2021,2,2
2021-02-18,Pepper,Sulur,Pepper,Local,53542.15,59623.48,56537.74,INR/quintal,"Coimbatore, Tamil Nadu, India",2021,2,3
2021-02-19,Pepper,Sulur,Black Pepper,Local,53501.29,58922.15,56316.38,INR/quintal,"Coimbatore, Tamil Nadu, India",2021,2,4
2021-02-20,Pepper,Coimbatore,Pepper,Local,53562.46,59124.94,56595.22,INR/quintal,"Coimbatore, Tamil Nadu, India",2021,2,5
2021-02-21,Pepper,Udumalpet,Pepper,Local,52673.63,58879.54,55127.05,INR/quintal,"Coimbatore, Tamil Nadu, India",2021,2,6
2021-02-22,Pepper,Mettupalayam,Pepper,Local,52257.57,58863.53,55295.8,INR/quintal,"Coimbatore, Tamil Nadu, India",2021,2,0
2021-02-23,Pepper,Pollachi,Pepper,Local,54208.64,60008.31,56977.27,INR/quintal,"Coimbatore, Tamil Nadu, India",2021,2,1
2021-02-24,Pepper,Coimbatore,Black Pepper,Local,52412.69,58185.25,55749.43,INR/quintal,"Coimbatore, Tamil Nadu, India",2021,2,2
2021-02-25,Pepper,Coimbatore,Black Pepper,Local,54513.07,59297.81,56861.96,INR/quintal,"Coimbatore, Tamil Nadu, India",2021,2,3
2021-02-26,Pepper,Coimbatore,Black Pepper,Local,52269.85,58123.65,55496.29,INR/quintal,"Coimbatore, Tamil Nadu, India",2021,2,4
2021-02-27,Pepper,Sulur,Pepper,Local,55283.41,61299.48,58341.61,INR/quintal,"Coimbatore, Tamil Nadu, India",2021,2,5
2021-02-28,Pepper,Pollachi,Black Pepper,Local,52529.85,58466.82,55398.28,INR/quintal,"Coimbatore, Tamil Nadu, India",2021,2,6
2021-03-01,Pepper,Sulur,Black Pepper,Local,53940.77,59951.86,56357.04,INR/quintal,"Coimbatore, Tamil Nadu, India",2021,3,0
2021-03-02,Pepper,Coimbatore,Black Pepper,Local,51707.15,57472.57,54985.47,INR/quintal,"Coimbatore, Tamil Nadu, India",2021,3,1
2021-03-03,Pepper,Udumalpet,Pepper,Local,54037.83,60545.03,57005.9,INR/quintal,"Coimbatore, Tamil Nadu, India",2021,3,2
2021-03-04,Pepper,Coimbatore,Black Pepper,Local,54147.74,59915.47,57449.5,INR/quintal,"Coimbatore, Tamil Nadu, India",2021,3,3
2021-03-05,Pepper,Coimbatore,Black Pepper,Local,53520.87,60148.82,56403.32,INR/quintal,"Coimbatore, Tamil Nadu, India",2021,3,4
2021-03-06,Pepper,Udumalpet,Pepper,Local,53928.8,60165.65,56875.85,INR/quintal,"Coimbatore, Tamil Nadu, India",2021,3,5
2021-03-07,Pepper,Coimbatore,Pepper,Local,54238.02,59632.7,56585.38,INR/quintal,"Coimbatore, Tamil Nadu, India",2021,3,6
2021-03-08,Pepper,Udumalpet,Pepper,Local,54403.85,60605.23,56840.01,INR/quintal,"Coimbatore, Tamil Nadu, India",2021,3,0
2021-03-09,Pepper,Sulur,Pepper,Local,52891.59,58945.85,55649.06,INR/quintal,"Coimbatore, Tamil Nadu, India",2021,3,1
2021-03-10,Pepper,Udumalpet,Black Pepper,Local,54877.76,61370.52,58203.86,INR/quintal,"Coimbatore, Tamil Nadu, India",2021,3,2
2021-03-11,Pepper,Mettupalayam,Pepper,Local,54623.64,60528.24,57882.16,INR/quintal,"Coimbatore, Tamil Nadu, India",2021,3,3
2021-03-12,Pepper,Coimbatore,Pepper,Local,57001.89,62952.91,59368.92,INR/quintal,"Coimbatore, Tamil Nadu, India",2021,3,4
2021-03-13,Pepper,Pollachi,Black Pepper,Local,54454.29,60921.91,57360.15,INR/quintal,"Coimbatore, Tamil Nadu, India",2021,3,5
2021-03-14,Pepper,Coimbatore,Black Pepper,Local,55499.8,61973.11,58205.41,INR/quintal,"Coimbatore, Tamil Nadu, India",2021,3,6
2021-03-15,Pepper,Sulur,Black Pepper,Local,53082.47,59656.95,56237.0,INR/quintal,"Coimbatore, Tamil Nadu, India",2021,3,0
2021-03-16,Pepper,Udumalpet,Black Pepper,Local,55682.17,60414.45,57816.02,INR/quintal,"Coimbatore, Tamil Nadu, India",2021,3,1
2021-03-17,Pepper,Coimbatore,Pepper,Local,54349.84,59391.28,56649.17,INR/quintal,"Coimbatore, Tamil Nadu, India",2021,3,2
2021-03-18,Pepper,Udumalpet,Black Pepper,Local,54667.6,61560.95,57777.01,INR/quintal,"Coimbatore, Tamil Nadu, India",2021,3,3
2021-03-19,Pepper,Mettupalayam,Pepper,Local,55077.61,60318.8,57555.31,INR/quintal,"Coimbatore, Tamil Nadu, India",2021,3,4
2021-03-20,Pepper,Mettupalayam,Pepper,Local,53778.76,59971.14,57060.68,INR/quintal,"Coimbatore, Tamil Nadu, India",2021,3,5
2021-03-21,Pepper,Pollachi,Black Pepper,Local,55224.78,60596.59,57446.26,INR/quintal,"Coimbatore, Tamil Nadu, India",2021,3,6
2021-03-22,Pepper,Coimbatore,Black Pepper,Local,54384.74,60986.33,57188.46,INR/quintal,"Coimbatore, Tamil Nadu, India",2021,3,0
2021-03-23,Pepper,Pollachi,Pepper,Local,55956.71,61139.29,58275.88,INR/quintal,"Coimbatore, Tamil Nadu, India",2021,3,1
2021-03-24,Pepper,Coimbatore,Black Pepper,Local,53790.68,60065.3,56890.58,INR/quintal,"Coimbatore, Tamil Nadu, India",2021,3,2
2021-03-25,Pepper,Coimbatore,Black Pepper,Local,55239.64,60271.65,57839.7,INR/quintal,"Coimbatore, Tamil Nadu, India",2021,3,3
2021-03-26,Pepper,Mettupalayam,Pepper,Local,54066.65,60016.9,56592.27,INR/quintal,"Coimbatore, Tamil Nadu, India",2021,3,4
2021-03-27,Pepper,Mettupalayam,Black Pepper,Local,51975.76,58236.9,55107.29,INR/quintal,"Coimbatore, Tamil Nadu, India",2021,3,5
2021-03-28,Pepper,Mettupalayam,Black Pepper,Local,55337.58,61042.55,57629.39,INR/quintal,"Coimbatore, Tamil Nadu, India",2021,3,6
2021-03-29,Pepper,Pollachi,Black Pepper,Local,54066.13,60846.7,57379.96,INR/quintal,"Coimbatore, Tamil Nadu, India",2021,3,0
2021-03-30,Pepper,Pollachi,Black Pepper,Local,53403.73,59961.29,56614.52,INR/quintal,"Coimbatore, Tamil Nadu, India",2021,3,1
2021-03-31,Pepper,Sulur,Pepper,Local,54218.33,59627.38,57206.13,INR/quintal,"Coimbatore, Tamil Nadu, India",2021,3,2
2021-04-01,Pepper,Udumalpet,Black Pepper,Local,53442.51,58718.39,56178.83,INR/quintal,"Coimbatore, Tamil Nadu, India",2021,4,3
2021-04-02,Pepper,Pollachi,Black Pepper,Local,54223.51,60968.99,57449.0,INR/quintal,"Coimbatore, Tamil Nadu, India",2021,4,4
2021-04-03,Pepper,Udumalpet,Black Pepper,Local,52285.7,58942.19,55496.81,INR/quintal,"Coimbatore, Tamil Nadu, India",2021,4,5
2021-04-04,Pepper,Coimbatore,Black Pepper,Local,54973.11,61095.35,57791.5,INR/quintal,"Coimbatore, Tamil Nadu, India",2021,4,6
2021-04-05,Pepper,Coimbatore,Black Pepper,Local,54541.21,60031.65,57109.54,INR/quintal,"Coimbatore, Tamil Nadu, India",2021,4,0
2021-04-06,Pepper,Coimbatore,Pepper,Local,54550.98,61218.09,57897.43,INR/quintal,"Coimbatore, Tamil Nadu, India",2021,4,1
2021-04-07,Pepper,Sulur,Pepper,Local,52918.93,58466.78,56007.61,INR/quintal,"Coimbatore, Tamil Nadu, India",2021,4,2
2021-04-08,Pepper,Mettupalayam,Black Pepper,Local,56757.7,61965.17,59115.93,INR/quintal,"Coimbatore, Tamil Nadu, India",2021,4,3
2021-04-09,Pepper,Coimbatore,Pepper,Local,51896.84,58206.1,54870.79,INR/quintal,"Coimbatore, Tamil Nadu, India",2021,4,4
2021-04-10,Pepper,Pollachi,Pepper,Local,53026.35,59232.62,55901.54,INR/quintal,"Coimbatore, Tamil Nadu, India",2021,4,5
2021-04-11,Pepper,Coimbatore,Pepper,Local,54048.61,59648.68,56702.52,INR/quintal,"Coimbatore, Tamil Nadu, India",2021,4,6
2021-04-12,Pepper,Sulur,Black Pepper,Local,56842.13,62433.1,59165.67,INR/quintal,"Coimbatore, Tamil Nadu, India",2021,4,0
2021-04-13,Pepper,Coimbatore,Black Pepper,Local,52941.71,59217.96,55791.78,INR/quintal,"Coimbatore, Tamil Nadu, India",2021,4,1
2021-04-14,Pepper,Sulur,Pepper,Local,55429.43,60469.62,57620.76,INR/quintal,"Coimbatore, Tamil Nadu, India",2021,4,2
2021-04-15,Pepper,Mettupalayam,Black Pepper,Local,58687.85,64540.43,60961.71,INR/quintal,"Coimbatore, Tamil Nadu, India",2021,4,3
2021-04-16,Pepper,Mettupalayam,Pepper,Local,54252.96,59930.05,57505.98,INR/quintal,"Coimbatore, Tamil Nadu, India",2021,4,4
2021-04-17,Pepper,Mettupalayam,Pepper,Local,54878.41,61469.02,57648.07,INR/quintal,"Coimbatore, Tamil Nadu, India",2021,4,5
2021-04-18,Pepper,Sulur,Pepper,Local,52607.72,58336.43,55707.51,INR/quintal,"Coimbatore, Tamil Nadu, India",2021,4,6
2021-04-19,Pepper,Udumalpet,Pepper,Local,55280.52,61229.67,58498.03,INR/quintal,"Coimbatore, Tamil Nadu, India",2021,4,0
2021-04-20,Pepper,Coimbatore,Pepper,Local,53768.58,59642.76,56334.64,INR/quintal,"Coimbatore, Tamil Nadu, India",2021,4,1
2021-04-21,Pepper,Udumalpet,Black Pepper,Local,55957.59,62399.37,58992.86,INR/quintal,"Coimbatore, Tamil Nadu, India",2021,4,2
2021-04-22,Pepper,Coimbatore,Black Pepper,Local,54797.8,61102.44,58013.03,INR/quintal,"Coimbatore, Tamil Nadu, India",2021,4,3
2021-04-23,Pepper,Mettupalayam,Black Pepper,Local,53737.8,59892.25,56933.17,INR/quintal,"Coimbatore, Tamil Nadu, India",2021,4,4
2021-04-24,Pepper,Udumalpet,Pepper,Local,52780.92,58763.75,56036.85,INR/quintal,"Coimbatore, Tamil Nadu, India",2021,4,5
2021-04-25,Pepper,Udumalpet,Pepper,Local,54086.6,60889.26,57082.31,INR/quintal,"Coimbatore, Tamil Nadu, India",2021,4,6
2021-04-26,Pepper,Sulur,Black Pepper,Local,55279.68,60497.8,57864.65,INR/quintal,"Coimbatore, Tamil Nadu, India",2021,4,0
2021-04-27,Pepper,Udumalpet,Pepper,Local,54899.79,60595.04,57336.87,INR/quintal,"Coimbatore, Tamil Nadu, India",2021,4,1
2021-04-28,Pepper,Pollachi,Pepper,Local,55151.97,60766.01,57510.78,INR/quintal,"Coimbatore, Tamil Nadu, India",2021,4,2
2021-04-29,Pepper,Udumalpet,Pepper,Local,53622.87,60436.05,56786.11,INR/quintal,"Coimbatore, Tamil Nadu, India",2021,4,3
2021-04-30,Pepper,Pollachi,Pepper,Local,53417.15,58144.32,55690.85,INR/quintal,"Coimbatore, Tamil Nadu, India",2021,4,4
2021-05-01,Pepper,Mettupalayam,Pepper,Local,53956.43,59244.4,56681.93,INR/quintal,"Coimbatore, Tamil Nadu, India",2021,5,5
2021-05-02,Pepper,Sulur,Pepper,Local,53985.85,60440.0,57016.31,INR/quintal,"Coimbatore, Tamil Nadu, India",2021,5,6
2021-05-03,Pepper,Sulur,Black Pepper,Local,52034.33,57252.42,54838.44,INR/quintal,"Coimbatore, Tamil Nadu, India",2021,5,0
2021-05-04,Pepper,Pollachi,Black Pepper,Local,52959.98,59174.54,55621.78,INR/quintal,"Coimbatore, Tamil Nadu, India",2021,5,1
2021-05-05,Pepper,Mettupalayam,Pepper,Local,53251.96,59601.23,56034.61,INR/quintal,"Coimbatore, Tamil Nadu, India",2021,5,2
2021-05-06,Pepper,Pollachi,Black Pepper,Local,55900.42,61640.19,58309.28,INR/quintal,"Coimbatore, Tamil Nadu, India",2021,5,3
2021-05-07,Pepper,Sulur,Pepper,Local,54981.95,59819.77,57213.96,INR/quintal,"Coimbatore, Tamil Nadu, India",2021,5,4
2021-05-08,Pepper,Coimbatore,Black Pepper,Local,53441.13,58590.71,55867.37,INR/quintal,"Coimbatore, Tamil Nadu, India",2021,5,5
2021-05-09,Pepper,Udumalpet,Black Pepper,Local,53941.57,60268.54,56732.92,INR/quintal,"Coimbatore, Tamil Nadu, India",2021,5,6
2021-05-10,Pepper,Udumalpet,Black Pepper,Local,52871.88,59169.62,55849.21,INR/quintal,"Coimbatore, Tamil Nadu, India",2021,5,0
2021-05-11,Pepper,Pollachi,Black Pepper,Local,53183.28,59362.35,56407.02,INR/quintal,"Coimbatore, Tamil Nadu, India",2021,5,1
2021-05-12,Pepper,Coimbatore,Pepper,Local,54024.15,59446.22,56196.07,INR/quintal,"Coimbatore, Tamil Nadu, India",2021,5,2
2021-05-13,Pepper,Mettupalayam,Black Pepper,Local,52656.97,59577.95,55852.72,INR/quintal,"Coimbatore, Tamil Nadu, India",2021,5,3
2021-05-14,Pepper,Udumalpet,Pepper,Local,53720.67,59898.89,56076.27,INR/quintal,"Coimbatore, Tamil Nadu, India",2021,5,4
2021-05-15,Pepper,Coimbatore,Black Pepper,Local,51678.89,58097.63,54856.34,INR/quintal,"Coimbatore, Tamil Nadu, India",2021,5,5
2021-05-16,Pepper,Mettupalayam,Black Pepper,Local,53816.0,59341.56,56368.71,INR/quintal,"Coimbatore, Tamil Nadu, India",2021,5,6
2021-05-17,Pepper,Sulur,Pepper,Local,54578.09,60070.64,57387.34,INR/quintal,"Coimbatore, Tamil Nadu, India",2021,5,0
2021-05-18,Pepper,Sulur,Black Pepper,Local,52225.14,58540.08,55011.45,INR/quintal,"Coimbatore, Tamil Nadu, India",2021,5,1
2021-05-19,Pepper,Udumalpet,Black Pepper,Local,54362.99,59672.78,57072.06,INR/quintal,"Coimbatore, Tamil Nadu, India",2021,5,2
2021-05-20,Pepper,Udumalpet,Black Pepper,Local,53184.3,58850.0,55718.04,INR/quintal,"Coimbatore, Tamil Nadu, India",2021,5,3
2021-05-21,Pepper,Sulur,Black Pepper,Local,53773.53,58987.14,56125.83,INR/quintal,"Coimbatore, Tamil Nadu, India",2021,5,4
2021-05-22,Pepper,Mettupalayam,Pepper,Local,53328.25,59717.12,55968.64,INR/quintal,"Coimbatore, Tamil Nadu, India",2021,5,5
2021-05-23,Pepper,Coimbatore,Pepper,Local,53570.75,60485.92,56755.89,INR/quintal,"Coimbatore, Tamil Nadu, India",2021,5,6
2021-05-24,Pepper,Sulur,Pepper,Local,52721.25,58418.82,55847.14,INR/quintal,"Coimbatore, Tamil Nadu, India",2021,5,0
2021-05-25,Pepper,Mettupalayam,Black Pepper,Local,53188.7,60108.02,56379.49,INR/quintal,"Coimbatore, Tamil Nadu, India",2021,5,1
2021-05-26,Pepper,Pollachi,Pepper,Local,53209.86,59996.33,56344.85,INR/quintal,"Coimbatore, Tamil Nadu, India",2021,5,2
2021-05-27,Pepper,Pollachi,Pepper,Local,53934.02,60583.97,57068.23,INR/quintal,"Coimbatore, Tamil Nadu, India",2021,5,3
2021-05-28,Pepper,Sulur,Black Pepper,Local,52079.45,57945.82,54597.3,INR/quintal,"Coimbatore, Tamil Nadu, India",2021,5,4
2021-05-29,Pepper,Sulur,Pepper,Local,52748.67,59580.49,55851.61,INR/quintal,"Coimbatore, Tamil Nadu, India",2021,5,5
2021-05-30,Pepper,Mettupalayam,Pepper,Local,50865.35,57380.15,53790.65,INR/quintal,"Coimbatore, Tamil Nadu, India",2021,5,6
2021-05-31,Pepper,Coimbatore,Black Pepper,Local,53956.11,59867.15,56203.17,INR/quintal,"Coimbatore, Tamil Nadu, India",2021,5,0
2021-06-01,Pepper,Sulur,Pepper,Local,51301.17,57045.25,54344.06,INR/quintal,"Coimbatore, Tamil Nadu, India",2021,6,1
2021-06-02,Pepper,Coimbatore,Pepper,Local,53185.18,58012.97,55494.05,INR/quintal,"Coimbatore, Tamil Nadu, India",2021,6,2
2021-06-03,Pepper,Udumalpet,Pepper,Local,54592.62,60877.07,57107.03,INR/quintal,"Coimbatore, Tamil Nadu, India",2021,6,3
2021-06-04,Pepper,Coimbatore,Black Pepper,Local,52476.6,58304.82,55317.08,INR/quintal,"Coimbatore, Tamil Nadu, India",2021,6,4
2021-06-05,Pepper,Sulur,Black Pepper,Local,51617.44,56755.64,53844.76,INR/quintal,"Coimbatore, Tamil Nadu, India",2021,6,5
2021-06-06,Pepper,Pollachi,Black Pepper,Local,52197.68,57659.66,54499.22,INR/quintal,"Coimbatore, Tamil Nadu, India",2021,6,6
2021-06-07,Pepper,Mettupalayam,Black Pepper,Local,52966.73,59014.27,55450.88,INR/quintal,"Coimbatore, Tamil Nadu, India",2021,6,0
2021-06-08,Pepper,Coimbatore,Black Pepper,Local,51895.53,56454.76,54026.63,INR/quintal,"Coimbatore, Tamil Nadu, India",2021,6,1
2021-06-09,Pepper,Mettupalayam,Black Pepper,Local,51269.33,56825.69,54312.21,INR/quintal,"Coimbatore, Tamil Nadu, India",2021,6,2
2021-06-10,Pepper,Coimbatore,Pepper,Local,51570.63,58348.86,54724.53,INR/quintal,"Coimbatore, Tamil Nadu, India",2021,6,3
2021-06-11,Pepper,Pollachi,Pepper,Local,54409.12,59615.07,56543.02,INR/quintal,"Coimbatore, Tamil Nadu, India",2021,6,4
2021-06-12,Pepper,Pollachi,Black Pepper,Local,51038.21,57406.3,54104.1,INR/quintal,"Coimbatore, Tamil Nadu, India",2021,6,5
2021-06-13,Pepper,Pollachi,Black Pepper,Local,50559.97,55836.53,53098.85,INR/quintal,"Coimbatore, Tamil Nadu, India",2021,6,6
2021-06-14,Pepper,Udumalpet,Pepper,Local,51478.08,58019.91,54712.39,INR/quintal,"Coimbatore, Tamil Nadu, India",2021,6,0
2021-06-15,Pepper,Sulur,Pepper,Local,50599.4,56100.1,53039.18,INR/quintal,"Coimbatore, Tamil Nadu, India",2021,6,1
2021-06-16,Pepper,Sulur,Black Pepper,Local,51390.42,57720.18,54698.63,INR/quintal,"Coimbatore, Tamil Nadu, India",2021,6,2
2021-06-17,Pepper,Coimbatore,Pepper,Local,51815.21,57933.68,55030.09,INR/quintal,"Coimbatore, Tamil Nadu, India",2021,6,3
2021-06-18,Pepper,Pollachi,Pepper,Local,51040.94,56580.58,53601.76,INR/quintal,"Coimbatore, Tamil Nadu, India",2021,6,4
2021-06-19,Pepper,Pollachi,Black Pepper,Local,50790.0,56504.34,53156.15,INR/quintal,"Coimbatore, Tamil Nadu, India",2021,6,5
2021-06-20,Pepper,Udumalpet,Black Pepper,Local,50445.51,56224.94,52691.4,INR/quintal,"Coimbatore, Tamil Nadu, India",2021,6,6
2021-06-21,Pepper,Udumalpet,Pepper,Local,53952.97,60250.84,56412.94,INR/quintal,"Coimbatore, Tamil Nadu, India",2021,6,0
2021-06-22,Pepper,Sulur,Pepper,Local,50803.63,56141.63,53564.72,INR/quintal,"Coimbatore, Tamil Nadu, India",2021,6,1
2021-06-23,Pepper,Sulur,Black Pepper,Local,50830.06,55986.18,53010.32,INR/quintal,"Coimbatore, Tamil Nadu, India",2021,6,2
2021-06-24,Pepper,Pollachi,Pepper,Local,50138.92,56474.52,52867.63,INR/quintal,"Coimbatore, Tamil Nadu, India",2021,6,3
2021-06-25,Pepper,Coimbatore,Black Pepper,Local,48442.66,53965.04,51172.27,INR/quintal,"Coimbatore, Tamil Nadu, India",2021,6,4
2021-06-26,Pepper,Udumalpet,Black Pepper,Local,50010.49,57055.53,53243.75,INR/quintal,"Coimbatore, Tamil Nadu, India",2021,6,5
2021-06-27,Pepper,Udumalpet,Pepper,Local,48471.85,54864.55,51287.24,INR/quintal,"Coimbatore, Tamil Nadu, India",2021,6,6
2021-06-28,Pepper,Coimbatore,Pepper,Local,49532.96,55750.07,52728.07,INR/quintal,"Coimbatore, Tamil Nadu, India",2021,6,0
2021-06-29,Pepper,Udumalpet,Black Pepper,Local,51087.89,56172.49,53300.5,INR/quintal,"Coimbatore, Tamil Nadu, India",2021,6,1
2021-06-30,Pepper,Mettupalayam,Black Pepper,Local,50787.37,55961.16,52933.84,INR/quintal,"Coimbatore, Tamil Nadu, India",2021,6,2
2021-07-01,Pepper,Sulur,Pepper,Local,49178.16,55201.23,52457.15,INR/quintal,"Coimbatore, Tamil Nadu, India",2021,7,3
2021-07-02,Pepper,Coimbatore,Black Pepper,Local,48211.23,54151.25,50917.58,INR/quintal,"Coimbatore, Tamil Nadu, India",2021,7,4
2021-07-03,Pepper,Udumalpet,Pepper,Local,47659.17,54569.46,50922.89,INR/quintal,"Coimbatore, Tamil Nadu, India",2021,7,5
2021-07-04,Pepper,Pollachi,Pepper,Local,49954.14,55590.91,52119.7,INR/quintal,"Coimbatore, Tamil Nadu, India",2021,7,6
2021-07-05,Pepper,Udumalpet,Black Pepper,Local,49485.26,54979.14,52200.27,INR/quintal,"Coimbatore, Tamil Nadu, India",2021,7,0
2021-07-06,Pepper,Pollachi,Pepper,Local,47376.91,52015.31,49592.3,INR/quintal,"Coimbatore, Tamil Nadu, India",2021,7,1
2021-07-07,Pepper,Pollachi,Pepper,Local,49998.88,55028.66,52368.69,INR/quintal,"Coimbatore, Tamil Nadu, India",2021,7,2
2021-07-08,Pepper,Coimbatore,Black Pepper,Local,48743.47,54965.99,51892.14,INR/quintal,"Coimbatore, Tamil Nadu, India",2021,7,3
2021-07-09,Pepper,Pollachi,Black Pepper,Local,47423.16,54269.09,50663.33,INR/quintal,"Coimbatore, Tamil Nadu, India",2021,7,4
2021-07-10,Pepper,Udumalpet,Pepper,Local,47170.33,52949.44,50231.14,INR/quintal,"Coimbatore, Tamil Nadu, India",2021,7,5
2021-07-11,Pepper,Pollachi,Black Pepper,Local,48161.47,54003.16,51196.24,INR/quintal,"Coimbatore, Tamil Nadu, India",2021,7,6
2021-07-12,Pepper,Coimbatore,Black Pepper,Local,47791.08,54903.84,51126.22,INR/quintal,"Coimbatore, Tamil Nadu, India",2021,7,0
2021-07-13,Pepper,Coimbatore,Pepper,Local,47849.48,54931.55,51202.86,INR/quintal,"Coimbatore, Tamil Nadu, India",2021,7,1
2021-07-14,Pepper,Sulur,Black Pepper,Local,48267.07,53341.99,50938.81,INR/quintal,"Coimbatore, Tamil Nadu, India",2021,7,2
2021-07-15,Pepper,Sulur,Black Pepper,Local,50599.26,57033.83,53304.43,INR/quintal,"Coimbatore, Tamil Nadu, India",2021,7,3
2021-07-16,Pepper,Sulur,Black Pepper,Local,47026.68,53827.96,50255.21,INR/quintal,"Coimbatore, Tamil Nadu, India",2021,7,4
2021-07-17,Pepper,Udumalpet,Pepper,Local,50709.55,55831.6,53204.65,INR/quintal,"Coimbatore, Tamil Nadu, India",2021,7,5
2021-07-18,Pepper,Sulur,Pepper,Local,45943.22,52112.01,48866.77,INR/quintal,"Coimbatore, Tamil Nadu, India",2021,7,6
2021-07-19,Pepper,Mettupalayam,Black Pepper,Local,48025.11,52672.72,50180.25,INR/quintal,"Coimbatore, Tamil Nadu, India",2021,7,0
2021-07-20,Pepper,Pollachi,Pepper,Local,45432.43,52247.03,48653.81,INR/quintal,"Coimbatore, Tamil Nadu, India",2021,7,1
2021-07-21,Pepper,Pollachi,Black Pepper,Local,48786.8,55287.42,51468.74,INR/quintal,"Coimbatore, Tamil Nadu, India",2021,7,2
2021-07-22,Pepper,Sulur,Black Pepper,Local,47341.52,52077.72,49565.29,INR/quintal,"Coimbatore, Tamil Nadu, India",2021,7,3
2021-07-23,Pepper,Sulur,Pepper,Local,46931.44,52486.4,49997.63,INR/quintal,"Coimbatore, Tamil Nadu, India",2021,7,4
2021-07-24,Pepper,Mettupalayam,Black Pepper,Local,47911.92,53106.84,50493.38,INR/quintal,"Coimbatore, Tamil Nadu, India",2021,7,5
2021-07-25,Pepper,Mettupalayam,Pepper,Local,45062.04,51157.91,48256.9,INR/quintal,"Coimbatore, Tamil Nadu, India",2021,7,6
2021-07-26,Pepper,Sulur,Pepper,Local,46472.83,51874.89,49324.42,INR/quintal,"Coimbatore, Tamil Nadu, India",2021,7,0
2021-07-27,Pepper,Pollachi,Black Pepper,Local,47199.43,53594.9,50311.73,INR/quintal,"Coimbatore, Tamil Nadu, India",2021,7,1
2021-07-28,Pepper,Udumalpet,Pepper,Local,47265.04,53468.34,50554.28,INR/quintal,"Coimbatore, Tamil Nadu, India",2021,7,2
2021-07-29,Pepper,Udumalpet,Pepper,Local,47889.55,52941.67,50059.81,INR/quintal,"Coimbatore, Tamil Nadu, India",2021,7,3
2021-07-30,Pepper,Coimbatore,Pepper,Local,46584.1,52610.82,49033.33,INR/quintal,"Coimbatore, Tamil Nadu, India",2021,7,4
2021-07-31,Pepper,Udumalpet,Pepper,Local,47953.26,52515.84,50072.14,INR/quintal,"Coimbatore, Tamil Nadu, India",2021,7,5
2021-08-01,Pepper,Pollachi,Black Pepper,Local,46888.19,52696.65,50210.1,INR/quintal,"Coimbatore, Tamil Nadu, India",2021,8,6
2021-08-02,Pepper,Sulur,Pepper,Local,47636.95,53245.32,50194.58,INR/quintal,"Coimbatore, Tamil Nadu, India",2021,8,0
2021-08-03,Pepper,Coimbatore,Black Pepper,Local,47734.67,54126.02,50817.88,INR/quintal,"Coimbatore, Tamil Nadu, India",2021,8,1
2021-08-04,Pepper,Mettupalayam,Black Pepper,Local,46608.69,51807.07,49401.26,INR/quintal,"Coimbatore, Tamil Nadu, India",2021,8,2
2021-08-05,Pepper,Pollachi,Pepper,Local,47519.36,53119.16,50542.71,INR/quintal,"Coimbatore, Tamil Nadu, India",2021,8,3
2021-08-06,Pepper,Pollachi,Black Pepper,Local,46529.16,52450.04,49655.2,INR/quintal,"Coimbatore, Tamil Nadu, India",2021,8,4
2021-08-07,Pepper,Mettupalayam,Pepper,Local,45604.35,51782.8,48453.68,INR/quintal,"Coimbatore, Tamil Nadu, India",2021,8,5
2021-08-08,Pepper,Coimbatore,Pepper,Local,46052.97,51926.43,49242.66,INR/quintal,"Coimbatore, Tamil Nadu, India",2021,8,6
2021-08-09,Pepper,Mettupalayam,Pepper,Local,46433.04,52212.8,49442.65,INR/quintal,"Coimbatore, Tamil Nadu, India",2021,8,0
2021-08-10,Pepper,Mettupalayam,Black Pepper,Local,46851.26,53249.88,49534.27,INR/quintal,"Coimbatore, Tamil Nadu, India",2021,8,1
2021-08-11,Pepper,Mettupalayam,Black Pepper,Local,45827.05,50927.03,48086.37,INR/quintal,"Coimbatore, Tamil Nadu, India",2021,8,2
2021-08-12,Pepper,Coimbatore,Pepper,Local,45720.28,52027.54,48265.63,INR/quintal,"Coimbatore, Tamil Nadu, India",2021,8,3
2021-08-13,Pepper,Udumalpet,Pepper,Local,45278.95,50979.35,48137.94,INR/quintal,"Coimbatore, Tamil Nadu, India",2021,8,4
2021-08-14,Pepper,Coimbatore,Pepper,Local,46334.16,52491.46,48797.01,INR/quintal,"Coimbatore, Tamil Nadu, India",2021,8,5
2021-08-15,Pepper,Mettupalayam,Black Pepper,Local,46023.15,51452.28,48545.26,INR/quintal,"Coimbatore, Tamil Nadu, India",2021,8,6
2021-08-16,Pepper,Pollachi,Black Pepper,Local,46603.48,52502.41,49410.06,INR/quintal,"Coimbatore, Tamil Nadu, India",2021,8,0
2021-08-17,Pepper,Mettupalayam,Black Pepper,Local,46670.47,53256.28,49504.73,INR/quintal,"Coimbatore, Tamil Nadu, India",2021,8,1
2021-08-18,Pepper,Mettupalayam,Pepper,Local,47415.11,52130.88,49582.54,INR/quintal,"Coimbatore, Tamil Nadu, India",2021,8,2
2021-08-19,Pepper,Udumalpet,Black Pepper,Local,45795.6,52227.45,48410.82,INR/quintal,"Coimbatore, Tamil Nadu, India",2021,8,3
2021-08-20,Pepper,Coimbatore,Pepper,Local,45092.93,50391.76,47939.0,INR/quintal,"Coimbatore, Tamil Nadu, India",2021,8,4
2021-08-21,Pepper,Udumalpet,Black Pepper,Local,46831.05,52286.92,48938.48,INR/quintal,"Coimbatore, Tamil Nadu, India",2021,8,5
2021-08-22,Pepper,Pollachi,Pepper,Local,45044.04,50749.85,48020.19,INR/quintal,"Coimbatore, Tamil Nadu, India",2021,8,6
2021-08-23,Pepper,Sulur,Black Pepper,Local,46868.78,52927.21,49112.04,INR/quintal,"Coimbatore, Tamil Nadu, India",2021,8,0
2021-08-24,Pepper,Mettupalayam,Pepper,Local,44237.19,49171.01,46586.44,INR/quintal,"Coimbatore, Tamil Nadu, India",2021,8,1
2021-08-25,Pepper,Sulur,Black Pepper,Local,46496.87,52197.7,48901.82,INR/quintal,"Coimbatore, Tamil Nadu, India",2021,8,2
2021-08-26,Pepper,Mettupalayam,Pepper,Local,44646.6,50993.83,47319.25,INR/quintal,"Coimbatore, Tamil Nadu, India",2021,8,3
2021-08-27,Pepper,Pollachi,Pepper,Local,46744.42,52621.33,49339.38,INR/quintal,"Coimbatore, Tamil Nadu, India",2021,8,4
2021-08-28,Pepper,Coimbatore,Pepper,Local,44015.83,49816.69,46282.22,INR/quintal,"Coimbatore, Tamil Nadu, India",2021,8,5
2021-08-29,Pepper,Pollachi,Pepper,Local,46562.38,53227.32,49883.5,INR/quintal,"Coimbatore, Tamil Nadu, India",2021,8,6
2021-08-30,Pepper,Mettupalayam,Pepper,Local,44788.36,50924.6,47264.29,INR/quintal,"Coimbatore, Tamil Nadu, India",2021,8,0
2021-08-31,Pepper,Sulur,Pepper,Local,46070.5,51968.51,48507.23,INR/quintal,"Coimbatore, Tamil Nadu, India",2021,8,1
2021-09-01,Pepper,Mettupalayam,Black Pepper,Local,46106.68,52392.2,48697.49,INR/quintal,"Coimbatore, Tamil Nadu, India",2021,9,2
2021-09-02,Pepper,Udumalpet,Black Pepper,Local,44181.5,50406.09,46794.91,INR/quintal,"Coimbatore, Tamil Nadu, India",2021,9,3
2021-09-03,Pepper,Udumalpet,Pepper,Local,43948.33,49333.1,46109.3,INR/quintal,"Coimbatore, Tamil Nadu, India",2021,9,4
2021-09-04,Pepper,Udumalpet,Pepper,Local,45479.32,51565.52,47882.96,INR/quintal,"Coimbatore, Tamil Nadu, India",2021,9,5
2021-09-05,Pepper,Sulur,Pepper,Local,45014.26,50979.94,48091.7,INR/quintal,"Coimbatore, Tamil Nadu, India",2021,9,6
2021-09-06,Pepper,Udumalpet,Black Pepper,Local,44939.76,51199.71,48188.66,INR/quintal,"Coimbatore, Tamil Nadu, India",2021,9,0
2021-09-07,Pepper,Udumalpet,Black Pepper,Local,45079.11,50452.83,47790.98,INR/quintal,"Coimbatore, Tamil Nadu, India",2021,9,1
2021-09-08,Pepper,Coimbatore,Pepper,Local,45420.41,52104.87,48700.93,INR/quintal,"Coimbatore, Tamil Nadu, India",2021,9,2
2021-09-09,Pepper,Mettupalayam,Black Pepper,Local,45112.54,50947.75,47746.13,INR/quintal,"Coimbatore, Tamil Nadu, India",2021,9,3
2021-09-10,Pepper,Mettupalayam,Pepper,Local,45777.69,51863.48,48089.13,INR/quintal,"Coimbatore, Tamil Nadu, India",2021,9,4
2021-09-11,Pepper,Pollachi,Black Pepper,Local,43974.07,50143.34,46676.62,INR/quintal,"Coimbatore, Tamil Nadu, India",2021,9,5
2021-09-12,Pepper,Mettupalayam,Pepper,Local,45408.31,50976.68,47795.99,INR/quintal,"Coimbatore, Tamil Nadu, India",2021,9,6
2021-09-13,Pepper,Mettupalayam,Pepper,Local,44067.43,50051.51,47071.17,INR/quintal,"Coimbatore, Tamil Nadu, India",2021,9,0
2021-09-14,Pepper,Sulur,Black Pepper,Local,43701.87,49547.33,47045.24,INR/quintal,"Coimbatore, Tamil Nadu, India",2021,9,1
2021-09-15,Pepper,Udumalpet,Black Pepper,Local,43046.91,48381.59,45957.8,INR/quintal,"Coimbatore, Tamil Nadu, India",2021,9,2
2021-09-16,Pepper,Pollachi,Pepper,Local,44436.39,50585.27,47312.51,INR/quintal,"Coimbatore, Tamil Nadu, India",2021,9,3
2021-09-17,Pepper,Pollachi,Pepper,Local,44594.38,51422.19,47740.53,INR/quintal,"Coimbatore, Tamil Nadu, India",2021,9,4
2021-09-18,Pepper,Coimbatore,Pepper,Local,43953.14,49207.33,46383.84,INR/quintal,"Coimbatore, Tamil Nadu, India",2021,9,5
2021-09-19,Pepper,Coimbatore,Black Pepper,Local,43578.41,50226.21,46716.27,INR/quintal,"Coimbatore, Tamil Nadu, India",2021,9,6
2021-09-20,Pepper,Coimbatore,Black Pepper,Local,43558.72,49164.32,46162.48,INR/quintal,"Coimbatore, Tamil Nadu, India",2021,9,0
2021-09-21,Pepper,Udumalpet,Pepper,Local,42807.0,49322.94,45894.01,INR/quintal,"Coimbatore, Tamil Nadu, India",2021,9,1
2021-09-22,Pepper,Mettupalayam,Pepper,Local,42689.93,48209.23,45801.93,INR/quintal,"Coimbatore, Tamil Nadu, India",2021,9,2
2021-09-23,Pepper,Pollachi,Pepper,Local,43130.18,50127.79,46315.11,INR/quintal,"Coimbatore, Tamil Nadu, India",2021,9,3
2021-09-24,Pepper,Coimbatore,Pepper,Local,42375.0,47561.54,45134.44,INR/quintal,"Coimbatore, Tamil Nadu, India",2021,9,4
2021-09-25,Pepper,Coimbatore,Black Pepper,Local,46147.25,52079.01,48732.11,INR/quintal,"Coimbatore, Tamil Nadu, India",2021,9,5
2021-09-26,Pepper,Udumalpet,Pepper,Local,43417.33,49938.57,46228.95,INR/quintal,"Coimbatore, Tamil Nadu, India",2021,9,6
2021-09-27,Pepper,Sulur,Black Pepper,Local,43961.55,50139.8,46941.19,INR/quintal,"Coimbatore, Tamil Nadu, India",2021,9,0
2021-09-28,Pepper,Coimbatore,Pepper,Local,42953.25,49181.65,45973.19,INR/quintal,"Coimbatore, Tamil Nadu, India",2021,9,1
2021-09-29,Pepper,Pollachi,Pepper,Local,43483.83,49527.03,46125.27,INR/quintal,"Coimbatore, Tamil Nadu, India",2021,9,2
2021-09-30,Pepper,Mettupalayam,Pepper,Local,43977.28,49335.27,46505.52,INR/quintal,"Coimbatore, Tamil Nadu, India",2021,9,3
2021-10-01,Pepper,Udumalpet,Black Pepper,Local,45913.4,51567.88,48533.92,INR/quintal,"Coimbatore, Tamil Nadu, India",2021,10,4
2021-10-02,Pepper,Udumalpet,Pepper,Local,42969.55,48737.22,46184.84,INR/quintal,"Coimbatore, Tamil Nadu, India",2021,10,5
2021-10-03,Pepper,Coimbatore,Pepper,Local,45839.87,51579.25,48085.36,INR/quintal,"Coimbatore, Tamil Nadu, India",2021,10,6
2021-10-04,Pepper,Coimbatore,Pepper,Local,43744.59,50685.87,46879.39,INR/quintal,"Coimbatore, Tamil Nadu, India",2021,10,0
2021-10-05,Pepper,Mettupalayam,Pepper,Local,45963.56,50992.49,48525.8,INR/quintal,"Coimbatore, Tamil Nadu, India",2021,10,1
2021-10-06,Pepper,Pollachi,Pepper,Local,45547.23,50894.05,48364.77,INR/quintal,"Coimbatore, Tamil Nadu, India",2021,10,2
2021-10-07,Pepper,Coimbatore,Pepper,Local,42240.93,47572.3,44706.02,INR/quintal,"Coimbatore, Tamil Nadu, India",2021,10,3
2021-10-08,Pepper,Mettupalayam,Pepper,Local,43425.28,49057.73,46495.76,INR/quintal,"Coimbatore, Tamil Nadu, India",2021,10,4
2021-10-09,Pepper,Mettupalayam,Black Pepper,Local,44490.19,50806.85,47609.44,INR/quintal,"Coimbatore, Tamil Nadu, India",2021,10,5
2021-10-10,Pepper,Mettupalayam,Black Pepper,Local,45095.97,51570.0,48230.84,INR/quintal,"Coimbatore, Tamil Nadu, India",2021,10,6
2021-10-11,Pepper,Coimbatore,Pepper,Local,43439.61,48355.15,45669.0,INR/quintal,"Coimbatore, Tamil Nadu, India",2021,10,0
2021-10-12,Pepper,Sulur,Pepper,Local,44928.43,51513.29,47810.29,INR/quintal,"Coimbatore, Tamil Nadu, India",2021,10,1
2021-10-13,Pepper,Coimbatore,Pepper,Local,45693.97,50679.08,48138.2,INR/quintal,"Coimbatore, Tamil Nadu, India",2021,10,2
2021-10-14,Pepper,Sulur,Pepper,Local,45827.5,51249.93,47977.77,INR/quintal,"Coimbatore, Tamil Nadu, India",2021,10,3
2021-10-15,Pepper,Pollachi,Black Pepper,Local,45360.26,50870.85,47499.38,INR/quintal,"Coimbatore, Tamil Nadu, India",2021,10,4
2021-10-16,Pepper,Sulur,Black Pepper,Local,45059.25,51452.98,47637.81,INR/quintal,"Coimbatore, Tamil Nadu, India",2021,10,5
2021-10-17,Pepper,Udumalpet,Black Pepper,Local,44226.36,50284.69,46539.98,INR/quintal,"Coimbatore, Tamil Nadu, India",2021,10,6
2021-10-18,Pepper,Sulur,Pepper,Local,45322.21,50996.04,47785.57,INR/quintal,"Coimbatore, Tamil Nadu, India",2021,10,0
2021-10-19,Pepper,Mettupalayam,Black Pepper,Local,43459.32,49365.39,46420.28,INR/quintal,"Coimbatore, Tamil Nadu, India",2021,10,1
2021-10-20,Pepper,Sulur,Pepper,Local,45326.89,51252.08,47781.46,INR/quintal,"Coimbatore, Tamil Nadu, India",2021,10,2
2021-10-21,Pepper,Pollachi,Pepper,Local,45263.01,50315.75,47881.86,INR/quintal,"Coimbatore, Tamil Nadu, India",2021,10,3
2021-10-22,Pepper,Mettupalayam,Black Pepper,Local,44146.01,50678.47,47450.87,INR/quintal,"Coimbatore, Tamil Nadu, India",2021,10,4
2021-10-23,Pepper,Pollachi,Pepper,Local,44000.86,50185.84,46577.8,INR/quintal,"Coimbatore, Tamil Nadu, India",2021,10,5
2021-10-24,Pepper,Pollachi,Black Pepper,Local,44263.88,49595.27,46433.87,INR/quintal,"Coimbatore, Tamil Nadu, India",2021,10,6
2021-10-25,Pepper,Udumalpet,Pepper,Local,44670.26,50831.23,47297.95,INR/quintal,"Coimbatore, Tamil Nadu, India",2021,10,0
2021-10-26,Pepper,Mettupalayam,Pepper,Local,44133.76,50589.17,47308.5,INR/quintal,"Coimbatore, Tamil Nadu, India",2021,10,1
2021-10-27,Pepper,Udumalpet,Black Pepper,Local,44879.92,50284.12,47365.88,INR/quintal,"Coimbatore, Tamil Nadu, India",2021,10,2
2021-10-28,Pepper,Sulur,Pepper,Local,45832.7,52191.5,48622.78,INR/quintal,"Coimbatore, Tamil Nadu, India",2021,10,3
2021-10-29,Pepper,Pollachi,Black Pepper,Local,44162.4,48977.93,46353.74,INR/quintal,"Coimbatore, Tamil Nadu, India",2021,10,4
2021-10-30,Pepper,Udumalpet,Black Pepper,Local,44430.55,50058.71,46994.25,INR/quintal,"Coimbatore, Tamil Nadu, India",2021,10,5
2021-10-31,Pepper,Udumalpet,Black Pepper,Local,43591.81,49569.12,46832.01,INR/quintal,"Coimbatore, Tamil Nadu, India",2021,10,6
2021-11-01,Pepper,Coimbatore,Pepper,Local,43841.08,49821.22,46458.32,INR/quintal,"Coimbatore, Tamil Nadu, India",2021,11,0
2021-11-02,Pepper,Sulur,Pepper,Local,46287.08,51840.2,49058.31,INR/quintal,"Coimbatore, Tamil Nadu, India",2021,11,1
2021-11-03,Pepper,Udumalpet,Black Pepper,Local,45875.64,51952.08,48439.51,INR/quintal,"Coimbatore, Tamil Nadu, India",2021,11,2
2021-11-04,Pepper,Udumalpet,Pepper,Local,44232.34,50005.94,47009.28,INR/quintal,"Coimbatore, Tamil Nadu, India",2021,11,3
2021-11-05,Pepper,Pollachi,Black Pepper,Local,43268.16,49501.01,46332.16,INR/quintal,"Coimbatore, Tamil Nadu, India",2021,11,4
2021-11-06,Pepper,Pollachi,Black Pepper,Local,44792.58,51098.7,48139.71,INR/quintal,"Coimbatore, Tamil Nadu, India",2021,11,5
2021-11-07,Pepper,Mettupalayam,Black Pepper,Local,43184.61,49077.98,46170.55,INR/quintal,"Coimbatore, Tamil Nadu, India",2021,11,6
2021-11-08,Pepper,Coimbatore,Pepper,Local,46501.99,51817.89,49013.4,INR/quintal,"Coimbatore, Tamil Nadu, India",2021,11,0
2021-11-09,Pepper,Udumalpet,Black Pepper,Local,45606.39,51451.18,48401.74,INR/quintal,"Coimbatore, Tamil Nadu, India",2021,11,1
2021-11-10,Pepper,Udumalpet,Pepper,Local,45317.19,51548.86,48510.59,INR/quintal,"Coimbatore, Tamil Nadu, India",2021,11,2
2021-11-11,Pepper,Pollachi,Black Pepper,Local,45749.61,52115.56,48686.87,INR/quintal,"Coimbatore, Tamil Nadu, India",2021,11,3
2021-11-12,Pepper,Mettupalayam,Black Pepper,Local,45924.44,51570.85,49123.71,INR/quintal,"Coimbatore, Tamil Nadu, India",2021,11,4
2021-11-13,Pepper,Coimbatore,Black Pepper,Local,46568.78,52548.49,49541.15,INR/quintal,"Coimbatore, Tamil Nadu, India",2021,11,5
2021-11-14,Pepper,Sulur,Pepper,Local,45485.9,51866.07,48733.63,INR/quintal,"Coimbatore, Tamil Nadu, India",2021,11,6
2021-11-15,Pepper,Mettupalayam,Pepper,Local,46868.26,52170.43,49520.12,INR/quintal,"Coimbatore, Tamil Nadu, India",2021,11,0
2021-11-16,Pepper,Udumalpet,Black Pepper,Local,45087.94,51581.42,47943.79,INR/quintal,"Coimbatore, Tamil Nadu, India",2021,11,1
2021-11-17,Pepper,Pollachi,Pepper,Local,47474.73,53004.13,49783.72,INR/quintal,"Coimbatore, Tamil Nadu, India",2021,11,2
2021-11-18,Pepper,Sulur,Black Pepper,Local,47212.96,52474.69,49500.84,INR/quintal,"Coimbatore, Tamil Nadu, India",2021,11,3
2021-11-19,Pepper,Coimbatore,Black Pepper,Local,45307.49,51318.9,48387.52,INR/quintal,"Coimbatore, Tamil Nadu, India",2021,11,4
2021-11-20,Pepper,Udumalpet,Black Pepper,Local,47029.64,53179.35,49593.58,INR/quintal,"Coimbatore, Tamil Nadu, India",2021,11,5
2021-11-21,Pepper,Sulur,Black Pepper,Local,48384.59,53577.94,50723.95,INR/quintal,"Coimbatore, Tamil Nadu, India",2021,11,6
2021-11-22,Pepper,Coimbatore,Black Pepper,Local,46530.29,52475.08,49049.54,INR/quintal,"Coimbatore, Tamil Nadu, India",2021,11,0
2021-11-23,Pepper,Udumalpet,Pepper,Local,47058.39,51806.53,49170.03,INR/quintal,"Coimbatore, Tamil Nadu, India",2021,11,1
2021-11-24,Pepper,Coimbatore,Black Pepper,Local,47784.87,53681.87,50285.08,INR/quintal,"Coimbatore, Tamil Nadu, India",2021,11,2
2021-11-25,Pepper,Pollachi,Pepper,Local,46002.1,51549.42,48772.73,INR/quintal,"Coimbatore, Tamil Nadu, India",2021,11,3
2021-11-26,Pepper,Udumalpet,Black Pepper,Local,46818.19,52551.51,49336.13,INR/quintal,"Coimbatore, Tamil Nadu, India",2021,11,4
2021-11-27,Pepper,Sulur,Black Pepper,Local,47002.46,51663.96,49212.85,INR/quintal,"Coimbatore, Tamil Nadu, India",2021,11,5
2021-11-28,Pepper,Pollachi,Pepper,Local,45548.34,50928.28,48526.86,INR/quintal,"Coimbatore, Tamil Nadu, India",2021,11,6
2021-11-29,Pepper,Udumalpet,Black Pepper,Local,45509.4,51555.67,48706.02,INR/quintal,"Coimbatore, Tamil Nadu, India",2021,11,0
2021-11-30,Pepper,Sulur,Pepper,Local,48262.94,53936.6,50642.77,INR/quintal,"Coimbatore, Tamil Nadu, India",2021,11,1
2021-12-01,Pepper,Mettupalayam,Pepper,Local,46458.85,52619.56,49810.58,INR/quintal,"Coimbatore, Tamil Nadu, India",2021,12,2
2021-12-02,Pepper,Pollachi,Pepper,Local,45285.74,52221.77,48560.69,INR/quintal,"Coimbatore, Tamil Nadu, India",2021,12,3
2021-12-03,Pepper,Udumalpet,Black Pepper,Local,47879.74,54454.83,50917.05,INR/quintal,"Coimbatore, Tamil Nadu, India",2021,12,4
2021-12-04,Pepper,Sulur,Pepper,Local,46450.6,51733.84,48721.27,INR/quintal,"Coimbatore, Tamil Nadu, India",2021,12,5
2021-12-05,Pepper,Udumalpet,Black Pepper,Local,45717.6,51662.2,48786.27,INR/quintal,"Coimbatore, Tamil Nadu, India",2021,12,6
2021-12-06,Pepper,Coimbatore,Pepper,Local,46656.3,52632.6,49708.93,INR/quintal,"Coimbatore, Tamil Nadu, India",2021,12,0
2021-12-07,Pepper,Udumalpet,Black Pepper,Local,46895.75,53699.16,49958.9,INR/quintal,"Coimbatore, Tamil Nadu, India",2021,12,1
2021-12-08,Pepper,Coimbatore,Pepper,Local,47673.63,52935.79,50303.47,INR/quintal,"Coimbatore, Tamil Nadu, India",2021,12,2
2021-12-09,Pepper,Mettupalayam,Black Pepper,Local,47751.05,53120.57,49880.43,INR/quintal,"Coimbatore, Tamil Nadu, India",2021,12,3
2021-12-10,Pepper,Coimbatore,Pepper,Local,48741.52,54954.38,51520.89,INR/quintal,"Coimbatore, Tamil Nadu, India",2021,12,4
2021-12-11,Pepper,Coimbatore,Black Pepper,Local,48133.54,54335.98,50595.02,INR/quintal,"Coimbatore, Tamil Nadu, India",2021,12,5
2021-12-12,Pepper,Sulur,Pepper,Local,47280.44,53425.41,50574.81,INR/quintal,"Coimbatore, Tamil Nadu, India",2021,12,6
2021-12-13,Pepper,Pollachi,Black Pepper,Local,48406.09,54332.49,51301.66,INR/quintal,"Coimbatore, Tamil Nadu, India",2021,12,0
2021-12-14,Pepper,Coimbatore,Black Pepper,Local,48941.64,53772.29,51357.15,INR/quintal,"Coimbatore, Tamil Nadu, India",2021,12,1
2021-12-15,Pepper,Pollachi,Pepper,Local,49448.49,55661.37,51933.07,INR/quintal,"Coimbatore, Tamil Nadu, India",2021,12,2
2021-12-16,Pepper,Mettupalayam,Black Pepper,Local,47132.41,53544.26,49970.63,INR/quintal,"Coimbatore, Tamil Nadu, India",2021,12,3
2021-12-17,Pepper,Mettupalayam,Black Pepper,Local,49909.88,56154.76,52412.41,INR/quintal,"Coimbatore, Tamil Nadu, India",2021,12,4
2021-12-18,Pepper,Coimbatore,Black Pepper,Local,48474.3,54006.4,51299.34,INR/quintal,"Coimbatore, Tamil Nadu, India",2021,12,5
2021-12-19,Pepper,Udumalpet,Pepper,Local,48627.16,54644.62,51262.01,INR/quintal,"Coimbatore, Tamil Nadu, India",2021,12,6
2021-12-20,Pepper,Coimbatore,Black Pepper,Local,47683.26,52848.51,50007.58,INR/quintal,"Coimbatore, Tamil Nadu, India",2021,12,0
2021-12-21,Pepper,Mettupalayam,Pepper,Local,50176.08,56431.23,53301.6,INR/quintal,"Coimbatore, Tamil Nadu, India",2021,12,1
2021-12-22,Pepper,Pollachi,Pepper,Local,50077.26,55044.53,52294.66,INR/quintal,"Coimbatore, Tamil Nadu, India",2021,12,2
2021-12-23,Pepper,Sulur,Pepper,Local,47502.35,53624.43,50577.91,INR/quintal,"Coimbatore, Tamil Nadu, India",2021,12,3
2021-12-24,Pepper,Coimbatore,Pepper,Local,49058.79,54074.82,51666.35,INR/quintal,"Coimbatore, Tamil Nadu, India",2021,12,4
2021-12-25,Pepper,Udumalpet,Black Pepper,Local,49920.43,56162.33,52780.01,INR/quintal,"Coimbatore, Tamil Nadu, India",2021,12,5
2021-12-26,Pepper,Coimbatore,Black Pepper,Local,48371.01,53410.82,50987.9,INR/quintal,"Coimbatore, Tamil Nadu, India",2021,12,6
2021-12-27,Pepper,Pollachi,Pepper,Local,49665.37,55661.3,51869.88,INR/quintal,"Coimbatore, Tamil Nadu, India",2021,12,0
2021-12-28,Pepper,Pollachi,Black Pepper,Local,49577.77,55223.25,52497.95,INR/quintal,"Coimbatore, Tamil Nadu, India",2021,12,1
2021-12-29,Pepper,Mettupalayam,Black Pepper,Local,48764.02,54664.9,51574.17,INR/quintal,"Coimbatore, Tamil Nadu, India",2021,12,2
2021-12-30,Pepper,Udumalpet,Black Pepper,Local,50467.91,56560.41,53705.4,INR/quintal,"Coimbatore, Tamil Nadu, India",2021,12,3
2021-12-31,Pepper,Sulur,Black Pepper,Local,50478.67,55911.64,53188.5,INR/quintal,"Coimbatore, Tamil Nadu, India",2021,12,4
2022-01-01,Pepper,Sulur,Pepper,Local,49778.3,56240.08,52756.44,INR/quintal,"Coimbatore, Tamil Nadu, India",2022,1,5
2022-01-02,Pepper,Pollachi,Black Pepper,Local,50834.6,56967.89,54035.13,INR/quintal,"Coimbatore, Tamil Nadu, India",2022,1,6
2022-01-03,Pepper,Sulur,Pepper,Local,51538.42,56225.71,53748.68,INR/quintal,"Coimbatore, Tamil Nadu, India",2022,1,0
2022-01-04,Pepper,Udumalpet,Pepper,Local,51280.57,57445.64,54492.68,INR/quintal,"Coimbatore, Tamil Nadu, India",2022,1,1
2022-01-05,Pepper,Mettupalayam,Black Pepper,Local,48228.92,54176.27,51580.27,INR/quintal,"Coimbatore, Tamil Nadu, India",2022,1,2
2022-01-06,Pepper,Sulur,Black Pepper,Local,52760.88,58818.89,55406.07,INR/quintal,"Coimbatore, Tamil Nadu, India",2022,1,3
2022-01-07,Pepper,Sulur,Black Pepper,Local,50532.83,56131.6,53535.14,INR/quintal,"Coimbatore, Tamil Nadu, India",2022,1,4
2022-01-08,Pepper,Mettupalayam,Black Pepper,Local,50959.93,55767.27,53210.69,INR/quintal,"Coimbatore, Tamil Nadu, India",2022,1,5
2022-01-09,Pepper,Sulur,Black Pepper,Local,51973.76,57794.18,54142.87,INR/quintal,"Coimbatore, Tamil Nadu, India",2022,1,6
2022-01-10,Pepper,Mettupalayam,Pepper,Local,50650.44,56078.6,53346.65,INR/quintal,"Coimbatore, Tamil Nadu, India",2022,1,0
2022-01-11,Pepper,Pollachi,Black Pepper,Local,50676.66,56479.45,53875.36,INR/quintal,"Coimbatore, Tamil Nadu, India",2022,1,1
2022-01-12,Pepper,Udumalpet,Pepper,Local,50215.11,57064.31,53323.86,INR/quintal,"Coimbatore, Tamil Nadu, India",2022,1,2
2022-01-13,Pepper,Mettupalayam,Black Pepper,Local,51162.25,56461.53,53345.59,INR/quintal,"Coimbatore, Tamil Nadu, India",2022,1,3
2022-01-14,Pepper,Coimbatore,Black Pepper,Local,50295.81,55738.38,52611.73,INR/quintal,"Coimbatore, Tamil Nadu, India",2022,1,4
2022-01-15,Pepper,Udumalpet,Pepper,Local,50344.68,57364.5,53668.08,INR/quintal,"Coimbatore, Tamil Nadu, India",2022,1,5
2022-01-16,Pepper,Mettupalayam,Pepper,Local,51992.6,57872.7,54603.58,INR/quintal,"Coimbatore, Tamil Nadu, India",2022,1,6
2022-01-17,Pepper,Pollachi,Pepper,Local,51357.53,57287.53,54676.74,INR/quintal,"Coimbatore, Tamil Nadu, India",2022,1,0
2022-01-18,Pepper,Mettupalayam,Black Pepper,Local,51798.67,57828.14,54870.41,INR/quintal,"Coimbatore, Tamil Nadu, India",2022,1,1
2022-01-19,Pepper,Sulur,Pepper,Local,50320.45,56171.55,53474.27,INR/quintal,"Coimbatore, Tamil Nadu, India",2022,1,2
2022-01-20,Pepper,Mettupalayam,Pepper,Local,51879.65,58660.85,54824.1,INR/quintal,"Coimbatore, Tamil Nadu, India",2022,1,3
2022-01-21,Pepper,Sulur,Pepper,Local,52439.06,58504.32,55477.22,INR/quintal,"Coimbatore, Tamil Nadu, India",2022,1,4
2022-01-22,Pepper,Coimbatore,Black Pepper,Local,51323.91,56922.61,53621.48,INR/quintal,"Coimbatore, Tamil Nadu, India",2022,1,5
2022-01-23,Pepper,Pollachi,Black Pepper,Local,53349.38,58470.39,55981.82,INR/quintal,"Coimbatore, Tamil Nadu, India",2022,1,6
2022-01-24,Pepper,Udumalpet,Black Pepper,Local,50414.49,56208.01,52994.79,INR/quintal,"Coimbatore, Tamil Nadu, India",2022,1,0
2022-01-25,Pepper,Sulur,Pepper,Local,51981.9,58305.32,54551.62,INR/quintal,"Coimbatore, Tamil Nadu, India",2022,1,1
2022-01-26,Pepper,Udumalpet,Pepper,Local,53092.63,58711.23,55418.91,INR/quintal,"Coimbatore, Tamil Nadu, India",2022,1,2
2022-01-27,Pepper,Udumalpet,Pepper,Local,50301.02,57415.99,53631.16,INR/quintal,"Coimbatore, Tamil Nadu, India",2022,1,3
2022-01-28,Pepper,Mettupalayam,Pepper,Local,52690.77,59613.73,55926.64,INR/quintal,"Coimbatore, Tamil Nadu, India",2022,1,4
2022-01-29,Pepper,Mettupalayam,Pepper,Local,50381.28,56091.04,52957.32,INR/quintal,"Coimbatore, Tamil Nadu, India",2022,1,5
2022-01-30,Pepper,Udumalpet,Black Pepper,Local,52618.75,57732.41,54999.52,INR/quintal,"Coimbatore, Tamil Nadu, India",2022,1,6
2022-01-31,Pepper,Sulur,Pepper,Local,52347.51,57407.24,54927.91,INR/quintal,"Coimbatore, Tamil Nadu, India",2022,1,0
2022-02-01,Pepper,Udumalpet,Black Pepper,Local,52482.59,57558.12,54828.71,INR/quintal,"Coimbatore, Tamil Nadu, India",2022,2,1
2022-02-02,Pepper,Udumalpet,Pepper,Local,53267.52,59404.33,56519.01,INR/quintal,"Coimbatore, Tamil Nadu, India",2022,2,2
2022-02-03,Pepper,Sulur,Black Pepper,Local,52104.95,58148.44,55097.68,INR/quintal,"Coimbatore, Tamil Nadu, India",2022,2,3
2022-02-04,Pepper,Sulur,Black Pepper,Local,53398.59,58754.54,56069.83,INR/quintal,"Coimbatore, Tamil Nadu, India",2022,2,4
2022-02-05,Pepper,Pollachi,Black Pepper,Local,53570.87,59275.16,56501.17,INR/quintal,"Coimbatore, Tamil Nadu, India",2022,2,5
2022-02-06,Pepper,Pollachi,Pepper,Local,53588.04,58976.91,55760.23,INR/quintal,"Coimbatore, Tamil Nadu, India",2022,2,6
2022-02-07,Pepper,Mettupalayam,Black Pepper,Local,52878.35,58245.27,55468.51,INR/quintal,"Coimbatore, Tamil Nadu, India",2022,2,0
2022-02-08,Pepper,Mettupalayam,Pepper,Local,53278.53,59182.84,56336.47,INR/quintal,"Coimbatore, Tamil Nadu, India",2022,2,1
2022-02-09,Pepper,Mettupalayam,Black Pepper,Local,53285.21,58586.0,55877.43,INR/quintal,"Coimbatore, Tamil Nadu, India",2022,2,2
2022-02-10,Pepper,Sulur,Pepper,Local,56771.68,62193.81,58931.96,INR/quintal,"Coimbatore, Tamil Nadu, India",2022,2,3
2022-02-11,Pepper,Mettupalayam,Black Pepper,Local,52114.33,56905.46,54490.72,INR/quintal,"Coimbatore, Tamil Nadu, India",2022,2,4
2022-02-12,Pepper,Mettupalayam,Pepper,Local,53881.11,60171.54,56461.74,INR/quintal,"Coimbatore, Tamil Nadu, India",2022,2,5
2022-02-13,Pepper,Coimbatore,Pepper,Local,54400.13,60507.4,57294.0,INR/quintal,"Coimbatore, Tamil Nadu, India",2022,2,6
2022-02-14,Pepper,Sulur,Pepper,Local,55810.41,60796.22,58112.67,INR/quintal,"Coimbatore, Tamil Nadu, India",2022,2,0
2022-02-15,Pepper,Udumalpet,Pepper,Local,52713.48,59033.81,55477.22,INR/quintal,"Coimbatore, Tamil Nadu, India",2022,2,1
2022-02-16,Pepper,Mettupalayam,Pepper,Local,51008.55,57144.47,54362.24,INR/quintal,"Coimbatore, Tamil Nadu, India",2022,2,2
2022-02-17,Pepper,Coimbatore,Pepper,Local,54307.71,59783.61,56572.13,INR/quintal,"Coimbatore, Tamil Nadu, India",2022,2,3
2022-02-18,Pepper,Coimbatore,Black Pepper,Local,53851.14,60315.38,56549.27,INR/quintal,"Coimbatore, Tamil Nadu, India",2022,2,4
2022-02-19,Pepper,Pollachi,Pepper,Local,55668.43,62600.06,58984.34,INR/quintal,"Coimbatore, Tamil Nadu, India",2022,2,5
2022-02-20,Pepper,Udumalpet,Black Pepper,Local,54606.4,60408.44,57196.42,INR/quintal,"Coimbatore, Tamil Nadu, India",2022,2,6
2022-02-21,Pepper,Coimbatore,Pepper,Local,54736.85,60423.74,57206.76,INR/quintal,"Coimbatore, Tamil Nadu, India",2022,2,0
2022-02-22,Pepper,Coimbatore,Pepper,Local,53629.3,60242.54,56916.88,INR/quintal,"Coimbatore, Tamil Nadu, India",2022,2,1
2022-02-23,Pepper,Coimbatore,Black Pepper,Local,54089.87,59619.03,57112.2,INR/quintal,"Coimbatore, Tamil Nadu, India",2022,2,2
2022-02-24,Pepper,Pollachi,Black Pepper,Local,55542.8,62177.44,58377.52,INR/quintal,"Coimbatore, Tamil Nadu, India",2022,2,3
2022-02-25,Pepper,Coimbatore,Black Pepper,Local,54752.13,60633.49,57873.22,INR/quintal,"Coimbatore, Tamil Nadu, India",2022,2,4
2022-02-26,Pepper,Udumalpet,Black Pepper,Local,53502.54,59712.39,56620.19,INR/quintal,"Coimbatore, Tamil Nadu, India",2022,2,5
2022-02-27,Pepper,Udumalpet,Pepper,Local,53662.17,59454.7,56946.83,INR/quintal,"Coimbatore, Tamil Nadu, India",2022,2,6
2022-02-28,Pepper,Pollachi,Pepper,Local,56320.97,61942.98,58910.84,INR/quintal,"Coimbatore, Tamil Nadu, India",2022,2,0
2022-03-01,Pepper,Udumalpet,Black Pepper,Local,53158.43,59725.69,56125.32,INR/quintal,"Coimbatore, Tamil Nadu, India",2022,3,1
2022-03-02,Pepper,Coimbatore,Black Pepper,Local,57666.72,62434.95,59986.98,INR/quintal,"Coimbatore, Tamil Nadu, India",2022,3,2
2022-03-03,Pepper,Mettupalayam,Black Pepper,Local,55236.77,60469.19,57788.71,INR/quintal,"Coimbatore, Tamil Nadu, India",2022,3,3
2022-03-04,Pepper,Coimbatore,Pepper,Local,54373.88,60662.46,57161.86,INR/quintal,"Coimbatore, Tamil Nadu, India",2022,3,4
2022-03-05,Pepper,Mettupalayam,Pepper,Local,55222.92,61005.05,57824.94,INR/quintal,"Coimbatore, Tamil Nadu, India",2022,3,5
2022-03-06,Pepper,Sulur,Black Pepper,Local,54309.89,59427.28,56566.19,INR/quintal,"Coimbatore, Tamil Nadu, India",2022,3,6
2022-03-07,Pepper,Pollachi,Black Pepper,Local,54957.25,61473.33,57711.32,INR/quintal,"Coimbatore, Tamil Nadu, India",2022,3,0
2022-03-08,Pepper,Mettupalayam,Black Pepper,Local,54997.4,60956.31,58150.94,INR/quintal,"Coimbatore, Tamil Nadu, India",2022,3,1
2022-03-09,Pepper,Udumalpet,Pepper,Local,56632.99,61880.43,59292.8,INR/quintal,"Coimbatore, Tamil Nadu, India",2022,3,2
2022-03-10,Pepper,Mettupalayam,Pepper,Local,55358.78,61158.63,58700.32,INR/quintal,"Coimbatore, Tamil Nadu, India",2022,3,3
2022-03-11,Pepper,Sulur,Black Pepper,Local,55416.26,61995.36,58588.26,INR/quintal,"Coimbatore, Tamil Nadu, India",2022,3,4
2022-03-12,Pepper,Mettupalayam,Pepper,Local,55711.25,61761.41,58507.28,INR/quintal,"Coimbatore, Tamil Nadu, India",2022,3,5
2022-03-13,Pepper,Coimbatore,Black Pepper,Local,54588.87,61539.13,57872.29,INR/quintal,"Coimbatore, Tamil Nadu, India",2022,3,6
2022-03-14,Pepper,Udumalpet,Pepper,Local,55001.19,60673.29,57161.19,INR/quintal,"Coimbatore, Tamil Nadu, India",2022,3,0
2022-03-15,Pepper,Sulur,Black Pepper,Local,54464.27,59875.35,57057.32,INR/quintal,"Coimbatore, Tamil Nadu, India",2022,3,1
2022-03-16,Pepper,Udumalpet,Black Pepper,Local,56579.72,62581.41,58791.66,INR/quintal,"Coimbatore, Tamil Nadu, India",2022,3,2
2022-03-17,Pepper,Pollachi,Pepper,Local,53836.61,59174.05,56676.31,INR/quintal,"Coimbatore, Tamil Nadu, India",2022,3,3
2022-03-18,Pepper,Sulur,Black Pepper,Local,55076.93,60005.71,57329.12,INR/quintal,"Coimbatore, Tamil Nadu, India",2022,3,4
2022-03-19,Pepper,Sulur,Pepper,Local,56472.02,62388.81,59730.05,INR/quintal,"Coimbatore, Tamil Nadu, India",2022,3,5
2022-03-20,Pepper,Sulur,Black Pepper,Local,55653.76,61894.21,58318.02,INR/quintal,"Coimbatore, Tamil Nadu, India",2022,3,6
2022-03-21,Pepper,Udumalpet,Black Pepper,Local,54699.14,59396.85,56978.34,INR/quintal,"Coimbatore, Tamil Nadu, India",2022,3,0
2022-03-22,Pepper,Coimbatore,Pepper,Local,54721.11,60203.05,57270.13,INR/quintal,"Coimbatore, Tamil Nadu, India",2022,3,1
2022-03-23,Pepper,Coimbatore,Black Pepper,Local,54695.71,60370.51,57833.51,INR/quintal,"Coimbatore, Tamil Nadu, India",2022,3,2
2022-03-24,Pepper,Coimbatore,Black Pepper,Local,55783.7,62072.61,58499.2,INR/quintal,"Coimbatore, Tamil Nadu, India",2022,3,3
2022-03-25,Pepper,Udumalpet,Pepper,Local,55781.84,61415.48,58700.29,INR/quintal,"Coimbatore, Tamil Nadu, India",2022,3,4
2022-03-26,Pepper,Pollachi,Pepper,Local,56319.02,61928.66,58721.91,INR/quintal,"Coimbatore, Tamil Nadu, India",2022,3,5
2022-03-27,Pepper,Sulur,Pepper,Local,55413.77,60714.93,58263.5,INR/quintal,"Coimbatore, Tamil Nadu, India",2022,3,6
2022-03-28,Pepper,Udumalpet,Pepper,Local,57607.11,62316.82,59839.74,INR/quintal,"Coimbatore, Tamil Nadu, India",2022,3,0
2022-03-29,Pepper,Pollachi,Pepper,Local,54664.88,60191.7,57106.0,INR/quintal,"Coimbatore, Tamil Nadu, India",2022,3,1
2022-03-30,Pepper,Sulur,Black Pepper,Local,54627.82,60420.72,57874.57,INR/quintal,"Coimbatore, Tamil Nadu, India",2022,3,2
2022-03-31,Pepper,Pollachi,Pepper,Local,55061.21,61071.88,58376.49,INR/quintal,"Coimbatore, Tamil Nadu, India",2022,3,3
2022-04-01,Pepper,Pollachi,Black Pepper,Local,56599.24,62707.13,59133.92,INR/quintal,"Coimbatore, Tamil Nadu, India",2022,4,4
2022-04-02,Pepper,Mettupalayam,Black Pepper,Local,55883.66,61130.08,58695.02,INR/quintal,"Coimbatore, Tamil Nadu, India",2022,4,5
2022-04-03,Pepper,Udumalpet,Black Pepper,Local,54239.36,59508.01,56968.62,INR/quintal,"Coimbatore, Tamil Nadu, India",2022,4,6
2022-04-04,Pepper,Coimbatore,Pepper,Local,57169.82,62580.44,59498.29,INR/quintal,"Coimbatore, Tamil Nadu, India",2022,4,0
2022-04-05,Pepper,Sulur,Black Pepper,Local,54325.32,60185.59,57531.8,INR/quintal,"Coimbatore, Tamil Nadu, India",2022,4,1
2022-04-06,Pepper,Udumalpet,Pepper,Local,57628.58,63700.65,59958.5,INR/quintal,"Coimbatore, Tamil Nadu, India",2022,4,2
2022-04-07,Pepper,Pollachi,Pepper,Local,55139.53,61582.36,58210.58,INR/quintal,"Coimbatore, Tamil Nadu, India",2022,4,3
2022-04-08,Pepper,Coimbatore,Black Pepper,Local,56100.67,62625.47,59279.93,INR/quintal,"Coimbatore, Tamil Nadu, India",2022,4,4
2022-04-09,Pepper,Coimbatore,Black Pepper,Local,55119.4,60602.93,57941.07,INR/quintal,"Coimbatore, Tamil Nadu, India",2022,4,5
2022-04-10,Pepper,Coimbatore,Black Pepper,Local,54671.65,60414.42,57533.73,INR/quintal,"Coimbatore, Tamil Nadu, India",2022,4,6
2022-04-11,Pepper,Mettupalayam,Black Pepper,Local,57600.5,63380.95,59915.08,INR/quintal,"Coimbatore, Tamil Nadu, India",2022,4,0
2022-04-12,Pepper,Sulur,Pepper,Local,55003.12,60268.21,57603.65,INR/quintal,"Coimbatore, Tamil Nadu, India",2022,4,1
2022-04-13,Pepper,Coimbatore,Pepper,Local,56075.35,61266.12,58176.04,INR/quintal,"Coimbatore, Tamil Nadu, India",2022,4,2
2022-04-14,Pepper,Sulur,Black Pepper,Local,54461.75,59926.39,57481.94,INR/quintal,"Coimbatore, Tamil Nadu, India",2022,4,3
2022-04-15,Pepper,Mettupalayam,Pepper,Local,55608.08,61396.44,58007.97,INR/quintal,"Coimbatore, Tamil Nadu, India",2022,4,4
2022-04-16,Pepper,Sulur,Black Pepper,Local,55130.14,61343.38,57552.3,INR/quintal,"Coimbatore, Tamil Nadu, India",2022,4,5
2022-04-17,Pepper,Sulur,Pepper,Local,56538.51,63104.56,59823.31,INR/quintal,"Coimbatore, Tamil Nadu, India",2022,4,6
2022-04-18,Pepper,Coimbatore,Pepper,Local,54704.62,59806.92,57125.81,INR/quintal,"Coimbatore, Tamil Nadu, India",2022,4,0
2022-04-19,Pepper,Mettupalayam,Black Pepper,Local,56384.12,62699.84,59405.81,INR/quintal,"Coimbatore, Tamil Nadu, India",2022,4,1
2022-04-20,Pepper,Sulur,Black Pepper,Local,55950.81,61114.48,58180.14,INR/quintal,"Coimbatore, Tamil Nadu, India",2022,4,2
2022-04-21,Pepper,Mettupalayam,Black Pepper,Local,56104.84,62907.67,59411.36,INR/quintal,"Coimbatore, Tamil Nadu, India",2022,4,3
2022-04-22,Pepper,Udumalpet,Pepper,Local,54041.14,60572.11,57209.98,INR/quintal,"Coimbatore, Tamil Nadu, India",2022,4,4
2022-04-23,Pepper,Coimbatore,Black Pepper,Local,55467.1,60430.97,57579.34,INR/quintal,"Coimbatore, Tamil Nadu, India",2022,4,5
2022-04-24,Pepper,Sulur,Pepper,Local,54635.35,59636.11,57052.04,INR/quintal,"Coimbatore, Tamil Nadu, India",2022,4,6
2022-04-25,Pepper,Mettupalayam,Pepper,Local,56367.73,61841.08,59322.95,INR/quintal,"Coimbatore, Tamil Nadu, India",2022,4,0
2022-04-26,Pepper,Udumalpet,Pepper,Local,52567.62,58873.85,55224.66,INR/quintal,"Coimbatore, Tamil Nadu, India",2022,4,1
2022-04-27,Pepper,Coimbatore,Pepper,Local,54341.25,60107.47,57055.09,INR/quintal,"Coimbatore, Tamil Nadu, India",2022,4,2
2022-04-28,Pepper,Udumalpet,Black Pepper,Local,55031.32,61428.47,57812.19,INR/quintal,"Coimbatore, Tamil Nadu, India",2022,4,3
2022-04-29,Pepper,Sulur,Black Pepper,Local,54008.94,59838.2,57181.78,INR/quintal,"Coimbatore, Tamil Nadu, India",2022,4,4
2022-04-30,Pepper,Pollachi,Black Pepper,Local,56024.92,60757.32,58347.26,INR/quintal,"Coimbatore, Tamil Nadu, India",2022,4,5
2022-05-01,Pepper,Sulur,Pepper,Local,54459.47,60301.27,57457.61,INR/quintal,"Coimbatore, Tamil Nadu, India",2022,5,6
2022-05-02,Pepper,Coimbatore,Pepper,Local,54787.65,60276.78,57843.17,INR/quintal,"Coimbatore, Tamil Nadu, India",2022,5,0
2022-05-03,Pepper,Pollachi,Black Pepper,Local,53805.29,60429.97,56801.72,INR/quintal,"Coimbatore, Tamil Nadu, India",2022,5,1
2022-05-04,Pepper,Sulur,Pepper,Local,55383.46,62218.99,58592.15,INR/quintal,"Coimbatore, Tamil Nadu, India",2022,5,2
2022-05-05,Pepper,Pollachi,Black Pepper,Local,54689.65,60179.45,57338.34,INR/quintal,"Coimbatore, Tamil Nadu, India",2022,5,3
2022-05-06,Pepper,Mettupalayam,Pepper,Local,56981.9,61639.9,59175.01,INR/quintal,"Coimbatore, Tamil Nadu, India",2022,5,4
2022-05-07,Pepper,Coimbatore,Pepper,Local,55725.7,61332.52,58450.54,INR/quintal,"Coimbatore, Tamil Nadu, India",2022,5,5
2022-05-08,Pepper,Mettupalayam,Pepper,Local,54824.89,60977.02,57291.84,INR/quintal,"Coimbatore, Tamil Nadu, India",2022,5,6
2022-05-09,Pepper,Coimbatore,Black Pepper,Local,55863.51,61139.95,58638.6,INR/quintal,"Coimbatore, Tamil Nadu, India",2022,5,0
2022-05-10,Pepper,Udumalpet,Pepper,Local,53486.29,59952.51,56192.92,INR/quintal,"Coimbatore, Tamil Nadu, India",2022,5,1
2022-05-11,Pepper,Udumalpet,Pepper,Local,54219.06,59263.44,56805.22,INR/quintal,"Coimbatore, Tamil Nadu, India",2022,5,2
2022-05-12,Pepper,Coimbatore,Pepper,Local,54440.51,60133.6,57000.82,INR/quintal,"Coimbatore, Tamil Nadu, India",2022,5,3
2022-05-13,Pepper,Mettupalayam,Black Pepper,Local,54912.81,60698.17,57289.63,INR/quintal,"Coimbatore, Tamil Nadu, India",2022,5,4
2022-05-14,Pepper,Coimbatore,Black Pepper,Local,54477.95,60634.63,57184.34,INR/quintal,"Coimbatore, Tamil Nadu, India",2022,5,5
2022-05-15,Pepper,Coimbatore,Black Pepper,Local,53998.6,59416.17,56514.39,INR/quintal,"Coimbatore, Tamil Nadu, India",2022,5,6
2022-05-16,Pepper,Mettupalayam,Black Pepper,Local,52003.5,58371.26,55081.77,INR/quintal,"Coimbatore, Tamil Nadu, India",2022,5,0
2022-05-17,Pepper,Coimbatore,Pepper,Local,53256.18,58441.97,55538.51,INR/quintal,"Coimbatore, Tamil Nadu, India",2022,5,1
2022-05-18,Pepper,Coimbatore,Pepper,Local,53114.43,59123.77,55411.23,INR/quintal,"Coimbatore, Tamil Nadu, India",2022,5,2
2022-05-19,Pepper,Pollachi,Pepper,Local,54855.67,60399.83,56959.43,INR/quintal,"Coimbatore, Tamil Nadu, India",2022,5,3
2022-05-20,Pepper,Sulur,Black Pepper,Local,54619.61,61353.99,57585.21,INR/quintal,"Coimbatore, Tamil Nadu, India",2022,5,4
2022-05-21,Pepper,Udumalpet,Pepper,Local,51965.65,57163.93,54524.53,INR/quintal,"Coimbatore, Tamil Nadu, India",2022,5,5
2022-05-22,Pepper,Mettupalayam,Pepper,Local,53964.16,59599.15,56534.54,INR/quintal,"Coimbatore, Tamil Nadu, India",2022,5,6
2022-05-23,Pepper,Mettupalayam,Pepper,Local,54655.53,59889.58,57273.78,INR/quintal,"Coimbatore, Tamil Nadu, India",2022,5,0
2022-05-24,Pepper,Udumalpet,Black Pepper,Local,55533.91,61158.52,58013.32,INR/quintal,"Coimbatore, Tamil Nadu, India",2022,5,1
2022-05-25,Pepper,Udumalpet,Black Pepper,Local,52497.49,58925.4,55684.5,INR/quintal,"Coimbatore, Tamil Nadu, India",2022,5,2
2022-05-26,Pepper,Sulur,Pepper,Local,52871.1,58817.14,55789.65,INR/quintal,"Coimbatore, Tamil Nadu, India",2022,5,3
2022-05-27,Pepper,Udumalpet,Pepper,Local,55457.68,60786.41,57795.13,INR/quintal,"Coimbatore, Tamil Nadu, India",2022,5,4
2022-05-28,Pepper,Udumalpet,Black Pepper,Local,52248.71,58348.43,54970.52,INR/quintal,"Coimbatore, Tamil Nadu, India",2022,5,5
2022-05-29,Pepper,Mettupalayam,Black Pepper,Local,54497.31,60162.21,57392.79,INR/quintal,"Coimbatore, Tamil Nadu, India",2022,5,6
2022-05-30,Pepper,Pollachi,Pepper,Local,52460.55,59299.47,55653.96,INR/quintal,"Coimbatore, Tamil Nadu, India",2022,5,0
2022-05-31,Pepper,Coimbatore,Pepper,Local,52029.15,57662.43,55241.86,INR/quintal,"Coimbatore, Tamil Nadu, India",2022,5,1
2022-06-01,Pepper,Udumalpet,Black Pepper,Local,54722.49,60158.27,56985.37,INR/quintal,"Coimbatore, Tamil Nadu, India",2022,6,2
2022-06-02,Pepper,Coimbatore,Pepper,Local,53477.8,59282.61,55664.28,INR/quintal,"Coimbatore, Tamil Nadu, India",2022,6,3
2022-06-03,Pepper,Mettupalayam,Black Pepper,Local,50342.6,56577.67,53616.84,INR/quintal,"Coimbatore, Tamil Nadu, India",2022,6,4
2022-06-04,Pepper,Udumalpet,Black Pepper,Local,53571.48,59384.47,55814.44,INR/quintal,"Coimbatore, Tamil Nadu, India",2022,6,5
2022-06-05,Pepper,Coimbatore,Black Pepper,Local,51431.52,58145.53,54505.77,INR/quintal,"Coimbatore, Tamil Nadu, India",2022,6,6
2022-06-06,Pepper,Sulur,Pepper,Local,52610.56,57753.53,54811.52,INR/quintal,"Coimbatore, Tamil Nadu, India",2022,6,0
2022-06-07,Pepper,Udumalpet,Black Pepper,Local,51941.66,57732.78,54233.29,INR/quintal,"Coimbatore, Tamil Nadu, India",2022,6,1
2022-06-08,Pepper,Coimbatore,Black Pepper,Local,52647.72,58033.12,55116.99,INR/quintal,"Coimbatore, Tamil Nadu, India",2022,6,2
2022-06-09,Pepper,Coimbatore,Black Pepper,Local,53655.86,58617.78,55839.84,INR/quintal,"Coimbatore, Tamil Nadu, India",2022,6,3
2022-06-10,Pepper,Coimbatore,Black Pepper,Local,51862.9,58465.13,54754.21,INR/quintal,"Coimbatore, Tamil Nadu, India",2022,6,4
2022-06-11,Pepper,Mettupalayam,Pepper,Local,51249.07,57752.95,54074.63,INR/quintal,"Coimbatore, Tamil Nadu, India",2022,6,5
2022-06-12,Pepper,Coimbatore,Pepper,Local,52406.96,59293.15,55494.24,INR/quintal,"Coimbatore, Tamil Nadu, India",2022,6,6
2022-06-13,Pepper,Sulur,Pepper,Local,51468.69,57201.6,54424.34,INR/quintal,"Coimbatore, Tamil Nadu, India",2022,6,0
2022-06-14,Pepper,Udumalpet,Black Pepper,Local,51302.58,56205.32,53514.47,INR/quintal,"Coimbatore, Tamil Nadu, India",2022,6,1
2022-06-15,Pepper,Mettupalayam,Black Pepper,Local,52795.89,58975.22,55417.38,INR/quintal,"Coimbatore, Tamil Nadu, India",2022,6,2
2022-06-16,Pepper,Udumalpet,Pepper,Local,53261.36,58268.73,55450.6,INR/quintal,"Coimbatore, Tamil Nadu, India",2022,6,3
2022-06-17,Pepper,Mettupalayam,Pepper,Local,50972.89,55955.03,53319.39,INR/quintal,"Coimbatore, Tamil Nadu, India",2022,6,4
2022-06-18,Pepper,Mettupalayam,Pepper,Local,50940.53,56931.61,53329.32,INR/quintal,"Coimbatore, Tamil Nadu, India",2022,6,5
2022-06-19,Pepper,Sulur,Black Pepper,Local,52039.59,57648.3,54498.92,INR/quintal,"Coimbatore, Tamil Nadu, India",2022,6,6
2022-06-20,Pepper,Udumalpet,Pepper,Local,51194.14,57257.99,53980.71,INR/quintal,"Coimbatore, Tamil Nadu, India",2022,6,0
2022-06-21,Pepper,Sulur,Black Pepper,Local,50617.29,56204.47,53101.93,INR/quintal,"Coimbatore, Tamil Nadu, India",2022,6,1
2022-06-22,Pepper,Udumalpet,Pepper,Local,51303.65,57172.24,53429.01,INR/quintal,"Coimbatore, Tamil Nadu, India",2022,6,2
2022-06-23,Pepper,Coimbatore,Black Pepper,Local,50795.5,55926.04,53357.15,INR/quintal,"Coimbatore, Tamil Nadu, India",2022,6,3
2022-06-24,Pepper,Mettupalayam,Black Pepper,Local,52500.79,58247.08,55004.33,INR/quintal,"Coimbatore, Tamil Nadu, India",2022,6,4
2022-06-25,Pepper,Pollachi,Pepper,Local,51562.01,57489.97,54088.56,INR/quintal,"Coimbatore, Tamil Nadu, India",2022,6,5
2022-06-26,Pepper,Sulur,Black Pepper,Local,50350.0,55937.22,52806.79,INR/quintal,"Coimbatore, Tamil Nadu, India",2022,6,6
2022-06-27,Pepper,Pollachi,Black Pepper,Local,50416.36,57022.98,53317.71,INR/quintal,"Coimbatore, Tamil Nadu, India",2022,6,0
2022-06-28,Pepper,Sulur,Black Pepper,Local,51063.79,57328.17,54285.94,INR/quintal,"Coimbatore, Tamil Nadu, India",2022,6,1
2022-06-29,Pepper,Coimbatore,Black Pepper,Local,50255.63,55362.53,52478.54,INR/quintal,"Coimbatore, Tamil Nadu, India",2022,6,2
2022-06-30,Pepper,Pollachi,Pepper,Local,50372.43,55363.48,52659.77,INR/quintal,"Coimbatore, Tamil Nadu, India",2022,6,3
2022-07-01,Pepper,Pollachi,Black Pepper,Local,50728.52,56728.27,53767.7,INR/quintal,"Coimbatore, Tamil Nadu, India",2022,7,4
2022-07-02,Pepper,Udumalpet,Black Pepper,Local,48507.89,54006.52,51499.67,INR/quintal,"Coimbatore, Tamil Nadu, India",2022,7,5
2022-07-03,Pepper,Pollachi,Pepper,Local,50873.73,55484.76,53056.31,INR/quintal,"Coimbatore, Tamil Nadu, India",2022,7,6
2022-07-04,Pepper,Coimbatore,Black Pepper,Local,49810.6,56039.99,52787.28,INR/quintal,"Coimbatore, Tamil Nadu, India",2022,7,0
2022-07-05,Pepper,Sulur,Pepper,Local,51531.49,56613.66,53640.32,INR/quintal,"Coimbatore, Tamil Nadu, India",2022,7,1
2022-07-06,Pepper,Coimbatore,Pepper,Local,49338.3,55820.27,52648.2,INR/quintal,"Coimbatore, Tamil Nadu, India",2022,7,2
2022-07-07,Pepper,Coimbatore,Pepper,Local,51557.05,56596.28,54157.15,INR/quintal,"Coimbatore, Tamil Nadu, India",2022,7,3
2022-07-08,Pepper,Coimbatore,Pepper,Local,50156.64,56096.01,52673.09,INR/quintal,"Coimbatore, Tamil Nadu, India",2022,7,4
2022-07-09,Pepper,Pollachi,Pepper,Local,50178.49,55563.08,52936.29,INR/quintal,"Coimbatore, Tamil Nadu, India",2022,7,5
2022-07-10,Pepper,Udumalpet,Pepper,Local,48337.36,54137.3,51423.51,INR/quintal,"Coimbatore, Tamil Nadu, India",2022,7,6
2022-07-11,Pepper,Coimbatore,Black Pepper,Local,49868.01,54667.7,52172.21,INR/quintal,"Coimbatore, Tamil Nadu, India",2022,7,0
2022-07-12,Pepper,Coimbatore,Pepper,Local,49178.62,55686.23,52020.72,INR/quintal,"Coimbatore, Tamil Nadu, India",2022,7,1
2022-07-13,Pepper,Mettupalayam,Black Pepper,Local,49962.04,55917.53,52834.95,INR/quintal,"Coimbatore, Tamil Nadu, India",2022,7,2
2022-07-14,Pepper,Coimbatore,Pepper,Local,47751.66,53828.18,50270.6,INR/quintal,"Coimbatore, Tamil Nadu, India",2022,7,3
2022-07-15,Pepper,Mettupalayam,Pepper,Local,49129.5,55485.44,51921.02,INR/quintal,"Coimbatore, Tamil Nadu, India",2022,7,4
2022-07-16,Pepper,Sulur,Black Pepper,Local,49099.57,55056.73,51958.96,INR/quintal,"Coimbatore, Tamil Nadu, India",2022,7,5
2022-07-17,Pepper,Udumalpet,Pepper,Local,48767.47,55458.18,51684.05,INR/quintal,"Coimbatore, Tamil Nadu, India",2022,7,6
2022-07-18,Pepper,Udumalpet,Black Pepper,Local,48481.97,54224.44,51558.16,INR/quintal,"Coimbatore, Tamil Nadu, India",2022,7,0
2022-07-19,Pepper,Udumalpet,Pepper,Local,48681.75,54384.5,51562.19,INR/quintal,"Coimbatore, Tamil Nadu, India",2022,7,1
2022-07-20,Pepper,Sulur,Black Pepper,Local,49180.84,55163.19,52356.22,INR/quintal,"Coimbatore, Tamil Nadu, India",2022,7,2
2022-07-21,Pepper,Mettupalayam,Pepper,Local,48905.39,54691.41,51433.42,INR/quintal,"Coimbatore, Tamil Nadu, India",2022,7,3
2022-07-22,Pepper,Sulur,Black Pepper,Local,47858.24,52527.65,50034.5,INR/quintal,"Coimbatore, Tamil Nadu, India",2022,7,4
2022-07-23,Pepper,Sulur,Black Pepper,Local,47784.78,53693.6,51088.11,INR/quintal,"Coimbatore, Tamil Nadu, India",2022,7,5
2022-07-24,Pepper,Mettupalayam,Pepper,Local,47883.05,54016.97,50316.15,INR/quintal,"Coimbatore, Tamil Nadu, India",2022,7,6
2022-07-25,Pepper,Udumalpet,Black Pepper,Local,47915.92,52832.8,50039.66,INR/quintal,"Coimbatore, Tamil Nadu, India",2022,7,0
2022-07-26,Pepper,Pollachi,Pepper,Local,46293.94,52987.77,49410.53,INR/quintal,"Coimbatore, Tamil Nadu, India",2022,7,1
2022-07-27,Pepper,Udumalpet,Black Pepper,Local,47177.38,52715.56,49956.49,INR/quintal,"Coimbatore, Tamil Nadu, India",2022,7,2
2022-07-28,Pepper,Sulur,Pepper,Local,46696.84,52852.3,49778.07,INR/quintal,"Coimbatore, Tamil Nadu, India",2022,7,3
2022-07-29,Pepper,Udumalpet,Black Pepper,Local,46947.54,52739.42,49946.14,INR/quintal,"Coimbatore, Tamil Nadu, India",2022,7,4
2022-07-30,Pepper,Mettupalayam,Black Pepper,Local,48471.23,54381.6,50935.26,INR/quintal,"Coimbatore, Tamil Nadu, India",2022,7,5
2022-07-31,Pepper,Coimbatore,Black Pepper,Local,48329.1,55119.6,51484.9,INR/quintal,"Coimbatore, Tamil Nadu, India",2022,7,6
2022-08-01,Pepper,Mettupalayam,Pepper,Local,48923.77,55141.09,51384.08,INR/quintal,"Coimbatore, Tamil Nadu, India",2022,8,0
2022-08-02,Pepper,Pollachi,Pepper,Local,46782.62,52840.4,49749.91,INR/quintal,"Coimbatore, Tamil Nadu, India",2022,8,1
2022-08-03,Pepper,Mettupalayam,Pepper,Local,49466.05,55869.04,52177.44,INR/quintal,"Coimbatore, Tamil Nadu, India",2022,8,2
2022-08-04,Pepper,Pollachi,Pepper,Local,48175.74,53056.12,50326.99,INR/quintal,"Coimbatore, Tamil Nadu, India",2022,8,3
2022-08-05,Pepper,Pollachi,Black Pepper,Local,47724.26,52853.85,50409.54,INR/quintal,"Coimbatore, Tamil Nadu, India",2022,8,4
2022-08-06,Pepper,Mettupalayam,Pepper,Local,46838.55,52645.2,49524.87,INR/quintal,"Coimbatore, Tamil Nadu, India",2022,8,5
2022-08-07,Pepper,Mettupalayam,Black Pepper,Local,45473.77,51884.53,48788.21,INR/quintal,"Coimbatore, Tamil Nadu, India",2022,8,6
2022-08-08,Pepper,Udumalpet,Pepper,Local,46405.07,51962.83,48755.56,INR/quintal,"Coimbatore, Tamil Nadu, India",2022,8,0
2022-08-09,Pepper,Pollachi,Pepper,Local,46767.28,52662.23,49451.45,INR/quintal,"Coimbatore, Tamil Nadu, India",2022,8,1
2022-08-10,Pepper,Sulur,Pepper,Local,47030.82,52056.73,49525.89,INR/quintal,"Coimbatore, Tamil Nadu, India",2022,8,2
2022-08-11,Pepper,Coimbatore,Black Pepper,Local,46275.76,52291.36,49092.64,INR/quintal,"Coimbatore, Tamil Nadu, India",2022,8,3
2022-08-12,Pepper,Sulur,Pepper,Local,46040.97,52179.15,48788.53,INR/quintal,"Coimbatore, Tamil Nadu, India",2022,8,4
2022-08-13,Pepper,Udumalpet,Pepper,Local,46459.13,51658.66,49026.21,INR/quintal,"Coimbatore, Tamil Nadu, India",2022,8,5
2022-08-14,Pepper,Sulur,Black Pepper,Local,47211.09,52441.31,49331.9,INR/quintal,"Coimbatore, Tamil Nadu, India",2022,8,6
2022-08-15,Pepper,Sulur,Pepper,Local,46857.26,53054.48,49487.31,INR/quintal,"Coimbatore, Tamil Nadu, India",2022,8,0
2022-08-16,Pepper,Coimbatore,Black Pepper,Local,47544.46,52921.13,50154.01,INR/quintal,"Coimbatore, Tamil Nadu, India",2022,8,1
2022-08-17,Pepper,Mettupalayam,Black Pepper,Local,46480.85,52346.49,48721.55,INR/quintal,"Coimbatore, Tamil Nadu, India",2022,8,2
2022-08-18,Pepper,Mettupalayam,Pepper,Local,47767.91,53038.91,50361.47,INR/quintal,"Coimbatore, Tamil Nadu, India",2022,8,3
2022-08-19,Pepper,Mettupalayam,Black Pepper,Local,46757.01,52026.36,48986.14,INR/quintal,"Coimbatore, Tamil Nadu, India",2022,8,4
2022-08-20,Pepper,Udumalpet,Black Pepper,Local,44220.91,51062.94,47531.01,INR/quintal,"Coimbatore, Tamil Nadu, India",2022,8,5
2022-08-21,Pepper,Pollachi,Black Pepper,Local,45896.71,51298.79,48777.96,INR/quintal,"Coimbatore, Tamil Nadu, India",2022,8,6
2022-08-22,Pepper,Coimbatore,Pepper,Local,45713.38,50726.63,48289.92,INR/quintal,"Coimbatore, Tamil Nadu, India",2022,8,0
2022-08-23,Pepper,Mettupalayam,Black Pepper,Local,47128.59,51900.35,49480.8,INR/quintal,"Coimbatore, Tamil Nadu, India",2022,8,1
2022-08-24,Pepper,Udumalpet,Pepper,Local,47697.47,53443.72,49828.19,INR/quintal,"Coimbatore, Tamil Nadu, India",2022,8,2
2022-08-25,Pepper,Udumalpet,Pepper,Local,45550.62,51419.04,47784.67,INR/quintal,"Coimbatore, Tamil Nadu, India",2022,8,3
2022-08-26,Pepper,Coimbatore,Pepper,Local,47504.17,53746.33,50460.73,INR/quintal,"Coimbatore, Tamil Nadu, India",2022,8,4
2022-08-27,Pepper,Sulur,Black Pepper,Local,46346.01,52038.2,49620.21,INR/quintal,"Coimbatore, Tamil Nadu, India",2022,8,5
2022-08-28,Pepper,Sulur,Black Pepper,Local,45291.45,51257.54,48535.47,INR/quintal,"Coimbatore, Tamil Nadu, India",2022,8,6
2022-08-29,Pepper,Pollachi,Pepper,Local,47256.84,52569.04,49910.03,INR/quintal,"Coimbatore, Tamil Nadu, India",2022,8,0
2022-08-30,Pepper,Sulur,Pepper,Local,44671.68,50152.05,47577.78,INR/quintal,"Coimbatore, Tamil Nadu, India",2022,8,1
2022-08-31,Pepper,Udumalpet,Black Pepper,Local,46412.66,51882.0,48655.1,INR/quintal,"Coimbatore, Tamil Nadu, India",2022,8,2
2022-09-01,Pepper,Sulur,Pepper,Local,45467.57,51375.01,47630.79,INR/quintal,"Coimbatore, Tamil Nadu, India",2022,9,3
2022-09-02,Pepper,Coimbatore,Black Pepper,Local,44126.39,49129.3,46479.94,INR/quintal,"Coimbatore, Tamil Nadu, India",2022,9,4
2022-09-03,Pepper,Sulur,Pepper,Local,46651.23,52514.38,49427.21,INR/quintal,"Coimbatore, Tamil Nadu, India",2022,9,5
2022-09-04,Pepper,Coimbatore,Pepper,Local,46149.91,52288.07,49102.12,INR/quintal,"Coimbatore, Tamil Nadu, India",2022,9,6
2022-09-05,Pepper,Sulur,Pepper,Local,45036.6,50210.62,47140.44,INR/quintal,"Coimbatore, Tamil Nadu, India",2022,9,0
2022-09-06,Pepper,Udumalpet,Pepper,Local,46299.93,51573.97,48696.38,INR/quintal,"Coimbatore, Tamil Nadu, India",2022,9,1
2022-09-07,Pepper,Sulur,Pepper,Local,46488.14,51587.97,48696.16,INR/quintal,"Coimbatore, Tamil Nadu, India",2022,9,2
2022-09-08,Pepper,Coimbatore,Black Pepper,Local,44288.42,50158.92,46510.74,INR/quintal,"Coimbatore, Tamil Nadu, India",2022,9,3
2022-09-09,Pepper,Pollachi,Pepper,Local,46903.27,52147.44,49456.81,INR/quintal,"Coimbatore, Tamil Nadu, India",2022,9,4
2022-09-10,Pepper,Pollachi,Pepper,Local,44526.61,49733.7,46946.69,INR/quintal,"Coimbatore, Tamil Nadu, India",2022,9,5
2022-09-11,Pepper,Mettupalayam,Black Pepper,Local,44538.95,49954.17,46681.99,INR/quintal,"Coimbatore, Tamil Nadu, India",2022,9,6
2022-09-12,Pepper,Mettupalayam,Pepper,Local,44920.78,50586.19,47358.22,INR/quintal,"Coimbatore, Tamil Nadu, India",2022,9,0
2022-09-13,Pepper,Mettupalayam,Pepper,Local,43947.98,49821.45,47201.82,INR/quintal,"Coimbatore, Tamil Nadu, India",2022,9,1
2022-09-14,Pepper,Coimbatore,Black Pepper,Local,45379.91,50860.68,47722.48,INR/quintal,"Coimbatore, Tamil Nadu, India",2022,9,2
2022-09-15,Pepper,Udumalpet,Black Pepper,Local,43899.41,50770.05,46955.44,INR/quintal,"Coimbatore, Tamil Nadu, India",2022,9,3
2022-09-16,Pepper,Pollachi,Pepper,Local,45498.48,51728.31,48716.24,INR/quintal,"Coimbatore, Tamil Nadu, India",2022,9,4
2022-09-17,Pepper,Udumalpet,Black Pepper,Local,45600.01,50575.61,47913.77,INR/quintal,"Coimbatore, Tamil Nadu, India",2022,9,5
2022-09-18,Pepper,Udumalpet,Pepper,Local,47161.82,51718.14,49297.92,INR/quintal,"Coimbatore, Tamil Nadu, India",2022,9,6
2022-09-19,Pepper,Pollachi,Pepper,Local,44758.31,51151.02,47506.77,INR/quintal,"Coimbatore, Tamil Nadu, India",2022,9,0
2022-09-20,Pepper,Udumalpet,Black Pepper,Local,45271.12,50134.96,47711.27,INR/quintal,"Coimbatore, Tamil Nadu, India",2022,9,1
2022-09-21,Pepper,Udumalpet,Black Pepper,Local,45699.47,51287.86,48647.85,INR/quintal,"Coimbatore, Tamil Nadu, India",2022,9,2
2022-09-22,Pepper,Pollachi,Black Pepper,Local,43697.94,50333.64,46771.43,INR/quintal,"Coimbatore, Tamil Nadu, India",2022,9,3
2022-09-23,Pepper,Coimbatore,Pepper,Local,45084.1,50775.24,48366.14,INR/quintal,"Coimbatore, Tamil Nadu, India",2022,9,4
2022-09-24,Pepper,Udumalpet,Black Pepper,Local,44223.21,50567.63,47267.5,INR/quintal,"Coimbatore, Tamil Nadu, India",2022,9,5
2022-09-25,Pepper,Sulur,Black Pepper,Local,45164.04,50620.34,47405.74,INR/quintal,"Coimbatore, Tamil Nadu, India",2022,9,6
2022-09-26,Pepper,Udumalpet,Black Pepper,Local,45537.85,52004.36,48245.8,INR/quintal,"Coimbatore, Tamil Nadu, India",2022,9,0
2022-09-27,Pepper,Sulur,Black Pepper,Local,44688.68,50713.25,47401.13,INR/quintal,"Coimbatore, Tamil Nadu, India",2022,9,1
2022-09-28,Pepper,Udumalpet,Pepper,Local,44195.59,49503.3,46576.63,INR/quintal,"Coimbatore, Tamil Nadu, India",2022,9,2
2022-09-29,Pepper,Udumalpet,Pepper,Local,44796.3,49680.78,47150.6,INR/quintal,"Coimbatore, Tamil Nadu, India",2022,9,3
2022-09-30,Pepper,Udumalpet,Pepper,Local,43936.82,49582.26,47139.79,INR/quintal,"Coimbatore, Tamil Nadu, India",2022,9,4
2022-10-01,Pepper,Udumalpet,Pepper,Local,46265.4,51488.58,48490.01,INR/quintal,"Coimbatore, Tamil Nadu, India",2022,10,5
2022-10-02,Pepper,Sulur,Pepper,Local,43459.29,49170.12,46696.3,INR/quintal,"Coimbatore, Tamil Nadu, India",2022,10,6
2022-10-03,Pepper,Pollachi,Pepper,Local,45372.2,51108.16,47993.36,INR/quintal,"Coimbatore, Tamil Nadu, India",2022,10,0
2022-10-04,Pepper,Mettupalayam,Black Pepper,Local,45255.73,51541.87,48078.51,INR/quintal,"Coimbatore, Tamil Nadu, India",2022,10,1
2022-10-05,Pepper,Mettupalayam,Black Pepper,Local,44826.84,50860.22,47550.36,INR/quintal,"Coimbatore, Tamil Nadu, India",2022,10,2
2022-10-06,Pepper,Sulur,Black Pepper,Local,44737.45,49889.83,47317.19,INR/quintal,"Coimbatore, Tamil Nadu, India",2022,10,3
2022-10-07,Pepper,Sulur,Black Pepper,Local,43034.42,49375.19,45832.3,INR/quintal,"Coimbatore, Tamil Nadu, India",2022,10,4
2022-10-08,Pepper,Sulur,Black Pepper,Local,44464.58,50613.36,46900.89,INR/quintal,"Coimbatore, Tamil Nadu, India",2022,10,5
2022-10-09,Pepper,Mettupalayam,Black Pepper,Local,45512.26,52189.15,48419.81,INR/quintal,"Coimbatore, Tamil Nadu, India",2022,10,6
2022-10-10,Pepper,Mettupalayam,Black Pepper,Local,44700.12,50685.59,47306.55,INR/quintal,"Coimbatore, Tamil Nadu, India",2022,10,0
2022-10-11,Pepper,Pollachi,Pepper,Local,44242.38,50206.85,47144.47,INR/quintal,"Coimbatore, Tamil Nadu, India",2022,10,1
2022-10-12,Pepper,Coimbatore,Pepper,Local,45135.66,51256.77,48183.61,INR/quintal,"Coimbatore, Tamil Nadu, India",2022,10,2
2022-10-13,Pepper,Mettupalayam,Black Pepper,Local,45711.12,51450.94,48003.95,INR/quintal,"Coimbatore, Tamil Nadu, India",2022,10,3
2022-10-14,Pepper,Pollachi,Black Pepper,Local,43684.17,49188.47,46646.14,INR/quintal,"Coimbatore, Tamil Nadu, India",2022,10,4
2022-10-15,Pepper,Sulur,Pepper,Local,44682.21,50776.64,47367.37,INR/quintal,"Coimbatore, Tamil Nadu, India",2022,10,5
2022-10-16,Pepper,Udumalpet,Pepper,Local,46782.82,52310.8,48949.49,INR/quintal,"Coimbatore, Tamil Nadu, India",2022,10,6
2022-10-17,Pepper,Mettupalayam,Black Pepper,Local,43178.13,49112.69,46171.82,INR/quintal,"Coimbatore, Tamil Nadu, India",2022,10,0
2022-10-18,Pepper,Mettupalayam,Black Pepper,Local,44394.96,49928.91,47087.24,INR/quintal,"Coimbatore, Tamil Nadu, India",2022,10,1
2022-10-19,Pepper,Coimbatore,Black Pepper,Local,45686.31,50714.19,47794.73,INR/quintal,"Coimbatore, Tamil Nadu, India",2022,10,2
2022-10-20,Pepper,Coimbatore,Pepper,Local,44679.45,49750.75,47342.36,INR/quintal,"Coimbatore, Tamil Nadu, India",2022,10,3
2022-10-21,Pepper,Coimbatore,Pepper,Local,45608.83,51250.48,48556.87,INR/quintal,"Coimbatore, Tamil Nadu, India",2022,10,4
2022-10-22,Pepper,Sulur,Pepper,Local,45475.69,51304.37,47792.95,INR/quintal,"Coimbatore, Tamil Nadu, India",2022,10,5
2022-10-23,Pepper,Mettupalayam,Black Pepper,Local,45191.72,51375.83,48145.2,INR/quintal,"Coimbatore, Tamil Nadu, India",2022,10,6
2022-10-24,Pepper,Udumalpet,Pepper,Local,43475.13,49673.68,46796.96,INR/quintal,"Coimbatore, Tamil Nadu, India",2022,10,0
2022-10-25,Pepper,Pollachi,Black Pepper,Local,46516.79,53223.95,49847.09,INR/quintal,"Coimbatore, Tamil Nadu, India",2022,10,1
2022-10-26,Pepper,Sulur,Pepper,Local,46138.26,51765.06,48294.17,INR/quintal,"Coimbatore, Tamil Nadu, India",2022,10,2
2022-10-27,Pepper,Pollachi,Black Pepper,Local,46681.68,51719.24,48823.19,INR/quintal,"Coimbatore, Tamil Nadu, India",2022,10,3
2022-10-28,Pepper,Coimbatore,Pepper,Local,44033.1,49715.56,46844.51,INR/quintal,"Coimbatore, Tamil Nadu, India",2022,10,4
2022-10-29,Pepper,Sulur,Pepper,Local,45770.38,50756.87,47913.69,INR/quintal,"Coimbatore, Tamil Nadu, India",2022,10,5
2022-10-30,Pepper,Udumalpet,Pepper,Local,44949.47,49665.25,47181.5,INR/quintal,"Coimbatore, Tamil Nadu, India",2022,10,6
2022-10-31,Pepper,Mettupalayam,Black Pepper,Local,46191.8,51935.45,48446.45,INR/quintal,"Coimbatore, Tamil Nadu, India",2022,10,0
2022-11-01,Pepper,Coimbatore,Pepper,Local,45086.73,51622.96,47948.27,INR/quintal,"Coimbatore, Tamil Nadu, India",2022,11,1
2022-11-02,Pepper,Pollachi,Black Pepper,Local,46405.11,51091.39,48687.73,INR/quintal,"Coimbatore, Tamil Nadu, India",2022,11,2
2022-11-03,Pepper,Udumalpet,Black Pepper,Local,46242.19,52301.23,48804.08,INR/quintal,"Coimbatore, Tamil Nadu, India",2022,11,3
2022-11-04,Pepper,Pollachi,Black Pepper,Local,45720.41,50900.5,48465.89,INR/quintal,"Coimbatore, Tamil Nadu, India",2022,11,4
2022-11-05,Pepper,Mettupalayam,Pepper,Local,46592.89,53052.33,49228.54,INR/quintal,"Coimbatore, Tamil Nadu, India",2022,11,5
2022-11-06,Pepper,Mettupalayam,Black Pepper,Local,44926.37,50540.58,47849.75,INR/quintal,"Coimbatore, Tamil Nadu, India",2022,11,6
2022-11-07,Pepper,Mettupalayam,Pepper,Local,46558.59,52929.7,49214.78,INR/quintal,"Coimbatore, Tamil Nadu, India",2022,11,0
2022-11-08,Pepper,Udumalpet,Pepper,Local,44329.09,50311.64,46820.71,INR/quintal,"Coimbatore, Tamil Nadu, India",2022,11,1
2022-11-09,Pepper,Mettupalayam,Black Pepper,Local,44834.99,51352.28,48043.45,INR/quintal,"Coimbatore, Tamil Nadu, India",2022,11,2
2022-11-10,Pepper,Mettupalayam,Black Pepper,Local,46280.13,53257.39,49471.08,INR/quintal,"Coimbatore, Tamil Nadu, India",2022,11,3
2022-11-11,Pepper,Pollachi,Pepper,Local,47127.51,52984.98,50289.48,INR/quintal,"Coimbatore, Tamil Nadu, India",2022,11,4
2022-11-12,Pepper,Udumalpet,Black Pepper,Local,46609.55,51956.03,48763.69,INR/quintal,"Coimbatore, Tamil Nadu, India",2022,11,5
2022-11-13,Pepper,Pollachi,Pepper,Local,46306.68,51482.47,48754.42,INR/quintal,"Coimbatore, Tamil Nadu, India",2022,11,6
2022-11-14,Pepper,Pollachi,Pepper,Local,46399.26,52587.22,49293.11,INR/quintal,"Coimbatore, Tamil Nadu, India",2022,11,0
2022-11-15,Pepper,Udumalpet,Black Pepper,Local,46858.19,53228.29,49656.31,INR/quintal,"Coimbatore, Tamil Nadu, India",2022,11,1
2022-11-16,Pepper,Coimbatore,Pepper,Local,46972.3,53561.76,50006.19,INR/quintal,"Coimbatore, Tamil Nadu, India",2022,11,2
2022-11-17,Pepper,Pollachi,Black Pepper,Local,47472.64,52498.13,50083.58,INR/quintal,"Coimbatore, Tamil Nadu, India",2022,11,3
2022-11-18,Pepper,Coimbatore,Pepper,Local,45511.61,51523.84,47947.6,INR/quintal,"Coimbatore, Tamil Nadu, India",2022,11,4
2022-11-19,Pepper,Mettupalayam,Pepper,Local,46449.47,52139.78,49581.24,INR/quintal,"Coimbatore, Tamil Nadu, India",2022,11,5
2022-11-20,Pepper,Coimbatore,Black Pepper,Local,46422.95,52242.79,48795.09,INR/quintal,"Coimbatore, Tamil Nadu, India",2022,11,6
2022-11-21,Pepper,Pollachi,Pepper,Local,47040.84,53255.82,49507.89,INR/quintal,"Coimbatore, Tamil Nadu, India",2022,11,0
2022-11-22,Pepper,Mettupalayam,Pepper,Local,48134.1,54085.47,51278.24,INR/quintal,"Coimbatore, Tamil Nadu, India",2022,11,1
2022-11-23,Pepper,Pollachi,Pepper,Local,46876.84,53344.52,49837.42,INR/quintal,"Coimbatore, Tamil Nadu, India",2022,11,2
2022-11-24,Pepper,Sulur,Pepper,Local,47293.17,53053.45,49770.23,INR/quintal,"Coimbatore, Tamil Nadu, India",2022,11,3
2022-11-25,Pepper,Mettupalayam,Black Pepper,Local,47917.69,53591.52,50635.07,INR/quintal,"Coimbatore, Tamil Nadu, India",2022,11,4
2022-11-26,Pepper,Udumalpet,Pepper,Local,47333.08,53369.01,50539.56,INR/quintal,"Coimbatore, Tamil Nadu, India",2022,11,5
2022-11-27,Pepper,Udumalpet,Pepper,Local,45640.6,51763.06,48544.02,INR/quintal,"Coimbatore, Tamil Nadu, India",2022,11,6
2022-11-28,Pepper,Coimbatore,Black Pepper,Local,47193.81,52870.98,49317.88,INR/quintal,"Coimbatore, Tamil Nadu, India",2022,11,0
2022-11-29,Pepper,Sulur,Pepper,Local,47627.9,53581.02,50134.77,INR/quintal,"Coimbatore, Tamil Nadu, India",2022,11,1
2022-11-30,Pepper,Pollachi,Black Pepper,Local,46467.1,53155.59,49773.33,INR/quintal,"Coimbatore, Tamil Nadu, India",2022,11,2
2022-12-01,Pepper,Udumalpet,Black Pepper,Local,48336.37,55232.73,51682.65,INR/quintal,"Coimbatore, Tamil Nadu, India",2022,12,3
2022-12-02,Pepper,Pollachi,Pepper,Local,46616.84,51992.18,49312.16,INR/quintal,"Coimbatore, Tamil Nadu, India",2022,12,4
2022-12-03,Pepper,Mettupalayam,Black Pepper,Local,48845.07,54625.41,51167.07,INR/quintal,"Coimbatore, Tamil Nadu, India",2022,12,5
2022-12-04,Pepper,Mettupalayam,Black Pepper,Local,46144.6,53262.53,49496.58,INR/quintal,"Coimbatore, Tamil Nadu, India",2022,12,6
2022-12-05,Pepper,Sulur,Black Pepper,Local,47232.38,52529.37,49946.76,INR/quintal,"Coimbatore, Tamil Nadu, India",2022,12,0
2022-12-06,Pepper,Coimbatore,Black Pepper,Local,48014.6,53077.89,50535.29,INR/quintal,"Coimbatore, Tamil Nadu, India",2022,12,1
2022-12-07,Pepper,Mettupalayam,Black Pepper,Local,48492.04,54290.17,51342.46,INR/quintal,"Coimbatore, Tamil Nadu, India",2022,12,2
2022-12-08,Pepper,Mettupalayam,Pepper,Local,48598.63,53406.96,50967.3,INR/quintal,"Coimbatore, Tamil Nadu, India",2022,12,3
2022-12-09,Pepper,Pollachi,Pepper,Local,50369.14,55946.45,52488.88,INR/quintal,"Coimbatore, Tamil Nadu, India",2022,12,4
2022-12-10,Pepper,Udumalpet,Black Pepper,Local,47989.75,54604.66,51010.25,INR/quintal,"Coimbatore, Tamil Nadu, India",2022,12,5
2022-12-11,Pepper,Mettupalayam,Black Pepper,Local,48077.0,54054.64,51134.67,INR/quintal,"Coimbatore, Tamil Nadu, India",2022,12,6
2022-12-12,Pepper,Udumalpet,Black Pepper,Local,49281.12,54354.22,51666.94,INR/quintal,"Coimbatore, Tamil Nadu, India",2022,12,0
2022-12-13,Pepper,Sulur,Black Pepper,Local,49086.17,55296.07,52335.06,INR/quintal,"Coimbatore, Tamil Nadu, India",2022,12,1
2022-12-14,Pepper,Coimbatore,Black Pepper,Local,47864.73,53423.22,50695.54,INR/quintal,"Coimbatore, Tamil Nadu, India",2022,12,2
2022-12-15,Pepper,Mettupalayam,Black Pepper,Local,49003.21,54826.42,52133.7,INR/quintal,"Coimbatore, Tamil Nadu, India",2022,12,3
2022-12-16,Pepper,Pollachi,Black Pepper,Local,48172.89,53370.43,50947.77,INR/quintal,"Coimbatore, Tamil Nadu, India",2022,12,4
2022-12-17,Pepper,Coimbatore,Pepper,Local,48149.64,53519.8,50848.91,INR/quintal,"Coimbatore, Tamil Nadu, India",2022,12,5
2022-12-18,Pepper,Udumalpet,Black Pepper,Local,48420.34,53766.42,51297.85,INR/quintal,"Coimbatore, Tamil Nadu, India",2022,12,6
2022-12-19,Pepper,Coimbatore,Pepper,Local,49856.03,55307.37,52314.02,INR/quintal,"Coimbatore, Tamil Nadu, India",2022,12,0
2022-12-20,Pepper,Udumalpet,Pepper,Local,48867.58,54789.83,51450.17,INR/quintal,"Coimbatore, Tamil Nadu, India",2022,12,1
2022-12-21,Pepper,Pollachi,Black Pepper,Local,48060.93,53680.54,50255.1,INR/quintal,"Coimbatore, Tamil Nadu, India",2022,12,2
2022-12-22,Pepper,Pollachi,Pepper,Local,50036.77,55579.83,52665.34,INR/quintal,"Coimbatore, Tamil Nadu, India",2022,12,3
2022-12-23,Pepper,Sulur,Pepper,Local,49510.64,54859.77,51890.88,INR/quintal,"Coimbatore, Tamil Nadu, India",2022,12,4
2022-12-24,Pepper,Sulur,Black Pepper,Local,50225.29,55864.24,52935.88,INR/quintal,"Coimbatore, Tamil Nadu, India",2022,12,5
2022-12-25,Pepper,Mettupalayam,Black Pepper,Local,48381.66,54597.29,51340.51,INR/quintal,"Coimbatore, Tamil Nadu, India",2022,12,6
2022-12-26,Pepper,Mettupalayam,Black Pepper,Local,49103.61,54099.84,51646.46,INR/quintal,"Coimbatore, Tamil Nadu, India",2022,12,0
2022-12-27,Pepper,Sulur,Pepper,Local,49373.53,55560.86,52632.83,INR/quintal,"Coimbatore, Tamil Nadu, India",2022,12,1
2022-12-28,Pepper,Mettupalayam,Black Pepper,Local,48924.08,55164.39,51759.75,INR/quintal,"Coimbatore, Tamil Nadu, India",2022,12,2
2022-12-29,Pepper,Pollachi,Pepper,Local,49607.33,55633.43,52347.72,INR/quintal,"Coimbatore, Tamil Nadu, India",2022,12,3
2022-12-30,Pepper,Udumalpet,Pepper,Local,48914.68,55025.81,51584.85,INR/quintal,"Coimbatore, Tamil Nadu, India",2022,12,4
2022-12-31,Pepper,Mettupalayam,Black Pepper,Local,49276.95,55284.25,51684.58,INR/quintal,"Coimbatore, Tamil Nadu, India",2022,12,5
2023-01-01,Pepper,Mettupalayam,Black Pepper,Local,50465.12,55759.35,52601.31,INR/quintal,"Coimbatore, Tamil Nadu, India",2023,1,6
2023-01-02,Pepper,Coimbatore,Black Pepper,Local,50706.51,56066.25,53120.46,INR/quintal,"Coimbatore, Tamil Nadu, India",2023,1,0
2023-01-03,Pepper,Coimbatore,Black Pepper,Local,50462.08,55804.89,52851.13,INR/quintal,"Coimbatore, Tamil Nadu, India",2023,1,1
2023-01-04,Pepper,Udumalpet,Pepper,Local,50661.58,56481.39,53892.29,INR/quintal,"Coimbatore, Tamil Nadu, India",2023,1,2
2023-01-05,Pepper,Pollachi,Pepper,Local,50368.17,56168.91,53090.54,INR/quintal,"Coimbatore, Tamil Nadu, India",2023,1,3
2023-01-06,Pepper,Coimbatore,Pepper,Local,50616.79,55590.98,52819.56,INR/quintal,"Coimbatore, Tamil Nadu, India",2023,1,4
2023-01-07,Pepper,Coimbatore,Pepper,Local,50599.07,55966.59,52989.91,INR/quintal,"Coimbatore, Tamil Nadu, India",2023,1,5
2023-01-08,Pepper,Mettupalayam,Pepper,Local,49260.49,56021.61,52567.75,INR/quintal,"Coimbatore, Tamil Nadu, India",2023,1,6
2023-01-09,Pepper,Udumalpet,Pepper,Local,50331.86,55915.42,53305.31,INR/quintal,"Coimbatore, Tamil Nadu, India",2023,1,0
2023-01-10,Pepper,Coimbatore,Pepper,Local,50285.31,56408.75,52571.61,INR/quintal,"Coimbatore, Tamil Nadu, India",2023,1,1
2023-01-11,Pepper,Coimbatore,Pepper,Local,50918.36,56644.77,53236.48,INR/quintal,"Coimbatore, Tamil Nadu, India",2023,1,2
2023-01-12,Pepper,Udumalpet,Black Pepper,Local,51865.84,58370.33,55084.45,INR/quintal,"Coimbatore, Tamil Nadu, India",2023,1,3
2023-01-13,Pepper,Mettupalayam,Black Pepper,Local,52489.26,58275.06,55245.22,INR/quintal,"Coimbatore, Tamil Nadu, India",2023,1,4
2023-01-14,Pepper,Mettupalayam,Black Pepper,Local,50967.61,57319.28,53879.85,INR/quintal,"Coimbatore, Tamil Nadu, India",2023,1,5
2023-01-15,Pepper,Pollachi,Black Pepper,Local,50965.5,57163.34,53476.64,INR/quintal,"Coimbatore, Tamil Nadu, India",2023,1,6
2023-01-16,Pepper,Mettupalayam,Pepper,Local,51601.89,56491.03,53973.79,INR/quintal,"Coimbatore, Tamil Nadu, India",2023,1,0
2023-01-17,Pepper,Pollachi,Pepper,Local,51045.25,56513.32,54066.04,INR/quintal,"Coimbatore, Tamil Nadu, India",2023,1,1
2023-01-18,Pepper,Sulur,Black Pepper,Local,52620.75,59362.11,55846.68,INR/quintal,"Coimbatore, Tamil Nadu, India",2023,1,2
2023-01-19,Pepper,Udumalpet,Pepper,Local,53626.72,59621.41,56601.82,INR/quintal,"Coimbatore, Tamil Nadu, India",2023,1,3
2023-01-20,Pepper,Coimbatore,Pepper,Local,51932.72,57397.73,54048.7,INR/quintal,"Coimbatore, Tamil Nadu, India",2023,1,4
2023-01-21,Pepper,Mettupalayam,Black Pepper,Local,52238.51,58750.13,55360.41,INR/quintal,"Coimbatore, Tamil Nadu, India",2023,1,5
2023-01-22,Pepper,Pollachi,Black Pepper,Local,51872.8,57219.76,54300.76,INR/quintal,"Coimbatore, Tamil Nadu, India",2023,1,6
2023-01-23,Pepper,Pollachi,Black Pepper,Local,55052.59,60512.8,57533.17,INR/quintal,"Coimbatore, Tamil Nadu, India",2023,1,0
2023-01-24,Pepper,Udumalpet,Pepper,Local,53493.99,59397.15,55597.77,INR/quintal,"Coimbatore, Tamil Nadu, India",2023,1,1
2023-01-25,Pepper,Pollachi,Pepper,Local,53192.69,58740.69,55495.31,INR/quintal,"Coimbatore, Tamil Nadu, India",2023,1,2
2023-01-26,Pepper,Udumalpet,Black Pepper,Local,54405.6,60407.96,56627.59,INR/quintal,"Coimbatore, Tamil Nadu, India",2023,1,3
2023-01-27,Pepper,Coimbatore,Pepper,Local,51506.91,57285.2,54375.2,INR/quintal,"Coimbatore, Tamil Nadu, India",2023,1,4
2023-01-28,Pepper,Udumalpet,Pepper,Local,50942.63,57105.15,53977.92,INR/quintal,"Coimbatore, Tamil Nadu, India",2023,1,5
2023-01-29,Pepper,Coimbatore,Pepper,Local,52312.29,58599.43,54969.81,INR/quintal,"Coimbatore, Tamil Nadu, India",2023,1,6
2023-01-30,Pepper,Pollachi,Black Pepper,Local,53610.81,59042.75,55995.08,INR/quintal,"Coimbatore, Tamil Nadu, India",2023,1,0
2023-01-31,Pepper,Coimbatore,Black Pepper,Local,55308.1,60795.78,57484.96,INR/quintal,"Coimbatore, Tamil Nadu, India",2023,1,1
2023-02-01,Pepper,Sulur,Black Pepper,Local,54900.01,60790.17,57993.93,INR/quintal,"Coimbatore, Tamil Nadu, India",2023,2,2
2023-02-02,Pepper,Pollachi,Pepper,Local,53483.45,59630.25,56046.16,INR/quintal,"Coimbatore, Tamil Nadu, India",2023,2,3
2023-02-03,Pepper,Coimbatore,Pepper,Local,54325.51,59232.26,56430.84,INR/quintal,"Coimbatore, Tamil Nadu, India",2023,2,4
2023-02-04,Pepper,Pollachi,Black Pepper,Local,54966.17,61096.52,57369.82,INR/quintal,"Coimbatore, Tamil Nadu, India",2023,2,5
2023-02-05,Pepper,Mettupalayam,Black Pepper,Local,54697.67,59834.92,57159.04,INR/quintal,"Coimbatore, Tamil Nadu, India",2023,2,6
2023-02-06,Pepper,Udumalpet,Pepper,Local,51558.05,57932.28,54601.7,INR/quintal,"Coimbatore, Tamil Nadu, India",2023,2,0
2023-02-07,Pepper,Pollachi,Pepper,Local,53821.96,60078.42,56721.56,INR/quintal,"Coimbatore, Tamil Nadu, India",2023,2,1
2023-02-08,Pepper,Coimbatore,Black Pepper,Local,53309.39,59925.51,56413.33,INR/quintal,"Coimbatore, Tamil Nadu, India",2023,2,2
2023-02-09,Pepper,Mettupalayam,Pepper,Local,53296.0,59160.77,56058.46,INR/quintal,"Coimbatore, Tamil Nadu, India",2023,2,3
2023-02-10,Pepper,Sulur,Black Pepper,Local,53315.37,59483.19,56436.37,INR/quintal,"Coimbatore, Tamil Nadu, India",2023,2,4
2023-02-11,Pepper,Coimbatore,Black Pepper,Local,54433.96,60094.4,56978.07,INR/quintal,"Coimbatore, Tamil Nadu, India",2023,2,5
2023-02-12,Pepper,Sulur,Pepper,Local,53687.84,59030.99,56191.74,INR/quintal,"Coimbatore, Tamil Nadu, India",2023,2,6
2023-02-13,Pepper,Coimbatore,Pepper,Local,53143.17,59995.05,56182.94,INR/quintal,"Coimbatore, Tamil Nadu, India",2023,2,0
2023-02-14,Pepper,Pollachi,Black Pepper,Local,52072.62,57661.91,54317.19,INR/quintal,"Coimbatore, Tamil Nadu, India",2023,2,1
2023-02-15,Pepper,Udumalpet,Pepper,Local,54383.86,60488.46,56961.39,INR/quintal,"Coimbatore, Tamil Nadu, India",2023,2,2
2023-02-16,Pepper,Sulur,Black Pepper,Local,52733.41,58706.7,56026.87,INR/quintal,"Coimbatore, Tamil Nadu, India",2023,2,3
2023-02-17,Pepper,Sulur,Black Pepper,Local,54704.87,61269.06,58050.08,INR/quintal,"Coimbatore, Tamil Nadu, India",2023,2,4
2023-02-18,Pepper,Pollachi,Pepper,Local,53606.72,59316.98,56512.58,INR/quintal,"Coimbatore, Tamil Nadu, India",2023,2,5
2023-02-19,Pepper,Pollachi,Pepper,Local,54513.99,61295.29,57676.66,INR/quintal,"Coimbatore, Tamil Nadu, India",2023,2,6
2023-02-20,Pepper,Pollachi,Pepper,Local,52807.74,59259.48,55866.89,INR/quintal,"Coimbatore, Tamil Nadu, India",2023,2,0
2023-02-21,Pepper,Pollachi,Pepper,Local,53268.85,60320.54,56527.57,INR/quintal,"Coimbatore, Tamil Nadu, India",2023,2,1
2023-02-22,Pepper,Sulur,Black Pepper,Local,55725.73,61337.34,57961.33,INR/quintal,"Coimbatore, Tamil Nadu, India",2023,2,2
2023-02-23,Pepper,Sulur,Pepper,Local,53373.56,59676.56,56241.74,INR/quintal,"Coimbatore, Tamil Nadu, India",2023,2,3
2023-02-24,Pepper,Udumalpet,Black Pepper,Local,55056.9,61497.93,57925.87,INR/quintal,"Coimbatore, Tamil Nadu, India",2023,2,4
2023-02-25,Pepper,Pollachi,Pepper,Local,52940.03,60062.05,56283.29,INR/quintal,"Coimbatore, Tamil Nadu, India",2023,2,5
2023-02-26,Pepper,Pollachi,Black Pepper,Local,55039.32,60550.62,57610.5,INR/quintal,"Coimbatore, Tamil Nadu, India",2023,2,6
2023-02-27,Pepper,Pollachi,Pepper,Local,54283.78,59985.11,56818.51,INR/quintal,"Coimbatore, Tamil Nadu, India",2023,2,0
2023-02-28,Pepper,Coimbatore,Black Pepper,Local,53477.02,59502.8,56301.71,INR/quintal,"Coimbatore, Tamil Nadu, India",2023,2,1
2023-03-01,Pepper,Udumalpet,Pepper,Local,55139.07,60161.45,57247.61,INR/quintal,"Coimbatore, Tamil Nadu, India",2023,3,2
2023-03-02,Pepper,Sulur,Pepper,Local,55570.46,60681.85,57889.41,INR/quintal,"Coimbatore, Tamil Nadu, India",2023,3,3
2023-03-03,Pepper,Sulur,Black Pepper,Local,54245.86,59126.17,56500.51,INR/quintal,"Coimbatore, Tamil Nadu, India",2023,3,4
2023-03-04,Pepper,Udumalpet,Black Pepper,Local,55310.02,61825.17,58349.08,INR/quintal,"Coimbatore, Tamil Nadu, India",2023,3,5
2023-03-05,Pepper,Sulur,Black Pepper,Local,55287.78,60417.2,57859.54,INR/quintal,"Coimbatore, Tamil Nadu, India",2023,3,6
2023-03-06,Pepper,Mettupalayam,Black Pepper,Local,55936.11,62022.19,58480.89,INR/quintal,"Coimbatore, Tamil Nadu, India",2023,3,0
2023-03-07,Pepper,Udumalpet,Black Pepper,Local,55294.56,61538.87,57754.95,INR/quintal,"Coimbatore, Tamil Nadu, India",2023,3,1
2023-03-08,Pepper,Pollachi,Black Pepper,Local,54334.82,60583.3,57387.76,INR/quintal,"Coimbatore, Tamil Nadu, India",2023,3,2
2023-03-09,Pepper,Udumalpet,Black Pepper,Local,54974.25,61227.61,57743.71,INR/quintal,"Coimbatore, Tamil Nadu, India",2023,3,3
2023-03-10,Pepper,Pollachi,Pepper,Local,57371.04,63527.99,60355.05,INR/quintal,"Coimbatore, Tamil Nadu, India",2023,3,4
2023-03-11,Pepper,Mettupalayam,Pepper,Local,54366.27,60120.58,57144.05,INR/quintal,"Coimbatore, Tamil Nadu, India",2023,3,5
2023-03-12,Pepper,Udumalpet,Black Pepper,Local,56723.1,61956.07,59274.07,INR/quintal,"Coimbatore, Tamil Nadu, India",2023,3,6
2023-03-13,Pepper,Mettupalayam,Black Pepper,Local,57292.36,63171.13,60027.09,INR/quintal,"Coimbatore, Tamil Nadu, India",2023,3,0
2023-03-14,Pepper,Pollachi,Black Pepper,Local,55988.94,62219.17,59336.85,INR/quintal,"Coimbatore, Tamil Nadu, India",2023,3,1
2023-03-15,Pepper,Sulur,Pepper,Local,55692.15,61966.17,58954.49,INR/quintal,"Coimbatore, Tamil Nadu, India",2023,3,2
2023-03-16,Pepper,Pollachi,Black Pepper,Local,55282.26,61364.12,57618.43,INR/quintal,"Coimbatore, Tamil Nadu, India",2023,3,3
2023-03-17,Pepper,Mettupalayam,Pepper,Local,56611.72,61578.01,58848.73,INR/quintal,"Coimbatore, Tamil Nadu, India",2023,3,4
2023-03-18,Pepper,Udumalpet,Black Pepper,Local,55656.9,61627.03,57882.64,INR/quintal,"Coimbatore, Tamil Nadu, India",2023,3,5
2023-03-19,Pepper,Udumalpet,Black Pepper,Local,56460.76,62118.86,59629.99,INR/quintal,"Coimbatore, Tamil Nadu, India",2023,3,6
2023-03-20,Pepper,Udumalpet,Black Pepper,Local,55626.22,61195.04,57834.29,INR/quintal,"Coimbatore, Tamil Nadu, India",2023,3,0
2023-03-21,Pepper,Sulur,Black Pepper,Local,55502.6,60851.29,57891.38,INR/quintal,"Coimbatore, Tamil Nadu, India",2023,3,1
2023-03-22,Pepper,Udumalpet,Black Pepper,Local,52558.25,58506.21,54989.56,INR/quintal,"Coimbatore, Tamil Nadu, India",2023,3,2
2023-03-23,Pepper,Pollachi,Black Pepper,Local,54406.65,60098.43,57208.38,INR/quintal,"Coimbatore, Tamil Nadu, India",2023,3,3
2023-03-24,Pepper,Sulur,Pepper,Local,56226.11,61077.52,58368.18,INR/quintal,"Coimbatore, Tamil Nadu, India",2023,3,4
2023-03-25,Pepper,Udumalpet,Black Pepper,Local,55367.98,61157.11,58699.0,INR/quintal,"Coimbatore, Tamil Nadu, India",2023,3,5
2023-03-26,Pepper,Coimbatore,Pepper,Local,55093.31,61573.29,58095.53,INR/quintal,"Coimbatore, Tamil Nadu, India",2023,3,6
2023-03-27,Pepper,Coimbatore,Pepper,Local,57031.55,62104.4,59694.17,INR/quintal,"Coimbatore, Tamil Nadu, India",2023,3,0
2023-03-28,Pepper,Mettupalayam,Black Pepper,Local,57883.59,62980.2,60254.56,INR/quintal,"Coimbatore, Tamil Nadu, India",2023,3,1
2023-03-29,Pepper,Sulur,Black Pepper,Local,56880.46,63073.97,59754.47,INR/quintal,"Coimbatore, Tamil Nadu, India",2023,3,2
2023-03-30,Pepper,Udumalpet,Black Pepper,Local,56176.72,61300.71,58378.4,INR/quintal,"Coimbatore, Tamil Nadu, India",2023,3,3
2023-03-31,Pepper,Udumalpet,Pepper,Local,56274.6,62717.58,58896.22,INR/quintal,"Coimbatore, Tamil Nadu, India",2023,3,4
2023-04-01,Pepper,Udumalpet,Black Pepper,Local,56725.79,62790.02,59292.84,INR/quintal,"Coimbatore, Tamil Nadu, India",2023,4,5
2023-04-02,Pepper,Udumalpet,Black Pepper,Local,56173.22,62445.28,59455.69,INR/quintal,"Coimbatore, Tamil Nadu, India",2023,4,6
2023-04-03,Pepper,Sulur,Black Pepper,Local,56383.09,61675.18,58894.29,INR/quintal,"Coimbatore, Tamil Nadu, India",2023,4,0
2023-04-04,Pepper,Sulur,Pepper,Local,54771.78,60869.97,57635.07,INR/quintal,"Coimbatore, Tamil Nadu, India",2023,4,1
2023-04-05,Pepper,Pollachi,Pepper,Local,54741.84,61004.76,57167.21,INR/quintal,"Coimbatore, Tamil Nadu, India",2023,4,2
2023-04-06,Pepper,Coimbatore,Black Pepper,Local,55886.59,62370.99,59214.43,INR/quintal,"Coimbatore, Tamil Nadu, India",2023,4,3
2023-04-07,Pepper,Coimbatore,Pepper,Local,55625.05,60974.33,58512.26,INR/quintal,"Coimbatore, Tamil Nadu, India",2023,4,4
2023-04-08,Pepper,Mettupalayam,Pepper,Local,56838.55,62448.2,58948.95,INR/quintal,"Coimbatore, Tamil Nadu, India",2023,4,5
2023-04-09,Pepper,Pollachi,Pepper,Local,56142.76,62807.47,59421.0,INR/quintal,"Coimbatore, Tamil Nadu, India",2023,4,6
2023-04-10,Pepper,Sulur,Black Pepper,Local,55698.59,61699.15,58670.05,INR/quintal,"Coimbatore, Tamil Nadu, India",2023,4,0
2023-04-11,Pepper,Coimbatore,Pepper,Local,55907.17,61730.59,58521.7,INR/quintal,"Coimbatore, Tamil Nadu, India",2023,4,1
2023-04-12,Pepper,Coimbatore,Pepper,Local,55266.28,60804.06,57937.84,INR/quintal,"Coimbatore, Tamil Nadu, India",2023,4,2
2023-04-13,Pepper,Sulur,Pepper,Local,55965.82,60934.49,58295.5,INR/quintal,"Coimbatore, Tamil Nadu, India",2023,4,3
2023-04-14,Pepper,Sulur,Black Pepper,Local,55136.12,60844.0,57923.24,INR/quintal,"Coimbatore, Tamil Nadu, India",2023,4,4
2023-04-15,Pepper,Udumalpet,Black Pepper,Local,56011.93,60934.87,58187.71,INR/quintal,"Coimbatore, Tamil Nadu, India",2023,4,5
2023-04-16,Pepper,Sulur,Black Pepper,Local,54782.79,61199.03,58052.17,INR/quintal,"Coimbatore, Tamil Nadu, India",2023,4,6
2023-04-17,Pepper,Coimbatore,Pepper,Local,55885.49,61400.73,58990.25,INR/quintal,"Coimbatore, Tamil Nadu, India",2023,4,0
2023-04-18,Pepper,Udumalpet,Pepper,Local,56037.87,61806.56,59201.28,INR/quintal,"Coimbatore, Tamil Nadu, India",2023,4,1
2023-04-19,Pepper,Udumalpet,Pepper,Local,55429.22,62205.01,58572.96,INR/quintal,"Coimbatore, Tamil Nadu, India",2023,4,2
2023-04-20,Pepper,Udumalpet,Black Pepper,Local,54775.64,60048.91,57514.22,INR/quintal,"Coimbatore, Tamil Nadu, India",2023,4,3
2023-04-21,Pepper,Sulur,Black Pepper,Local,56010.58,60696.94,58237.5,INR/quintal,"Coimbatore, Tamil Nadu, India",2023,4,4
2023-04-22,Pepper,Coimbatore,Black Pepper,Local,55923.38,62942.44,59210.28,INR/quintal,"Coimbatore, Tamil Nadu, India",2023,4,5
2023-04-23,Pepper,Coimbatore,Pepper,Local,54695.74,60967.65,57451.53,INR/quintal,"Coimbatore, Tamil Nadu, India",2023,4,6
2023-04-24,Pepper,Pollachi,Pepper,Local,55657.3,61363.53,58947.98,INR/quintal,"Coimbatore, Tamil Nadu, India",2023,4,0
2023-04-25,Pepper,Udumalpet,Pepper,Local,54173.84,59586.51,57099.42,INR/quintal,"Coimbatore, Tamil Nadu, India",2023,4,1
2023-04-26,Pepper,Udumalpet,Pepper,Local,55298.51,61045.86,58238.28,INR/quintal,"Coimbatore, Tamil Nadu, India",2023,4,2
2023-04-27,Pepper,Udumalpet,Pepper,Local,54753.08,59961.58,57260.29,INR/quintal,"Coimbatore, Tamil Nadu, India",2023,4,3
2023-04-28,Pepper,Udumalpet,Black Pepper,Local,55784.98,61485.37,58853.01,INR/quintal,"Coimbatore, Tamil Nadu, India",2023,4,4
2023-04-29,Pepper,Coimbatore,Pepper,Local,57171.15,62655.83,60148.22,INR/quintal,"Coimbatore, Tamil Nadu, India",2023,4,5
2023-04-30,Pepper,Pollachi,Pepper,Local,55226.96,60462.37,57816.18,INR/quintal,"Coimbatore, Tamil Nadu, India",2023,4,6
2023-05-01,Pepper,Coimbatore,Pepper,Local,54400.31,60684.05,57366.75,INR/quintal,"Coimbatore, Tamil Nadu, India",2023,5,0
2023-05-02,Pepper,Mettupalayam,Black Pepper,Local,55861.09,62265.73,58471.19,INR/quintal,"Coimbatore, Tamil Nadu, India",2023,5,1
2023-05-03,Pepper,Udumalpet,Black Pepper,Local,55902.36,62451.03,58899.39,INR/quintal,"Coimbatore, Tamil Nadu, India",2023,5,2
2023-05-04,Pepper,Udumalpet,Black Pepper,Local,53665.43,59172.89,56582.69,INR/quintal,"Coimbatore, Tamil Nadu, India",2023,5,3
2023-05-05,Pepper,Udumalpet,Pepper,Local,55501.21,60602.01,58143.81,INR/quintal,"Coimbatore, Tamil Nadu, India",2023,5,4
2023-05-06,Pepper,Coimbatore,Black Pepper,Local,55780.88,62057.18,58401.1,INR/quintal,"Coimbatore, Tamil Nadu, India",2023,5,5
2023-05-07,Pepper,Pollachi,Pepper,Local,53519.6,59255.43,56677.52,INR/quintal,"Coimbatore, Tamil Nadu, India",2023,5,6
2023-05-08,Pepper,Mettupalayam,Pepper,Local,54312.77,60418.24,56796.99,INR/quintal,"Coimbatore, Tamil Nadu, India",2023,5,0
2023-05-09,Pepper,Coimbatore,Black Pepper,Local,54863.53,60568.37,57735.59,INR/quintal,"Coimbatore, Tamil Nadu, India",2023,5,1
2023-05-10,Pepper,Pollachi,Pepper,Local,54066.25,59555.06,56932.5,INR/quintal,"Coimbatore, Tamil Nadu, India",2023,5,2
2023-05-11,Pepper,Udumalpet,Pepper,Local,54380.25,59781.11,57194.84,INR/quintal,"Coimbatore, Tamil Nadu, India",2023,5,3
2023-05-12,Pepper,Sulur,Black Pepper,Local,56070.36,61163.59,58756.58,INR/quintal,"Coimbatore, Tamil Nadu, India",2023,5,4
2023-05-13,Pepper,Pollachi,Pepper,Local,54697.77,61460.64,57638.33,INR/quintal,"Coimbatore, Tamil Nadu, India",2023,5,5
2023-05-14,Pepper,Mettupalayam,Black Pepper,Local,54471.96,59895.56,57360.01,INR/quintal,"Coimbatore, Tamil Nadu, India",2023,5,6
2023-05-15,Pepper,Mettupalayam,Pepper,Local,55027.93,60780.65,58111.12,INR/quintal,"Coimbatore, Tamil Nadu, India",2023,5,0
2023-05-16,Pepper,Coimbatore,Pepper,Local,54650.54,59862.65,57402.71,INR/quintal,"Coimbatore, Tamil Nadu, India",2023,5,1
2023-05-17,Pepper,Sulur,Pepper,Local,53912.44,59931.72,56693.01,INR/quintal,"Coimbatore, Tamil Nadu, India",2023,5,2
2023-05-18,Pepper,Mettupalayam,Pepper,Local,53741.04,59353.08,56764.74,INR/quintal,"Coimbatore, Tamil Nadu, India",2023,5,3
2023-05-19,Pepper,Sulur,Black Pepper,Local,55300.47,61397.09,58101.94,INR/quintal,"Coimbatore, Tamil Nadu, India",2023,5,4
2023-05-20,Pepper,Udumalpet,Pepper,Local,53896.05,59106.19,56585.65,INR/quintal,"Coimbatore, Tamil Nadu, India",2023,5,5
2023-05-21,Pepper,Sulur,Black Pepper,Local,53742.26,59634.0,56740.04,INR/quintal,"Coimbatore, Tamil Nadu, India",2023,5,6
2023-05-22,Pepper,Mettupalayam,Pepper,Local,54932.1,60868.87,57369.15,INR/quintal,"Coimbatore, Tamil Nadu, India",2023,5,0
2023-05-23,Pepper,Udumalpet,Black Pepper,Local,51633.86,58299.61,54793.37,INR/quintal,"Coimbatore, Tamil Nadu, India",2023,5,1
2023-05-24,Pepper,Pollachi,Black Pepper,Local,53292.03,59933.21,56545.39,INR/quintal,"Coimbatore, Tamil Nadu, India",2023,5,2
2023-05-25,Pepper,Pollachi,Black Pepper,Local,53647.2,58531.86,56039.73,INR/quintal,"Coimbatore, Tamil Nadu, India",2023,5,3
2023-05-26,Pepper,Mettupalayam,Pepper,Local,53403.06,58702.68,55640.81,INR/quintal,"Coimbatore, Tamil Nadu, India",2023,5,4
2023-05-27,Pepper,Udumalpet,Pepper,Local,51856.47,58860.79,55197.34,INR/quintal,"Coimbatore, Tamil Nadu, India",2023,5,5
2023-05-28,Pepper,Sulur,Pepper,Local,52903.81,58270.03,55433.68,INR/quintal,"Coimbatore, Tamil Nadu, India",2023,5,6
2023-05-29,Pepper,Pollachi,Pepper,Local,54319.06,59677.56,56531.36,INR/quintal,"Coimbatore, Tamil Nadu, India",2023,5,0
2023-05-30,Pepper,Sulur,Black Pepper,Local,54900.79,61231.14,57434.27,INR/quintal,"Coimbatore, Tamil Nadu, India",2023,5,1
2023-05-31,Pepper,Pollachi,Black Pepper,Local,54855.26,60954.12,57915.36,INR/quintal,"Coimbatore, Tamil Nadu, India",2023,5,2
2023-06-01,Pepper,Pollachi,Black Pepper,Local,53107.98,58318.7,55862.98,INR/quintal,"Coimbatore, Tamil Nadu, India",2023,6,3
2023-06-02,Pepper,Sulur,Pepper,Local,54286.47,60303.53,57428.55,INR/quintal,"Coimbatore, Tamil Nadu, India",2023,6,4
2023-06-03,Pepper,Pollachi,Pepper,Local,52448.36,59250.21,55684.72,INR/quintal,"Coimbatore, Tamil Nadu, India",2023,6,5
2023-06-04,Pepper,Sulur,Pepper,Local,52524.07,58093.28,55464.55,INR/quintal,"Coimbatore, Tamil Nadu, India",2023,6,6
2023-06-05,Pepper,Pollachi,Pepper,Local,53456.83,58963.54,55648.57,INR/quintal,"Coimbatore, Tamil Nadu, India",2023,6,0
2023-06-06,Pepper,Pollachi,Pepper,Local,51423.99,57884.36,54106.02,INR/quintal,"Coimbatore, Tamil Nadu, India",2023,6,1
2023-06-07,Pepper,Pollachi,Pepper,Local,53249.21,58814.72,55677.27,INR/quintal,"Coimbatore, Tamil Nadu, India",2023,6,2
2023-06-08,Pepper,Mettupalayam,Pepper,Local,53805.7,60068.83,56529.46,INR/quintal,"Coimbatore, Tamil Nadu, India",2023,6,3
2023-06-09,Pepper,Sulur,Pepper,Local,52584.1,58470.28,55918.21,INR/quintal,"Coimbatore, Tamil Nadu, India",2023,6,4
2023-06-10,Pepper,Pollachi,Pepper,Local,52840.93,58205.87,55596.87,INR/quintal,"Coimbatore, Tamil Nadu, India",2023,6,5
2023-06-11,Pepper,Coimbatore,Black Pepper,Local,52712.66,58255.45,55002.23,INR/quintal,"Coimbatore, Tamil Nadu, India",2023,6,6
2023-06-12,Pepper,Sulur,Pepper,Local,51674.16,58536.22,54934.11,INR/quintal,"Coimbatore, Tamil Nadu, India",2023,6,0
2023-06-13,Pepper,Mettupalayam,Black Pepper,Local,52729.74,58971.23,55544.83,INR/quintal,"Coimbatore, Tamil Nadu, India",2023,6,1
2023-06-14,Pepper,Udumalpet,Pepper,Local,52865.3,58604.02,55300.3,INR/quintal,"Coimbatore, Tamil Nadu, India",2023,6,2
2023-06-15,Pepper,Udumalpet,Black Pepper,Local,51607.49,58012.18,54453.18,INR/quintal,"Coimbatore, Tamil Nadu, India",2023,6,3
2023-06-16,Pepper,Mettupalayam,Pepper,Local,52413.22,57612.06,54549.71,INR/quintal,"Coimbatore, Tamil Nadu, India",2023,6,4
2023-06-17,Pepper,Sulur,Black Pepper,Local,52240.97,58178.19,54491.24,INR/quintal,"Coimbatore, Tamil Nadu, India",2023,6,5
2023-06-18,Pepper,Udumalpet,Pepper,Local,51798.07,57363.52,54159.8,INR/quintal,"Coimbatore, Tamil Nadu, India",2023,6,6
2023-06-19,Pepper,Sulur,Pepper,Local,51060.04,55899.37,53398.3,INR/quintal,"Coimbatore, Tamil Nadu, India",2023,6,0
2023-06-20,Pepper,Mettupalayam,Pepper,Local,51599.45,56672.07,53781.69,INR/quintal,"Coimbatore, Tamil Nadu, India",2023,6,1
2023-06-21,Pepper,Mettupalayam,Pepper,Local,52098.69,58682.88,55138.12,INR/quintal,"Coimbatore, Tamil Nadu, India",2023,6,2
2023-06-22,Pepper,Coimbatore,Black Pepper,Local,52053.17,57419.21,54238.26,INR/quintal,"Coimbatore, Tamil Nadu, India",2023,6,3
2023-06-23,Pepper,Sulur,Black Pepper,Local,52770.47,58309.66,55262.23,INR/quintal,"Coimbatore, Tamil Nadu, India",2023,6,4
2023-06-24,Pepper,Mettupalayam,Pepper,Local,50696.02,57134.11,53714.26,INR/quintal,"Coimbatore, Tamil Nadu, India",2023,6,5
2023-06-25,Pepper,Udumalpet,Black Pepper,Local,51455.36,58171.4,54612.28,INR/quintal,"Coimbatore, Tamil Nadu, India",2023,6,6
2023-06-26,Pepper,Sulur,Black Pepper,Local,52700.98,58961.01,55421.52,INR/quintal,"Coimbatore, Tamil Nadu, India",2023,6,0
2023-06-27,Pepper,Pollachi,Black Pepper,Local,51467.44,56609.57,54107.06,INR/quintal,"Coimbatore, Tamil Nadu, India",2023,6,1
2023-06-28,Pepper,Udumalpet,Black Pepper,Local,50769.41,56782.07,53224.97,INR/quintal,"Coimbatore, Tamil Nadu, India",2023,6,2
2023-06-29,Pepper,Mettupalayam,Pepper,Local,51776.75,56785.76,54113.53,INR/quintal,"Coimbatore, Tamil Nadu, India",2023,6,3
2023-06-30,Pepper,Udumalpet,Pepper,Local,50541.76,57191.26,53768.04,INR/quintal,"Coimbatore, Tamil Nadu, India",2023,6,4
2023-07-01,Pepper,Pollachi,Black Pepper,Local,52003.55,58644.8,54974.46,INR/quintal,"Coimbatore, Tamil Nadu, India",2023,7,5
2023-07-02,Pepper,Udumalpet,Pepper,Local,50246.06,56090.7,53439.17,INR/quintal,"Coimbatore, Tamil Nadu, India",2023,7,6
2023-07-03,Pepper,Coimbatore,Black Pepper,Local,50007.45,55507.91,52196.33,INR/quintal,"Coimbatore, Tamil Nadu, India",2023,7,0
2023-07-04,Pepper,Coimbatore,Pepper,Local,52186.98,58242.69,54834.6,INR/quintal,"Coimbatore, Tamil Nadu, India",2023,7,1
2023-07-05,Pepper,Mettupalayam,Black Pepper,Local,51040.99,56099.79,53534.59,INR/quintal,"Coimbatore, Tamil Nadu, India",2023,7,2
2023-07-06,Pepper,Coimbatore,Pepper,Local,49262.76,55297.38,51663.7,INR/quintal,"Coimbatore, Tamil Nadu, India",2023,7,3
2023-07-07,Pepper,Mettupalayam,Pepper,Local,51558.6,57519.43,53941.93,INR/quintal,"Coimbatore, Tamil Nadu, India",2023,7,4
2023-07-08,Pepper,Udumalpet,Black Pepper,Local,49052.87,54652.81,52216.82,INR/quintal,"Coimbatore, Tamil Nadu, India",2023,7,5
2023-07-09,Pepper,Mettupalayam,Black Pepper,Local,50983.47,56880.08,53670.75,INR/quintal,"Coimbatore, Tamil Nadu, India",2023,7,6
2023-07-10,Pepper,Sulur,Pepper,Local,49270.76,55402.91,51791.81,INR/quintal,"Coimbatore, Tamil Nadu, India",2023,7,0
2023-07-11,Pepper,Pollachi,Pepper,Local,49671.76,55960.27,52772.65,INR/quintal,"Coimbatore, Tamil Nadu, India",2023,7,1
2023-07-12,Pepper,Udumalpet,Pepper,Local,50742.04,56496.1,52996.83,INR/quintal,"Coimbatore, Tamil Nadu, India",2023,7,2
2023-07-13,Pepper,Sulur,Black Pepper,Local,50449.77,55725.43,53197.02,INR/quintal,"Coimbatore, Tamil Nadu, India",2023,7,3
2023-07-14,Pepper,Pollachi,Pepper,Local,48196.64,53330.96,50501.71,INR/quintal,"Coimbatore, Tamil Nadu, India",2023,7,4
2023-07-15,Pepper,Sulur,Black Pepper,Local,48620.22,55224.37,51545.91,INR/quintal,"Coimbatore, Tamil Nadu, India",2023,7,5
2023-07-16,Pepper,Udumalpet,Black Pepper,Local,49910.01,55223.88,52380.23,INR/quintal,"Coimbatore, Tamil Nadu, India",2023,7,6
2023-07-17,Pepper,Sulur,Black Pepper,Local,47440.41,52290.72,49623.21,INR/quintal,"Coimbatore, Tamil Nadu, India",2023,7,0
2023-07-18,Pepper,Coimbatore,Black Pepper,Local,49228.69,55048.08,52054.74,INR/quintal,"Coimbatore, Tamil Nadu, India",2023,7,1
2023-07-19,Pepper,Sulur,Pepper,Local,48371.01,54685.47,51619.36,INR/quintal,"Coimbatore, Tamil Nadu, India",2023,7,2
2023-07-20,Pepper,Coimbatore,Pepper,Local,47100.05,53236.39,50448.11,INR/quintal,"Coimbatore, Tamil Nadu, India",2023,7,3
2023-07-21,Pepper,Pollachi,Black Pepper,Local,47400.12,54422.23,50621.8,INR/quintal,"Coimbatore, Tamil Nadu, India",2023,7,4
2023-07-22,Pepper,Pollachi,Pepper,Local,48682.06,54390.94,51591.77,INR/quintal,"Coimbatore, Tamil Nadu, India",2023,7,5
2023-07-23,Pepper,Coimbatore,Pepper,Local,48605.95,54108.68,51258.46,INR/quintal,"Coimbatore, Tamil Nadu, India",2023,7,6
2023-07-24,Pepper,Mettupalayam,Pepper,Local,48698.23,54877.18,51600.59,INR/quintal,"Coimbatore, Tamil Nadu, India",2023,7,0
2023-07-25,Pepper,Coimbatore,Pepper,Local,47761.88,54711.45,51113.32,INR/quintal,"Coimbatore, Tamil Nadu, India",2023,7,1
2023-07-26,Pepper,Pollachi,Pepper,Local,46725.94,52394.98,49440.84,INR/quintal,"Coimbatore, Tamil Nadu, India",2023,7,2
2023-07-27,Pepper,Pollachi,Pepper,Local,49479.72,54338.62,51878.71,INR/quintal,"Coimbatore, Tamil Nadu, India",2023,7,3
2023-07-28,Pepper,Pollachi,Pepper,Local,48631.36,53743.42,51151.46,INR/quintal,"Coimbatore, Tamil Nadu, India",2023,7,4
2023-07-29,Pepper,Pollachi,Pepper,Local,50048.57,54872.45,52235.64,INR/quintal,"Coimbatore, Tamil Nadu, India",2023,7,5
2023-07-30,Pepper,Sulur,Pepper,Local,48461.05,54650.98,50895.28,INR/quintal,"Coimbatore, Tamil Nadu, India",2023,7,6
2023-07-31,Pepper,Pollachi,Pepper,Local,48754.42,55278.53,51628.07,INR/quintal,"Coimbatore, Tamil Nadu, India",2023,7,0
2023-08-01,Pepper,Coimbatore,Black Pepper,Local,48747.95,54369.49,51310.71,INR/quintal,"Coimbatore, Tamil Nadu, India",2023,8,1
2023-08-02,Pepper,Coimbatore,Pepper,Local,47556.85,53246.4,49745.25,INR/quintal,"Coimbatore, Tamil Nadu, India",2023,8,2
2023-08-03,Pepper,Mettupalayam,Pepper,Local,48768.14,53989.1,51092.63,INR/quintal,"Coimbatore, Tamil Nadu, India",2023,8,3
2023-08-04,Pepper,Coimbatore,Black Pepper,Local,46464.85,53391.59,49666.32,INR/quintal,"Coimbatore, Tamil Nadu, India",2023,8,4
2023-08-05,Pepper,Pollachi,Black Pepper,Local,47083.87,52608.86,49782.25,INR/quintal,"Coimbatore, Tamil Nadu, India",2023,8,5
2023-08-06,Pepper,Pollachi,Black Pepper,Local,47391.74,53652.12,50244.82,INR/quintal,"Coimbatore, Tamil Nadu, India",2023,8,6
2023-08-07,Pepper,Mettupalayam,Pepper,Local,47699.86,53201.79,50292.3,INR/quintal,"Coimbatore, Tamil Nadu, India",2023,8,0
2023-08-08,Pepper,Sulur,Black Pepper,Local,45569.17,51278.77,47995.02,INR/quintal,"Coimbatore, Tamil Nadu, India",2023,8,1
2023-08-09,Pepper,Sulur,Black Pepper,Local,47105.28,53960.17,50312.76,INR/quintal,"Coimbatore, Tamil Nadu, India",2023,8,2
2023-08-10,Pepper,Sulur,Black Pepper,Local,47295.29,53301.46,50000.03,INR/quintal,"Coimbatore, Tamil Nadu, India",2023,8,3
2023-08-11,Pepper,Mettupalayam,Black Pepper,Local,46449.8,53193.68,49644.98,INR/quintal,"Coimbatore, Tamil Nadu, India",2023,8,4
2023-08-12,Pepper,Udumalpet,Pepper,Local,47682.67,52947.75,50136.98,INR/quintal,"Coimbatore, Tamil Nadu, India",2023,8,5
2023-08-13,Pepper,Udumalpet,Pepper,Local,46342.85,52553.98,49357.67,INR/quintal,"Coimbatore, Tamil Nadu, India",2023,8,6
2023-08-14,Pepper,Coimbatore,Pepper,Local,45717.45,51866.98,48542.78,INR/quintal,"Coimbatore, Tamil Nadu, India",2023,8,0
2023-08-15,Pepper,Mettupalayam,Black Pepper,Local,46494.52,51943.86,48873.31,INR/quintal,"Coimbatore, Tamil Nadu, India",2023,8,1
2023-08-16,Pepper,Mettupalayam,Pepper,Local,46064.56,51450.61,48352.04,INR/quintal,"Coimbatore, Tamil Nadu, India",2023,8,2
2023-08-17,Pepper,Sulur,Black Pepper,Local,46895.17,53320.43,50090.1,INR/quintal,"Coimbatore, Tamil Nadu, India",2023,8,3
2023-08-18,Pepper,Udumalpet,Pepper,Local,46355.34,51809.56,48929.58,INR/quintal,"Coimbatore, Tamil Nadu, India",2023,8,4
2023-08-19,Pepper,Mettupalayam,Black Pepper,Local,46421.68,52564.94,49211.2,INR/quintal,"Coimbatore, Tamil Nadu, India",2023,8,5
2023-08-20,Pepper,Udumalpet,Black Pepper,Local,47619.98,53455.95,50203.56,INR/quintal,"Coimbatore, Tamil Nadu, India",2023,8,6
2023-08-21,Pepper,Udumalpet,Black Pepper,Local,44593.37,50320.38,47835.92,INR/quintal,"Coimbatore, Tamil Nadu, India",2023,8,0
2023-08-22,Pepper,Pollachi,Pepper,Local,45311.59,51202.16,48583.68,INR/quintal,"Coimbatore, Tamil Nadu, India",2023,8,1
2023-08-23,Pepper,Sulur,Pepper,Local,45453.4,50599.09,48041.82,INR/quintal,"Coimbatore, Tamil Nadu, India",2023,8,2
2023-08-24,Pepper,Coimbatore,Black Pepper,Local,45917.56,52232.88,48777.63,INR/quintal,"Coimbatore, Tamil Nadu, India",2023,8,3
2023-08-25,Pepper,Mettupalayam,Pepper,Local,46077.42,51285.04,48681.82,INR/quintal,"Coimbatore, Tamil Nadu, India",2023,8,4
2023-08-26,Pepper,Coimbatore,Black Pepper,Local,46625.83,52226.55,48945.9,INR/quintal,"Coimbatore, Tamil Nadu, India",2023,8,5
2023-08-27,Pepper,Sulur,Pepper,Local,45548.25,52267.02,48812.87,INR/quintal,"Coimbatore, Tamil Nadu, India",2023,8,6
2023-08-28,Pepper,Udumalpet,Black Pepper,Local,46939.97,52171.2,49484.69,INR/quintal,"Coimbatore, Tamil Nadu, India",2023,8,0
2023-08-29,Pepper,Mettupalayam,Black Pepper,Local,45251.2,51293.49,47459.29,INR/quintal,"Coimbatore, Tamil Nadu, India",2023,8,1
2023-08-30,Pepper,Coimbatore,Black Pepper,Local,45595.13,50824.01,47809.93,INR/quintal,"Coimbatore, Tamil Nadu, India",2023,8,2
2023-08-31,Pepper,Pollachi,Black Pepper,Local,44927.48,50886.31,47868.32,INR/quintal,"Coimbatore, Tamil Nadu, India",2023,8,3
2023-09-01,Pepper,Mettupalayam,Pepper,Local,46871.39,52363.59,49753.51,INR/quintal,"Coimbatore, Tamil Nadu, India",2023,9,4
2023-09-02,Pepper,Pollachi,Pepper,Local,45889.35,52035.69,48195.83,INR/quintal,"Coimbatore, Tamil Nadu, India",2023,9,5
2023-09-03,Pepper,Pollachi,Black Pepper,Local,44655.35,49865.18,46866.02,INR/quintal,"Coimbatore, Tamil Nadu, India",2023,9,6
2023-09-04,Pepper,Sulur,Black Pepper,Local,47315.19,53336.69,50040.99,INR/quintal,"Coimbatore, Tamil Nadu, India",2023,9,0
2023-09-05,Pepper,Udumalpet,Pepper,Local,45105.62,51287.69,48301.86,INR/quintal,"Coimbatore, Tamil Nadu, India",2023,9,1
2023-09-06,Pepper,Pollachi,Black Pepper,Local,44906.88,50670.21,47925.13,INR/quintal,"Coimbatore, Tamil Nadu, India",2023,9,2
2023-09-07,Pepper,Coimbatore,Pepper,Local,47372.33,52681.43,50100.16,INR/quintal,"Coimbatore, Tamil Nadu, India",2023,9,3
2023-09-08,Pepper,Udumalpet,Black Pepper,Local,44843.83,50699.05,48123.66,INR/quintal,"Coimbatore, Tamil Nadu, India",2023,9,4
2023-09-09,Pepper,Coimbatore,Pepper,Local,44782.97,50559.76,47360.26,INR/quintal,"Coimbatore, Tamil Nadu, India",2023,9,5
2023-09-10,Pepper,Coimbatore,Black Pepper,Local,45999.47,51015.32,48334.78,INR/quintal,"Coimbatore, Tamil Nadu, India",2023,9,6
2023-09-11,Pepper,Mettupalayam,Black Pepper,Local,46863.08,52553.77,49387.94,INR/quintal,"Coimbatore, Tamil Nadu, India",2023,9,0
2023-09-12,Pepper,Pollachi,Black Pepper,Local,44552.43,50962.65,47791.06,INR/quintal,"Coimbatore, Tamil Nadu, India",2023,9,1
2023-09-13,Pepper,Sulur,Pepper,Local,45365.2,50994.49,47752.56,INR/quintal,"Coimbatore, Tamil Nadu, India",2023,9,2
2023-09-14,Pepper,Pollachi,Pepper,Local,46969.1,52671.74,49491.83,INR/quintal,"Coimbatore, Tamil Nadu, India",2023,9,3
2023-09-15,Pepper,Coimbatore,Pepper,Local,47140.97,52549.75,49315.89,INR/quintal,"Coimbatore, Tamil Nadu, India",2023,9,4
2023-09-16,Pepper,Coimbatore,Pepper,Local,45338.2,50185.33,47536.78,INR/quintal,"Coimbatore, Tamil Nadu, India",2023,9,5
2023-09-17,Pepper,Pollachi,Black Pepper,Local,44745.76,49899.5,47416.73,INR/quintal,"Coimbatore, Tamil Nadu, India",2023,9,6
2023-09-18,Pepper,Sulur,Pepper,Local,44169.65,49300.0,46399.75,INR/quintal,"Coimbatore, Tamil Nadu, India",2023,9,0
2023-09-19,Pepper,Sulur,Black Pepper,Local,44339.05,49884.32,46722.15,INR/quintal,"Coimbatore, Tamil Nadu, India",2023,9,1
2023-09-20,Pepper,Udumalpet,Black Pepper,Local,47891.49,53466.53,50193.02,INR/quintal,"Coimbatore, Tamil Nadu, India",2023,9,2
2023-09-21,Pepper,Coimbatore,Pepper,Local,45258.56,50707.88,47773.77,INR/quintal,"Coimbatore, Tamil Nadu, India",2023,9,3
2023-09-22,Pepper,Sulur,Pepper,Local,46430.56,52544.85,48887.25,INR/quintal,"Coimbatore, Tamil Nadu, India",2023,9,4
2023-09-23,Pepper,Sulur,Black Pepper,Local,45132.91,50736.52,47722.49,INR/quintal,"Coimbatore, Tamil Nadu, India",2023,9,5
2023-09-24,Pepper,Sulur,Pepper,Local,43808.23,49632.96,46296.7,INR/quintal,"Coimbatore, Tamil Nadu, India",2023,9,6
2023-09-25,Pepper,Udumalpet,Pepper,Local,44779.07,51164.08,48008.88,INR/quintal,"Coimbatore, Tamil Nadu, India",2023,9,0
2023-09-26,Pepper,Coimbatore,Pepper,Local,45064.6,50956.07,48000.11,INR/quintal,"Coimbatore, Tamil Nadu, India",2023,9,1
2023-09-27,Pepper,Mettupalayam,Black Pepper,Local,45294.42,51892.59,48092.16,INR/quintal,"Coimbatore, Tamil Nadu, India",2023,9,2
2023-09-28,Pepper,Coimbatore,Pepper,Local,45660.56,51065.33,47923.47,INR/quintal,"Coimbatore, Tamil Nadu, India",2023,9,3
2023-09-29,Pepper,Coimbatore,Pepper,Local,44837.41,50763.52,47740.78,INR/quintal,"Coimbatore, Tamil Nadu, India",2023,9,4
2023-09-30,Pepper,Coimbatore,Pepper,Local,45808.56,51875.11,48619.69,INR/quintal,"Coimbatore, Tamil Nadu, India",2023,9,5
2023-10-01,Pepper,Udumalpet,Pepper,Local,45995.16,51456.22,48863.35,INR/quintal,"Coimbatore, Tamil Nadu, India",2023,10,6
2023-10-02,Pepper,Coimbatore,Black Pepper,Local,45367.7,51925.33,48297.91,INR/quintal,"Coimbatore, Tamil Nadu, India",2023,10,0
2023-10-03,Pepper,Udumalpet,Black Pepper,Local,45715.05,51412.3,48051.15,INR/quintal,"Coimbatore, Tamil Nadu, India",2023,10,1
2023-10-04,Pepper,Coimbatore,Black Pepper,Local,45957.91,51295.41,48161.19,INR/quintal,"Coimbatore, Tamil Nadu, India",2023,10,2
2023-10-05,Pepper,Mettupalayam,Pepper,Local,44811.41,50438.67,47107.99,INR/quintal,"Coimbatore, Tamil Nadu, India",2023,10,3
2023-10-06,Pepper,Pollachi,Black Pepper,Local,44771.34,50167.41,47721.14,INR/quintal,"Coimbatore, Tamil Nadu, India",2023,10,4
2023-10-07,Pepper,Mettupalayam,Black Pepper,Local,45296.1,50895.67,47985.24,INR/quintal,"Coimbatore, Tamil Nadu, India",2023,10,5
2023-10-08,Pepper,Coimbatore,Pepper,Local,44742.56,51212.95,47519.03,INR/quintal,"Coimbatore, Tamil Nadu, India",2023,10,6
2023-10-09,Pepper,Coimbatore,Black Pepper,Local,46334.83,52302.01,48464.3,INR/quintal,"Coimbatore, Tamil Nadu, India",2023,10,0
2023-10-10,Pepper,Udumalpet,Black Pepper,Local,46509.01,51797.07,48893.91,INR/quintal,"Coimbatore, Tamil Nadu, India",2023,10,1
2023-10-11,Pepper,Coimbatore,Pepper,Local,44581.99,50646.29,47596.76,INR/quintal,"Coimbatore, Tamil Nadu, India",2023,10,2
2023-10-12,Pepper,Udumalpet,Black Pepper,Local,44314.3,50715.69,47471.33,INR/quintal,"Coimbatore, Tamil Nadu, India",2023,10,3
2023-10-13,Pepper,Coimbatore,Pepper,Local,47406.49,53728.62,50397.57,INR/quintal,"Coimbatore, Tamil Nadu, India",2023,10,4
2023-10-14,Pepper,Sulur,Black Pepper,Local,45073.51,50537.44,47679.58,INR/quintal,"Coimbatore, Tamil Nadu, India",2023,10,5
2023-10-15,Pepper,Coimbatore,Black Pepper,Local,44909.74,50683.33,47717.07,INR/quintal,"Coimbatore, Tamil Nadu, India",2023,10,6
2023-10-16,Pepper,Coimbatore,Black Pepper,Local,46009.89,51833.55,48513.58,INR/quintal,"Coimbatore, Tamil Nadu, India",2023,10,0
2023-10-17,Pepper,Coimbatore,Pepper,Local,46783.39,52771.12,49944.14,INR/quintal,"Coimbatore, Tamil Nadu, India",2023,10,1
2023-10-18,Pepper,Sulur,Black Pepper,Local,45904.56,50640.17,48133.32,INR/quintal,"Coimbatore, Tamil Nadu, India",2023,10,2
2023-10-19,Pepper,Coimbatore,Pepper,Local,47069.8,52503.68,49779.7,INR/quintal,"Coimbatore, Tamil Nadu, India",2023,10,3
2023-10-20,Pepper,Mettupalayam,Pepper,Local,45226.15,52021.4,48278.33,INR/quintal,"Coimbatore, Tamil Nadu, India",2023,10,4
2023-10-21,Pepper,Coimbatore,Pepper,Local,44572.67,50595.33,47828.3,INR/quintal,"Coimbatore, Tamil Nadu, India",2023,10,5
2023-10-22,Pepper,Pollachi,Black Pepper,Local,47090.26,51940.91,49502.1,INR/quintal,"Coimbatore, Tamil Nadu, India",2023,10,6
2023-10-23,Pepper,Sulur,Pepper,Local,47269.76,52802.84,49757.82,INR/quintal,"Coimbatore, Tamil Nadu, India",2023,10,0
2023-10-24,Pepper,Udumalpet,Pepper,Local,46285.83,51998.5,48629.54,INR/quintal,"Coimbatore, Tamil Nadu, India",2023,10,1
2023-10-25,Pepper,Pollachi,Black Pepper,Local,45273.39,51780.4,48293.03,INR/quintal,"Coimbatore, Tamil Nadu, India",2023,10,2
2023-10-26,Pepper,Sulur,Pepper,Local,45693.83,51246.33,48282.86,INR/quintal,"Coimbatore, Tamil Nadu, India",2023,10,3
2023-10-27,Pepper,Mettupalayam,Pepper,Local,47308.62,52049.83,49493.2,INR/quintal,"Coimbatore, Tamil Nadu, India",2023,10,4
2023-10-28,Pepper,Mettupalayam,Black Pepper,Local,45905.85,51508.98,48739.53,INR/quintal,"Coimbatore, Tamil Nadu, India",2023,10,5
2023-10-29,Pepper,Mettupalayam,Black Pepper,Local,44569.59,50151.26,46852.93,INR/quintal,"Coimbatore, Tamil Nadu, India",2023,10,6
2023-10-30,Pepper,Pollachi,Black Pepper,Local,46296.57,52754.83,49103.01,INR/quintal,"Coimbatore, Tamil Nadu, India",2023,10,0
2023-10-31,Pepper,Mettupalayam,Pepper,Local,46992.07,53283.29,49748.34,INR/quintal,"Coimbatore, Tamil Nadu, India",2023,10,1
2023-11-01,Pepper,Coimbatore,Pepper,Local,44953.23,50501.47,47145.33,INR/quintal,"Coimbatore, Tamil Nadu, India",2023,11,2
2023-11-02,Pepper,Coimbatore,Pepper,Local,46048.43,52464.69,48886.39,INR/quintal,"Coimbatore, Tamil Nadu, India",2023,11,3
2023-11-03,Pepper,Udumalpet,Black Pepper,Local,47412.45,53575.86,49785.02,INR/quintal,"Coimbatore, Tamil Nadu, India",2023,11,4
2023-11-04,Pepper,Pollachi,Black Pepper,Local,46503.32,53273.04,49768.43,INR/quintal,"Coimbatore, Tamil Nadu, India",2023,11,5
2023-11-05,Pepper,Udumalpet,Black Pepper,Local,45412.66,51627.6,47946.83,INR/quintal,"Coimbatore, Tamil Nadu, India",2023,11,6
2023-11-06,Pepper,Pollachi,Pepper,Local,47706.48,53331.19,50090.54,INR/quintal,"Coimbatore, Tamil Nadu, India",2023,11,0
2023-11-07,Pepper,Mettupalayam,Pepper,Local,45145.37,51215.91,48087.72,INR/quintal,"Coimbatore, Tamil Nadu, India",2023,11,1
2023-11-08,Pepper,Coimbatore,Pepper,Local,46980.15,51737.01,49224.14,INR/quintal,"Coimbatore, Tamil Nadu, India",2023,11,2
2023-11-09,Pepper,Mettupalayam,Pepper,Local,47064.48,53715.44,49894.5,INR/quintal,"Coimbatore, Tamil Nadu, India",2023,11,3
2023-11-10,Pepper,Mettupalayam,Black Pepper,Local,45798.09,52143.55,48909.03,INR/quintal,"Coimbatore, Tamil Nadu, India",2023,11,4
2023-11-11,Pepper,Udumalpet,Pepper,Local,47543.9,53163.61,50551.25,INR/quintal,"Coimbatore, Tamil Nadu, India",2023,11,5
2023-11-12,Pepper,Mettupalayam,Black Pepper,Local,46409.15,52545.95,49455.14,INR/quintal,"Coimbatore, Tamil Nadu, India",2023,11,6
2023-11-13,Pepper,Coimbatore,Pepper,Local,47122.88,52814.13,49429.56,INR/quintal,"Coimbatore, Tamil Nadu, India",2023,11,0
2023-11-14,Pepper,Coimbatore,Black Pepper,Local,46422.29,52644.96,48919.7,INR/quintal,"Coimbatore, Tamil Nadu, India",2023,11,1
2023-11-15,Pepper,Udumalpet,Pepper,Local,47182.65,53831.33,50474.06,INR/quintal,"Coimbatore, Tamil Nadu, India",2023,11,2
2023-11-16,Pepper,Pollachi,Pepper,Local,48221.1,53804.51,50545.31,INR/quintal,"Coimbatore, Tamil Nadu, India",2023,11,3
2023-11-17,Pepper,Mettupalayam,Black Pepper,Local,46463.03,52058.41,49563.87,INR/quintal,"Coimbatore, Tamil Nadu, India",2023,11,4
2023-11-18,Pepper,Coimbatore,Black Pepper,Local,46676.99,53052.85,49717.85,INR/quintal,"Coimbatore, Tamil Nadu, India",2023,11,5
2023-11-19,Pepper,Udumalpet,Pepper,Local,47805.26,54493.31,50785.29,INR/quintal,"Coimbatore, Tamil Nadu, India",2023,11,6
2023-11-20,Pepper,Mettupalayam,Black Pepper,Local,47597.17,52866.71,50231.82,INR/quintal,"Coimbatore, Tamil Nadu, India",2023,11,0
2023-11-21,Pepper,Mettupalayam,Pepper,Local,48099.66,53715.15,51181.96,INR/quintal,"Coimbatore, Tamil Nadu, India",2023,11,1
2023-11-22,Pepper,Pollachi,Pepper,Local,48153.63,53054.28,50439.75,INR/quintal,"Coimbatore, Tamil Nadu, India",2023,11,2
2023-11-23,Pepper,Sulur,Pepper,Local,47438.64,53040.86,50073.58,INR/quintal,"Coimbatore, Tamil Nadu, India",2023,11,3
2023-11-24,Pepper,Pollachi,Pepper,Local,46894.6,52415.73,49484.03,INR/quintal,"Coimbatore, Tamil Nadu, India",2023,11,4
2023-11-25,Pepper,Sulur,Pepper,Local,46960.18,51855.86,49428.51,INR/quintal,"Coimbatore, Tamil Nadu, India",2023,11,5
2023-11-26,Pepper,Udumalpet,Pepper,Local,46580.79,52798.22,49501.72,INR/quintal,"Coimbatore, Tamil Nadu, India",2023,11,6
2023-11-27,Pepper,Coimbatore,Black Pepper,Local,47284.98,52963.01,50102.56,INR/quintal,"Coimbatore, Tamil Nadu, India",2023,11,0
2023-11-28,Pepper,Pollachi,Pepper,Local,47917.83,54502.93,50978.82,INR/quintal,"Coimbatore, Tamil Nadu, India",2023,11,1
2023-11-29,Pepper,Pollachi,Pepper,Local,48499.52,54288.6,51001.53,INR/quintal,"Coimbatore, Tamil Nadu, India",2023,11,2
2023-11-30,Pepper,Udumalpet,Black Pepper,Local,48566.42,54075.54,50703.67,INR/quintal,"Coimbatore, Tamil Nadu, India",2023,11,3
2023-12-01,Pepper,Sulur,Pepper,Local,46680.13,52125.75,49034.04,INR/quintal,"Coimbatore, Tamil Nadu, India",2023,12,4
2023-12-02,Pepper,Pollachi,Black Pepper,Local,48087.26,54147.3,51087.48,INR/quintal,"Coimbatore, Tamil Nadu, India",2023,12,5
2023-12-03,Pepper,Pollachi,Black Pepper,Local,48299.38,55245.39,51517.54,INR/quintal,"Coimbatore, Tamil Nadu, India",2023,12,6
2023-12-04,Pepper,Sulur,Pepper,Local,47402.16,53383.27,50109.69,INR/quintal,"Coimbatore, Tamil Nadu, India",2023,12,0
2023-12-05,Pepper,Sulur,Pepper,Local,46535.58,52606.92,49849.47,INR/quintal,"Coimbatore, Tamil Nadu, India",2023,12,1
2023-12-06,Pepper,Udumalpet,Pepper,Local,49666.3,55665.46,52346.17,INR/quintal,"Coimbatore, Tamil Nadu, India",2023,12,2
2023-12-07,Pepper,Mettupalayam,Pepper,Local,47353.5,53205.7,50459.52,INR/quintal,"Coimbatore, Tamil Nadu, India",2023,12,3
2023-12-08,Pepper,Mettupalayam,Black Pepper,Local,50283.9,56136.82,52844.29,INR/quintal,"Coimbatore, Tamil Nadu, India",2023,12,4
2023-12-09,Pepper,Coimbatore,Pepper,Local,50730.45,56655.11,53301.92,INR/quintal,"Coimbatore, Tamil Nadu, India",2023,12,5
2023-12-10,Pepper,Pollachi,Black Pepper,Local,51037.13,56085.1,53633.48,INR/quintal,"Coimbatore, Tamil Nadu, India",2023,12,6
2023-12-11,Pepper,Udumalpet,Pepper,Local,47411.53,52822.62,50163.4,INR/quintal,"Coimbatore, Tamil Nadu, India",2023,12,0
2023-12-12,Pepper,Mettupalayam,Black Pepper,Local,48647.92,54437.29,50937.58,INR/quintal,"Coimbatore, Tamil Nadu, India",2023,12,1
2023-12-13,Pepper,Udumalpet,Black Pepper,Local,48518.14,55155.61,51648.38,INR/quintal,"Coimbatore, Tamil Nadu, India",2023,12,2
2023-12-14,Pepper,Pollachi,Pepper,Local,48755.16,53867.75,51271.81,INR/quintal,"Coimbatore, Tamil Nadu, India",2023,12,3
2023-12-15,Pepper,Sulur,Pepper,Local,48957.89,54533.28,51986.56,INR/quintal,"Coimbatore, Tamil Nadu, India",2023,12,4
2023-12-16,Pepper,Udumalpet,Pepper,Local,48971.67,54687.66,51425.24,INR/quintal,"Coimbatore, Tamil Nadu, India",2023,12,5
2023-12-17,Pepper,Mettupalayam,Pepper,Local,48690.0,54303.69,51819.53,INR/quintal,"Coimbatore, Tamil Nadu, India",2023,12,6
2023-12-18,Pepper,Mettupalayam,Black Pepper,Local,48702.39,54444.21,51323.05,INR/quintal,"Coimbatore, Tamil Nadu, India",2023,12,0
2023-12-19,Pepper,Mettupalayam,Black Pepper,Local,50272.72,56220.24,53061.67,INR/quintal,"Coimbatore, Tamil Nadu, India",2023,12,1
2023-12-20,Pepper,Coimbatore,Black Pepper,Local,51004.4,57501.05,54153.86,INR/quintal,"Coimbatore, Tamil Nadu, India",2023,12,2
2023-12-21,Pepper,Pollachi,Black Pepper,Local,50316.9,56581.38,53204.74,INR/quintal,"Coimbatore, Tamil Nadu, India",2023,12,3
2023-12-22,Pepper,Sulur,Black Pepper,Local,52047.74,57672.13,54420.16,INR/quintal,"Coimbatore, Tamil Nadu, India",2023,12,4
2023-12-23,Pepper,Sulur,Black Pepper,Local,49650.95,54734.47,51800.1,INR/quintal,"Coimbatore, Tamil Nadu, India",2023,12,5
2023-12-24,Pepper,Coimbatore,Black Pepper,Local,51997.11,56914.44,54321.09,INR/quintal,"Coimbatore, Tamil Nadu, India",2023,12,6
2023-12-25,Pepper,Sulur,Pepper,Local,49403.3,56225.64,52600.14,INR/quintal,"Coimbatore, Tamil Nadu, India",2023,12,0
2023-12-26,Pepper,Udumalpet,Black Pepper,Local,48721.1,54393.92,51971.7,INR/quintal,"Coimbatore, Tamil Nadu, India",2023,12,1
2023-12-27,Pepper,Udumalpet,Black Pepper,Local,50638.86,55763.38,53341.01,INR/quintal,"Coimbatore, Tamil Nadu, India",2023,12,2
2023-12-28,Pepper,Udumalpet,Black Pepper,Local,49835.0,56492.25,52663.41,INR/quintal,"Coimbatore, Tamil Nadu, India",2023,12,3
2023-12-29,Pepper,Coimbatore,Pepper,Local,49601.48,56513.26,52688.99,INR/quintal,"Coimbatore, Tamil Nadu, India",2023,12,4
2023-12-30,Pepper,Mettupalayam,Pepper,Local,51385.34,57829.82,54348.43,INR/quintal,"Coimbatore, Tamil Nadu, India",2023,12,5
2023-12-31,Pepper,Mettupalayam,Pepper,Local,51908.1,56967.41,54049.25,INR/quintal,"Coimbatore, Tamil Nadu, India",2023,12,6
2024-01-01,Pepper,Coimbatore,Black Pepper,Local,50436.98,56016.71,53260.11,INR/quintal,"Coimbatore, Tamil Nadu, India",2024,1,0
2024-01-02,Pepper,Sulur,Black Pepper,Local,50453.78,56513.15,53804.74,INR/quintal,"Coimbatore, Tamil Nadu, India",2024,1,1
2024-01-03,Pepper,Udumalpet,Pepper,Local,52160.73,58004.17,54941.89,INR/quintal,"Coimbatore, Tamil Nadu, India",2024,1,2
2024-01-04,Pepper,Udumalpet,Pepper,Local,51275.61,58076.39,54446.65,INR/quintal,"Coimbatore, Tamil Nadu, India",2024,1,3
2024-01-05,Pepper,Udumalpet,Black Pepper,Local,48776.58,55338.68,51849.88,INR/quintal,"Coimbatore, Tamil Nadu, India",2024,1,4
2024-01-06,Pepper,Mettupalayam,Pepper,Local,50519.33,56209.14,52828.75,INR/quintal,"Coimbatore, Tamil Nadu, India",2024,1,5
2024-01-07,Pepper,Mettupalayam,Black Pepper,Local,51016.08,56490.91,53221.91,INR/quintal,"Coimbatore, Tamil Nadu, India",2024,1,6
2024-01-08,Pepper,Udumalpet,Black Pepper,Local,49281.64,55260.5,52530.52,INR/quintal,"Coimbatore, Tamil Nadu, India",2024,1,0
2024-01-09,Pepper,Udumalpet,Black Pepper,Local,51849.88,58020.64,54549.07,INR/quintal,"Coimbatore, Tamil Nadu, India",2024,1,1
2024-01-10,Pepper,Pollachi,Pepper,Local,52537.52,58515.99,55761.2,INR/quintal,"Coimbatore, Tamil Nadu, India",2024,1,2
2024-01-11,Pepper,Pollachi,Pepper,Local,52344.89,57177.57,54457.62,INR/quintal,"Coimbatore, Tamil Nadu, India",2024,1,3
2024-01-12,Pepper,Sulur,Pepper,Local,50935.68,55918.12,53168.58,INR/quintal,"Coimbatore, Tamil Nadu, India",2024,1,4
2024-01-13,Pepper,Pollachi,Black Pepper,Local,52063.65,58040.24,55304.25,INR/quintal,"Coimbatore, Tamil Nadu, India",2024,1,5
2024-01-14,Pepper,Mettupalayam,Pepper,Local,52381.68,58676.98,55223.74,INR/quintal,"Coimbatore, Tamil Nadu, India",2024,1,6
2024-01-15,Pepper,Udumalpet,Pepper,Local,52887.57,58450.41,55389.47,INR/quintal,"Coimbatore, Tamil Nadu, India",2024,1,0
2024-01-16,Pepper,Coimbatore,Pepper,Local,52840.66,58985.13,56040.39,INR/quintal,"Coimbatore, Tamil Nadu, India",2024,1,1
2024-01-17,Pepper,Sulur,Pepper,Local,53571.91,59238.45,56364.47,INR/quintal,"Coimbatore, Tamil Nadu, India",2024,1,2
2024-01-18,Pepper,Coimbatore,Black Pepper,Local,53589.0,59837.56,56569.1,INR/quintal,"Coimbatore, Tamil Nadu, India",2024,1,3
2024-01-19,Pepper,Mettupalayam,Pepper,Local,52223.13,58734.24,55212.97,INR/quintal,"Coimbatore, Tamil Nadu, India",2024,1,4
2024-01-20,Pepper,Pollachi,Black Pepper,Local,54266.05,59883.65,56820.19,INR/quintal,"Coimbatore, Tamil Nadu, India",2024,1,5
2024-01-21,Pepper,Coimbatore,Black Pepper,Local,54686.08,61205.45,57394.94,INR/quintal,"Coimbatore, Tamil Nadu, India",2024,1,6
2024-01-22,Pepper,Sulur,Pepper,Local,53568.15,59446.6,56204.3,INR/quintal,"Coimbatore, Tamil Nadu, India",2024,1,0
2024-01-23,Pepper,Pollachi,Pepper,Local,53700.27,60110.17,56615.32,INR/quintal,"Coimbatore, Tamil Nadu, India",2024,1,1
2024-01-24,Pepper,Coimbatore,Pepper,Local,53185.01,58419.6,55649.8,INR/quintal,"Coimbatore, Tamil Nadu, India",2024,1,2
2024-01-25,Pepper,Sulur,Pepper,Local,51543.83,58362.83,54585.58,INR/quintal,"Coimbatore, Tamil Nadu, India",2024,1,3
2024-01-26,Pepper,Pollachi,Pepper,Local,54858.48,59826.82,57367.06,INR/quintal,"Coimbatore, Tamil Nadu, India",2024,1,4
2024-01-27,Pepper,Coimbatore,Black Pepper,Local,54154.47,59029.68,56549.08,INR/quintal,"Coimbatore, Tamil Nadu, India",2024,1,5
2024-01-28,Pepper,Sulur,Black Pepper,Local,53825.43,59415.44,56567.83,INR/quintal,"Coimbatore, Tamil Nadu, India",2024,1,6
2024-01-29,Pepper,Udumalpet,Black Pepper,Local,54825.54,59437.92,57030.65,INR/quintal,"Coimbatore, Tamil Nadu, India",2024,1,0
2024-01-30,Pepper,Udumalpet,Pepper,Local,55390.63,60055.11,57576.42,INR/quintal,"Coimbatore, Tamil Nadu, India",2024,1,1
2024-01-31,Pepper,Sulur,Pepper,Local,53970.55,59969.29,56589.06,INR/quintal,"Coimbatore, Tamil Nadu, India",2024,1,2
2024-02-01,Pepper,Sulur,Black Pepper,Local,53129.06,58645.21,56123.98,INR/quintal,"Coimbatore, Tamil Nadu, India",2024,2,3
2024-02-02,Pepper,Sulur,Black Pepper,Local,53538.55,60455.9,56669.07,INR/quintal,"Coimbatore, Tamil Nadu, India",2024,2,4
2024-02-03,Pepper,Udumalpet,Pepper,Local,52582.66,59629.63,55935.35,INR/quintal,"Coimbatore, Tamil Nadu, India",2024,2,5
2024-02-04,Pepper,Sulur,Pepper,Local,54904.39,60900.93,57559.02,INR/quintal,"Coimbatore, Tamil Nadu, India",2024,2,6
2024-02-05,Pepper,Sulur,Black Pepper,Local,55106.96,60206.44,57540.43,INR/quintal,"Coimbatore, Tamil Nadu, India",2024,2,0
2024-02-06,Pepper,Coimbatore,Black Pepper,Local,53712.32,60043.47,56716.22,INR/quintal,"Coimbatore, Tamil Nadu, India",2024,2,1
2024-02-07,Pepper,Sulur,Black Pepper,Local,55859.55,60879.85,58249.81,INR/quintal,"Coimbatore, Tamil Nadu, India",2024,2,2
2024-02-08,Pepper,Pollachi,Pepper,Local,54579.14,61397.01,57909.14,INR/quintal,"Coimbatore, Tamil Nadu, India",2024,2,3
2024-02-09,Pepper,Coimbatore,Black Pepper,Local,56824.07,62173.33,58950.13,INR/quintal,"Coimbatore, Tamil Nadu, India",2024,2,4
2024-02-10,Pepper,Coimbatore,Black Pepper,Local,55094.71,60798.39,58258.12,INR/quintal,"Coimbatore, Tamil Nadu, India",2024,2,5
2024-02-11,Pepper,Mettupalayam,Black Pepper,Local,55915.55,61790.57,58169.98,INR/quintal,"Coimbatore, Tamil Nadu, India",2024,2,6
2024-02-12,Pepper,Coimbatore,Black Pepper,Local,54343.3,60764.87,57143.98,INR/quintal,"Coimbatore, Tamil Nadu, India",2024,2,0
2024-02-13,Pepper,Udumalpet,Black Pepper,Local,54548.84,60953.49,57885.65,INR/quintal,"Coimbatore, Tamil Nadu, India",2024,2,1
2024-02-14,Pepper,Udumalpet,Black Pepper,Local,54239.1,60705.54,57340.08,INR/quintal,"Coimbatore, Tamil Nadu, India",2024,2,2
2024-02-15,Pepper,Mettupalayam,Pepper,Local,54537.83,60405.17,57263.97,INR/quintal,"Coimbatore, Tamil Nadu, India",2024,2,3
2024-02-16,Pepper,Udumalpet,Black Pepper,Local,55126.88,61722.01,58208.66,INR/quintal,"Coimbatore, Tamil Nadu, India",2024,2,4
2024-02-17,Pepper,Coimbatore,Pepper,Local,56236.65,61641.3,59168.25,INR/quintal,"Coimbatore, Tamil Nadu, India",2024,2,5
2024-02-18,Pepper,Sulur,Pepper,Local,55807.71,61662.08,58771.28,INR/quintal,"Coimbatore, Tamil Nadu, India",2024,2,6
2024-02-19,Pepper,Pollachi,Pepper,Local,56246.08,62561.16,59064.83,INR/quintal,"Coimbatore, Tamil Nadu, India",2024,2,0
2024-02-20,Pepper,Coimbatore,Pepper,Local,54811.99,60459.83,57012.32,INR/quintal,"Coimbatore, Tamil Nadu, India",2024,2,1
2024-02-21,Pepper,Mettupalayam,Black Pepper,Local,56184.97,62730.07,59094.05,INR/quintal,"Coimbatore, Tamil Nadu, India",2024,2,2
2024-02-22,Pepper,Udumalpet,Black Pepper,Local,54178.28,59882.19,57472.08,INR/quintal,"Coimbatore, Tamil Nadu, India",2024,2,3
2024-02-23,Pepper,Coimbatore,Black Pepper,Local,56287.91,61542.14,59007.05,INR/quintal,"Coimbatore, Tamil Nadu, India",2024,2,4
2024-02-24,Pepper,Sulur,Black Pepper,Local,55576.0,61513.06,58102.58,INR/quintal,"Coimbatore, Tamil Nadu, India",2024,2,5
2024-02-25,Pepper,Mettupalayam,Black Pepper,Local,55691.65,60699.37,58220.32,INR/quintal,"Coimbatore, Tamil Nadu, India",2024,2,6
2024-02-26,Pepper,Udumalpet,Black Pepper,Local,55225.71,60884.0,58000.45,INR/quintal,"Coimbatore, Tamil Nadu, India",2024,2,0
2024-02-27,Pepper,Coimbatore,Black Pepper,Local,54192.84,60358.02,56710.54,INR/quintal,"Coimbatore, Tamil Nadu, India",2024,2,1
2024-02-28,Pepper,Coimbatore,Pepper,Local,54840.46,60641.87,58103.22,INR/quintal,"Coimbatore, Tamil Nadu, India",2024,2,2
2024-02-29,Pepper,Sulur,Black Pepper,Local,54727.95,60670.63,57488.61,INR/quintal,"Coimbatore, Tamil Nadu, India",2024,2,3
2024-03-01,Pepper,Mettupalayam,Pepper,Local,54642.44,61065.44,57982.18,INR/quintal,"Coimbatore, Tamil Nadu, India",2024,3,4
2024-03-02,Pepper,Pollachi,Black Pepper,Local,57192.09,63366.6,59634.58,INR/quintal,"Coimbatore, Tamil Nadu, India",2024,3,5
2024-03-03,Pepper,Mettupalayam,Black Pepper,Local,55097.82,61257.8,57748.03,INR/quintal,"Coimbatore, Tamil Nadu, India",2024,3,6
2024-03-04,Pepper,Mettupalayam,Pepper,Local,55627.61,61405.64,58897.98,INR/quintal,"Coimbatore, Tamil Nadu, India",2024,3,0
2024-03-05,Pepper,Pollachi,Black Pepper,Local,57868.58,62936.71,59985.8,INR/quintal,"Coimbatore, Tamil Nadu, India",2024,3,1
2024-03-06,Pepper,Udumalpet,Pepper,Local,54619.44,61009.98,57540.24,INR/quintal,"Coimbatore, Tamil Nadu, India",2024,3,2
2024-03-07,Pepper,Pollachi,Black Pepper,Local,56223.07,62275.83,58467.96,INR/quintal,"Coimbatore, Tamil Nadu, India",2024,3,3
2024-03-08,Pepper,Mettupalayam,Black Pepper,Local,55397.45,62177.38,58736.31,INR/quintal,"Coimbatore, Tamil Nadu, India",2024,3,4
2024-03-09,Pepper,Sulur,Black Pepper,Local,56940.8,63446.1,60096.29,INR/quintal,"Coimbatore, Tamil Nadu, India",2024,3,5
2024-03-10,Pepper,Udumalpet,Black Pepper,Local,56088.26,62951.67,59335.51,INR/quintal,"Coimbatore, Tamil Nadu, India",2024,3,6
2024-03-11,Pepper,Sulur,Black Pepper,Local,56345.96,61676.69,58541.49,INR/quintal,"Coimbatore, Tamil Nadu, India",2024,3,0
2024-03-12,Pepper,Mettupalayam,Pepper,Local,57054.19,63103.5,59602.76,INR/quintal,"Coimbatore, Tamil Nadu, India",2024,3,1
2024-03-13,Pepper,Pollachi,Pepper,Local,55341.55,61548.63,58622.3,INR/quintal,"Coimbatore, Tamil Nadu, India",2024,3,2
2024-03-14,Pepper,Coimbatore,Pepper,Local,56591.71,62602.56,59213.83,INR/quintal,"Coimbatore, Tamil Nadu, India",2024,3,3
2024-03-15,Pepper,Mettupalayam,Pepper,Local,55614.53,61561.59,58463.35,INR/quintal,"Coimbatore, Tamil Nadu, India",2024,3,4
2024-03-16,Pepper,Pollachi,Black Pepper,Local,57311.15,63144.21,59749.24,INR/quintal,"Coimbatore, Tamil Nadu, India",2024,3,5
2024-03-17,Pepper,Pollachi,Pepper,Local,55814.48,61941.68,58103.26,INR/quintal,"Coimbatore, Tamil Nadu, India",2024,3,6
2024-03-18,Pepper,Mettupalayam,Black Pepper,Local,56067.49,62011.38,58696.53,INR/quintal,"Coimbatore, Tamil Nadu, India",2024,3,0
2024-03-19,Pepper,Sulur,Pepper,Local,54889.16,61078.49,57767.38,INR/quintal,"Coimbatore, Tamil Nadu, India",2024,3,1
2024-03-20,Pepper,Mettupalayam,Black Pepper,Local,55732.88,61200.73,58085.13,INR/quintal,"Coimbatore, Tamil Nadu, India",2024,3,2
2024-03-21,Pepper,Mettupalayam,Pepper,Local,55471.66,61367.61,58542.89,INR/quintal,"Coimbatore, Tamil Nadu, India",2024,3,3
2024-03-22,Pepper,Mettupalayam,Pepper,Local,57072.07,63417.15,60042.4,INR/quintal,"Coimbatore, Tamil Nadu, India",2024,3,4
2024-03-23,Pepper,Mettupalayam,Pepper,Local,57960.03,64665.17,60905.57,INR/quintal,"Coimbatore, Tamil Nadu, India",2024,3,5
2024-03-24,Pepper,Coimbatore,Black Pepper,Local,56982.79,62635.43,59481.07,INR/quintal,"Coimbatore, Tamil Nadu, India",2024,3,6
2024-03-25,Pepper,Mettupalayam,Pepper,Local,57040.39,62717.59,60294.37,INR/quintal,"Coimbatore, Tamil Nadu, India",2024,3,0
2024-03-26,Pepper,Mettupalayam,Black Pepper,Local,56866.12,61489.22,59001.11,INR/quintal,"Coimbatore, Tamil Nadu, India",2024,3,1
2024-03-27,Pepper,Pollachi,Pepper,Local,57843.25,62490.08,60001.61,INR/quintal,"Coimbatore, Tamil Nadu, India",2024,3,2
2024-03-28,Pepper,Udumalpet,Black Pepper,Local,58199.11,64438.77,60695.13,INR/quintal,"Coimbatore, Tamil Nadu, India",2024,3,3
2024-03-29,Pepper,Coimbatore,Black Pepper,Local,56456.43,62464.59,59183.09,INR/quintal,"Coimbatore, Tamil Nadu, India",2024,3,4
2024-03-30,Pepper,Sulur,Pepper,Local,57629.75,62845.67,59742.48,INR/quintal,"Coimbatore, Tamil Nadu, India",2024,3,5
2024-03-31,Pepper,Pollachi,Black Pepper,Local,56068.42,62194.67,59037.87,INR/quintal,"Coimbatore, Tamil Nadu, India",2024,3,6
2024-04-01,Pepper,Mettupalayam,Black Pepper,Local,55236.44,60961.27,58524.54,INR/quintal,"Coimbatore, Tamil Nadu, India",2024,4,0
2024-04-02,Pepper,Pollachi,Pepper,Local,56813.77,62150.34,59053.76,INR/quintal,"Coimbatore, Tamil Nadu, India",2024,4,1
2024-04-03,Pepper,Udumalpet,Black Pepper,Local,55454.1,61290.69,57589.08,INR/quintal,"Coimbatore, Tamil Nadu, India",2024,4,2
2024-04-04,Pepper,Pollachi,Pepper,Local,56778.82,62089.35,59132.47,INR/quintal,"Coimbatore, Tamil Nadu, India",2024,4,3
2024-04-05,Pepper,Pollachi,Black Pepper,Local,55747.07,60995.55,57915.41,INR/quintal,"Coimbatore, Tamil Nadu, India",2024,4,4
2024-04-06,Pepper,Udumalpet,Black Pepper,Local,56717.61,62235.24,59579.29,INR/quintal,"Coimbatore, Tamil Nadu, India",2024,4,5
2024-04-07,Pepper,Udumalpet,Pepper,Local,55462.84,61855.84,58127.4,INR/quintal,"Coimbatore, Tamil Nadu, India",2024,4,6
2024-04-08,Pepper,Coimbatore,Pepper,Local,55778.55,61961.62,58615.09,INR/quintal,"Coimbatore, Tamil Nadu, India",2024,4,0
2024-04-09,Pepper,Udumalpet,Black Pepper,Local,57294.09,64089.35,60388.3,INR/quintal,"Coimbatore, Tamil Nadu, India",2024,4,1
2024-04-10,Pepper,Pollachi,Black Pepper,Local,56841.62,63710.37,59992.41,INR/quintal,"Coimbatore, Tamil Nadu, India",2024,4,2
2024-04-11,Pepper,Pollachi,Black Pepper,Local,57300.65,63100.61,60214.86,INR/quintal,"Coimbatore, Tamil Nadu, India",2024,4,3
2024-04-12,Pepper,Mettupalayam,Black Pepper,Local,57801.33,64100.47,60893.11,INR/quintal,"Coimbatore, Tamil Nadu, India",2024,4,4
2024-04-13,Pepper,Mettupalayam,Black Pepper,Local,57757.28,63887.07,60480.45,INR/quintal,"Coimbatore, Tamil Nadu, India",2024,4,5
2024-04-14,Pepper,Pollachi,Black Pepper,Local,57332.19,63077.1,59479.37,INR/quintal,"Coimbatore, Tamil Nadu, India",2024,4,6
2024-04-15,Pepper,Pollachi,Black Pepper,Local,56172.6,61507.2,58302.94,INR/quintal,"Coimbatore, Tamil Nadu, India",2024,4,0
2024-04-16,Pepper,Sulur,Black Pepper,Local,55621.98,60464.63,57977.52,INR/quintal,"Coimbatore, Tamil Nadu, India",2024,4,1
2024-04-17,Pepper,Sulur,Pepper,Local,55460.04,60456.11,57646.75,INR/quintal,"Coimbatore, Tamil Nadu, India",2024,4,2
2024-04-18,Pepper,Mettupalayam,Pepper,Local,55502.85,62319.93,58738.31,INR/quintal,"Coimbatore, Tamil Nadu, India",2024,4,3
2024-04-19,Pepper,Coimbatore,Black Pepper,Local,56172.42,62593.75,58798.01,INR/quintal,"Coimbatore, Tamil Nadu, India",2024,4,4
2024-04-20,Pepper,Coimbatore,Pepper,Local,57170.82,63536.05,59870.53,INR/quintal,"Coimbatore, Tamil Nadu, India",2024,4,5
2024-04-21,Pepper,Mettupalayam,Pepper,Local,54957.05,60810.2,57847.56,INR/quintal,"Coimbatore, Tamil Nadu, India",2024,4,6
2024-04-22,Pepper,Pollachi,Black Pepper,Local,57545.93,62950.46,60470.88,INR/quintal,"Coimbatore, Tamil Nadu, India",2024,4,0
2024-04-23,Pepper,Coimbatore,Pepper,Local,55396.04,60508.31,58107.28,INR/quintal,"Coimbatore, Tamil Nadu, India",2024,4,1
2024-04-24,Pepper,Mettupalayam,Pepper,Local,54647.56,59567.3,57103.06,INR/quintal,"Coimbatore, Tamil Nadu, India",2024,4,2
2024-04-25,Pepper,Pollachi,Pepper,Local,54186.16,60297.42,56605.21,INR/quintal,"Coimbatore, Tamil Nadu, India",2024,4,3
2024-04-26,Pepper,Pollachi,Black Pepper,Local,56057.12,62278.34,58531.34,INR/quintal,"Coimbatore, Tamil Nadu, India",2024,4,4
2024-04-27,Pepper,Coimbatore,Black Pepper,Local,56527.46,61759.11,58876.49,INR/quintal,"Coimbatore, Tamil Nadu, India",2024,4,5
2024-04-28,Pepper,Coimbatore,Black Pepper,Local,55728.15,60967.13,58183.89,INR/quintal,"Coimbatore, Tamil Nadu, India",2024,4,6
2024-04-29,Pepper,Coimbatore,Pepper,Local,55091.82,60550.12,57708.76,INR/quintal,"Coimbatore, Tamil Nadu, India",2024,4,0
2024-04-30,Pepper,Mettupalayam,Pepper,Local,57095.42,61698.3,59222.33,INR/quintal,"Coimbatore, Tamil Nadu, India",2024,4,1
2024-05-01,Pepper,Pollachi,Black Pepper,Local,54492.84,60457.63,57509.51,INR/quintal,"Coimbatore, Tamil Nadu, India",2024,5,2
2024-05-02,Pepper,Udumalpet,Black Pepper,Local,56282.9,61217.16,58663.1,INR/quintal,"Coimbatore, Tamil Nadu, India",2024,5,3
2024-05-03,Pepper,Sulur,Black Pepper,Local,55435.43,61348.51,58793.85,INR/quintal,"Coimbatore, Tamil Nadu, India",2024,5,4
2024-05-04,Pepper,Sulur,Pepper,Local,56296.31,62744.09,59140.05,INR/quintal,"Coimbatore, Tamil Nadu, India",2024,5,5
2024-05-05,Pepper,Coimbatore,Black Pepper,Local,56055.26,62029.41,59148.17,INR/quintal,"Coimbatore, Tamil Nadu, India",2024,5,6
2024-05-06,Pepper,Udumalpet,Black Pepper,Local,54371.9,61272.03,57687.43,INR/quintal,"Coimbatore, Tamil Nadu, India",2024,5,0
2024-05-07,Pepper,Coimbatore,Black Pepper,Local,55901.59,61638.13,58699.94,INR/quintal,"Coimbatore, Tamil Nadu, India",2024,5,1
2024-05-08,Pepper,Pollachi,Pepper,Local,54980.19,61188.23,57361.79,INR/quintal,"Coimbatore, Tamil Nadu, India",2024,5,2
2024-05-09,Pepper,Udumalpet,Pepper,Local,55417.58,61158.3,58646.52,INR/quintal,"Coimbatore, Tamil Nadu, India",2024,5,3
2024-05-10,Pepper,Mettupalayam,Black Pepper,Local,55409.92,61132.47,57683.8,INR/quintal,"Coimbatore, Tamil Nadu, India",2024,5,4
2024-05-11,Pepper,Udumalpet,Black Pepper,Local,55299.36,61536.3,58519.4,INR/quintal,"Coimbatore, Tamil Nadu, India",2024,5,5
2024-05-12,Pepper,Sulur,Black Pepper,Local,56070.36,62237.79,59109.27,INR/quintal,"Coimbatore, Tamil Nadu, India",2024,5,6
2024-05-13,Pepper,Coimbatore,Black Pepper,Local,53945.68,59779.3,56994.85,INR/quintal,"Coimbatore, Tamil Nadu, India",2024,5,0
2024-05-14,Pepper,Mettupalayam,Black Pepper,Local,55075.01,60805.32,57654.43,INR/quintal,"Coimbatore, Tamil Nadu, India",2024,5,1
2024-05-15,Pepper,Coimbatore,Black Pepper,Local,55428.58,60529.92,57966.01,INR/quintal,"Coimbatore, Tamil Nadu, India",2024,5,2
2024-05-16,Pepper,Coimbatore,Pepper,Local,52894.76,59811.33,56076.32,INR/quintal,"Coimbatore, Tamil Nadu, India",2024,5,3
2024-05-17,Pepper,Sulur,Black Pepper,Local,55582.78,62601.56,58834.63,INR/quintal,"Coimbatore, Tamil Nadu, India",2024,5,4
2024-05-18,Pepper,Coimbatore,Pepper,Local,55722.02,61071.68,58053.91,INR/quintal,"Coimbatore, Tamil Nadu, India",2024,5,5
2024-05-19,Pepper,Coimbatore,Black Pepper,Local,53910.1,59922.56,56879.29,INR/quintal,"Coimbatore, Tamil Nadu, India",2024,5,6
2024-05-20,Pepper,Pollachi,Black Pepper,Local,54375.4,60225.81,57636.21,INR/quintal,"Coimbatore, Tamil Nadu, India",2024,5,0
2024-05-21,Pepper,Sulur,Black Pepper,Local,53835.01,59364.73,56917.12,INR/quintal,"Coimbatore, Tamil Nadu, India",2024,5,1
2024-05-22,Pepper,Udumalpet,Black Pepper,Local,55659.66,61006.27,57924.25,INR/quintal,"Coimbatore, Tamil Nadu, India",2024,5,2
2024-05-23,Pepper,Coimbatore,Pepper,Local,56201.93,61296.21,58565.99,INR/quintal,"Coimbatore, Tamil Nadu, India",2024,5,3
2024-05-24,Pepper,Sulur,Pepper,Local,54292.65,59797.87,57048.69,INR/quintal,"Coimbatore, Tamil Nadu, India",2024,5,4
2024-05-25,Pepper,Coimbatore,Pepper,Local,51451.3,57561.88,54581.77,INR/quintal,"Coimbatore, Tamil Nadu, India",2024,5,5
2024-05-26,Pepper,Mettupalayam,Black Pepper,Local,52365.49,57947.26,55124.18,INR/quintal,"Coimbatore, Tamil Nadu, India",2024,5,6
2024-05-27,Pepper,Sulur,Pepper,Local,54091.58,59680.6,56832.9,INR/quintal,"Coimbatore, Tamil Nadu, India",2024,5,0
2024-05-28,Pepper,Mettupalayam,Black Pepper,Local,55137.42,60333.32,57366.58,INR/quintal,"Coimbatore, Tamil Nadu, India",2024,5,1
2024-05-29,Pepper,Udumalpet,Pepper,Local,53738.6,59643.11,57095.87,INR/quintal,"Coimbatore, Tamil Nadu, India",2024,5,2
2024-05-30,Pepper,Mettupalayam,Pepper,Local,52932.47,58273.83,55426.36,INR/quintal,"Coimbatore, Tamil Nadu, India",2024,5,3
2024-05-31,Pepper,Mettupalayam,Black Pepper,Local,54230.49,59567.75,57031.23,INR/quintal,"Coimbatore, Tamil Nadu, India",2024,5,4
2024-06-01,Pepper,Mettupalayam,Pepper,Local,54967.63,60416.62,57137.54,INR/quintal,"Coimbatore, Tamil Nadu, India",2024,6,5
2024-06-02,Pepper,Sulur,Pepper,Local,53039.57,59928.87,56242.67,INR/quintal,"Coimbatore, Tamil Nadu, India",2024,6,6
2024-06-03,Pepper,Coimbatore,Black Pepper,Local,52969.25,59604.97,56165.0,INR/quintal,"Coimbatore, Tamil Nadu, India",2024,6,0
2024-06-04,Pepper,Udumalpet,Black Pepper,Local,52676.62,58332.88,54955.54,INR/quintal,"Coimbatore, Tamil Nadu, India",2024,6,1
2024-06-05,Pepper,Mettupalayam,Pepper,Local,53480.37,59637.57,56566.52,INR/quintal,"Coimbatore, Tamil Nadu, India",2024,6,2
2024-06-06,Pepper,Coimbatore,Pepper,Local,52812.15,59141.13,55878.58,INR/quintal,"Coimbatore, Tamil Nadu, India",2024,6,3
2024-06-07,Pepper,Coimbatore,Black Pepper,Local,53755.99,60321.26,56691.02,INR/quintal,"Coimbatore, Tamil Nadu, India",2024,6,4
2024-06-08,Pepper,Coimbatore,Pepper,Local,53430.91,58043.3,55578.75,INR/quintal,"Coimbatore, Tamil Nadu, India",2024,6,5
2024-06-09,Pepper,Pollachi,Pepper,Local,51765.25,58048.18,54491.86,INR/quintal,"Coimbatore, Tamil Nadu, India",2024,6,6
2024-06-10,Pepper,Sulur,Pepper,Local,53901.77,60129.73,56525.18,INR/quintal,"Coimbatore, Tamil Nadu, India",2024,6,0
2024-06-11,Pepper,Udumalpet,Pepper,Local,53095.01,58385.33,55466.11,INR/quintal,"Coimbatore, Tamil Nadu, India",2024,6,1
2024-06-12,Pepper,Udumalpet,Black Pepper,Local,54263.21,60141.89,57158.14,INR/quintal,"Coimbatore, Tamil Nadu, India",2024,6,2
2024-06-13,Pepper,Udumalpet,Pepper,Local,52590.18,59160.36,55463.25,INR/quintal,"Coimbatore, Tamil Nadu, India",2024,6,3
2024-06-14,Pepper,Sulur,Pepper,Local,53436.66,59484.42,55938.0,INR/quintal,"Coimbatore, Tamil Nadu, India",2024,6,4
2024-06-15,Pepper,Coimbatore,Pepper,Local,52814.0,59035.33,55276.0,INR/quintal,"Coimbatore, Tamil Nadu, India",2024,6,5
2024-06-16,Pepper,Coimbatore,Pepper,Local,52278.8,59156.46,55610.63,INR/quintal,"Coimbatore, Tamil Nadu, India",2024,6,6
2024-06-17,Pepper,Mettupalayam,Pepper,Local,52510.93,57723.95,55167.34,INR/quintal,"Coimbatore, Tamil Nadu, India",2024,6,0
2024-06-18,Pepper,Udumalpet,Black Pepper,Local,51314.0,56883.96,53712.72,INR/quintal,"Coimbatore, Tamil Nadu, India",2024,6,1
2024-06-19,Pepper,Mettupalayam,Black Pepper,Local,52282.42,58671.94,55186.28,INR/quintal,"Coimbatore, Tamil Nadu, India",2024,6,2
2024-06-20,Pepper,Sulur,Black Pepper,Local,53151.01,57985.54,55284.15,INR/quintal,"Coimbatore, Tamil Nadu, India",2024,6,3
2024-06-21,Pepper,Sulur,Pepper,Local,52382.12,57789.5,54623.04,INR/quintal,"Coimbatore, Tamil Nadu, India",2024,6,4
2024-06-22,Pepper,Udumalpet,Black Pepper,Local,53534.53,59562.88,55974.79,INR/quintal,"Coimbatore, Tamil Nadu, India",2024,6,5
2024-06-23,Pepper,Pollachi,Black Pepper,Local,50612.89,55642.84,52959.57,INR/quintal,"Coimbatore, Tamil Nadu, India",2024,6,6
2024-06-24,Pepper,Sulur,Pepper,Local,51680.37,58230.37,54624.3,INR/quintal,"Coimbatore, Tamil Nadu, India",2024,6,0
2024-06-25,Pepper,Mettupalayam,Pepper,Local,49402.02,55499.07,52186.9,INR/quintal,"Coimbatore, Tamil Nadu, India",2024,6,1
2024-06-26,Pepper,Coimbatore,Black Pepper,Local,51316.8,57031.02,53849.48,INR/quintal,"Coimbatore, Tamil Nadu, India",2024,6,2
2024-06-27,Pepper,Sulur,Pepper,Local,50885.93,56963.17,53668.08,INR/quintal,"Coimbatore, Tamil Nadu, India",2024,6,3
2024-06-28,Pepper,Mettupalayam,Pepper,Local,51325.96,57269.88,54237.82,INR/quintal,"Coimbatore, Tamil Nadu, India",2024,6,4
2024-06-29,Pepper,Coimbatore,Pepper,Local,50684.48,57081.77,53291.21,INR/quintal,"Coimbatore, Tamil Nadu, India",2024,6,5
2024-06-30,Pepper,Sulur,Black Pepper,Local,51157.26,56961.93,54163.74,INR/quintal,"Coimbatore, Tamil Nadu, India",2024,6,6
2024-07-01,Pepper,Mettupalayam,Pepper,Local,49917.96,55385.75,52531.85,INR/quintal,"Coimbatore, Tamil Nadu, India",2024,7,0
2024-07-02,Pepper,Coimbatore,Black Pepper,Local,50383.93,56591.92,53721.91,INR/quintal,"Coimbatore, Tamil Nadu, India",2024,7,1
2024-07-03,Pepper,Udumalpet,Black Pepper,Local,49821.77,56430.94,52726.67,INR/quintal,"Coimbatore, Tamil Nadu, India",2024,7,2
2024-07-04,Pepper,Coimbatore,Pepper,Local,50323.54,56363.24,52607.33,INR/quintal,"Coimbatore, Tamil Nadu, India",2024,7,3
2024-07-05,Pepper,Pollachi,Pepper,Local,50458.52,56565.9,52892.0,INR/quintal,"Coimbatore, Tamil Nadu, India",2024,7,4
2024-07-06,Pepper,Sulur,Pepper,Local,49857.02,55886.7,52879.55,INR/quintal,"Coimbatore, Tamil Nadu, India",2024,7,5
2024-07-07,Pepper,Mettupalayam,Pepper,Local,51076.29,56824.8,54152.55,INR/quintal,"Coimbatore, Tamil Nadu, India",2024,7,6
2024-07-08,Pepper,Udumalpet,Black Pepper,Local,49454.46,55215.46,52496.3,INR/quintal,"Coimbatore, Tamil Nadu, India",2024,7,0
2024-07-09,Pepper,Udumalpet,Black Pepper,Local,49775.1,56256.87,52726.24,INR/quintal,"Coimbatore, Tamil Nadu, India",2024,7,1
2024-07-10,Pepper,Coimbatore,Pepper,Local,48989.89,53915.5,51449.56,INR/quintal,"Coimbatore, Tamil Nadu, India",2024,7,2
2024-07-11,Pepper,Sulur,Pepper,Local,50735.83,56331.39,53111.36,INR/quintal,"Coimbatore, Tamil Nadu, India",2024,7,3
2024-07-12,Pepper,Udumalpet,Black Pepper,Local,48846.01,55509.82,51922.85,INR/quintal,"Coimbatore, Tamil Nadu, India",2024,7,4
2024-07-13,Pepper,Mettupalayam,Pepper,Local,48230.81,54445.98,51569.78,INR/quintal,"Coimbatore, Tamil Nadu, India",2024,7,5
2024-07-14,Pepper,Mettupalayam,Black Pepper,Local,48781.49,54195.32,51612.72,INR/quintal,"Coimbatore, Tamil Nadu, India",2024,7,6
2024-07-15,Pepper,Pollachi,Pepper,Local,50195.74,56822.92,52992.81,INR/quintal,"Coimbatore, Tamil Nadu, India",2024,7,0
2024-07-16,Pepper,Sulur,Black Pepper,Local,50846.89,56535.42,53324.78,INR/quintal,"Coimbatore, Tamil Nadu, India",2024,7,1
2024-07-17,Pepper,Sulur,Pepper,Local,50017.53,55938.88,52564.98,INR/quintal,"Coimbatore, Tamil Nadu, India",2024,7,2
2024-07-18,Pepper,Mettupalayam,Black Pepper,Local,50469.72,55467.98,53030.45,INR/quintal,"Coimbatore, Tamil Nadu, India",2024,7,3
2024-07-19,Pepper,Sulur,Pepper,Local,50648.7,56249.01,53275.74,INR/quintal,"Coimbatore, Tamil Nadu, India",2024,7,4
2024-07-20,Pepper,Udumalpet,Black Pepper,Local,48293.72,54021.98,51020.89,INR/quintal,"Coimbatore, Tamil Nadu, India",2024,7,5
2024-07-21,Pepper,Mettupalayam,Pepper,Local,50389.07,56266.32,52726.43,INR/quintal,"Coimbatore, Tamil Nadu, India",2024,7,6
2024-07-22,Pepper,Mettupalayam,Black Pepper,Local,48308.36,53527.94,51116.65,INR/quintal,"Coimbatore, Tamil Nadu, India",2024,7,0
2024-07-23,Pepper,Mettupalayam,Black Pepper,Local,48257.75,53773.59,51312.1,INR/quintal,"Coimbatore, Tamil Nadu, India",2024,7,1
2024-07-24,Pepper,Udumalpet,Black Pepper,Local,48651.53,54391.52,51789.07,INR/quintal,"Coimbatore, Tamil Nadu, India",2024,7,2
2024-07-25,Pepper,Pollachi,Black Pepper,Local,48264.27,54304.19,51041.01,INR/quintal,"Coimbatore, Tamil Nadu, India",2024,7,3
2024-07-26,Pepper,Udumalpet,Pepper,Local,51618.14,57288.04,54512.48,INR/quintal,"Coimbatore, Tamil Nadu, India",2024,7,4
2024-07-27,Pepper,Coimbatore,Black Pepper,Local,49677.16,55634.94,52083.87,INR/quintal,"Coimbatore, Tamil Nadu, India",2024,7,5
2024-07-28,Pepper,Mettupalayam,Black Pepper,Local,47688.24,54167.44,50448.34,INR/quintal,"Coimbatore, Tamil Nadu, India",2024,7,6
2024-07-29,Pepper,Mettupalayam,Pepper,Local,50797.42,55315.77,52904.27,INR/quintal,"Coimbatore, Tamil Nadu, India",2024,7,0
2024-07-30,Pepper,Mettupalayam,Pepper,Local,49833.71,55292.64,52104.11,INR/quintal,"Coimbatore, Tamil Nadu, India",2024,7,1
2024-07-31,Pepper,Pollachi,Pepper,Local,49097.18,54653.89,51427.06,INR/quintal,"Coimbatore, Tamil Nadu, India",2024,7,2
2024-08-01,Pepper,Pollachi,Pepper,Local,47187.97,52713.08,50284.68,INR/quintal,"Coimbatore, Tamil Nadu, India",2024,8,3
2024-08-02,Pepper,Udumalpet,Pepper,Local,47450.09,52534.24,49943.4,INR/quintal,"Coimbatore, Tamil Nadu, India",2024,8,4
2024-08-03,Pepper,Sulur,Pepper,Local,49921.2,54911.88,52265.28,INR/quintal,"Coimbatore, Tamil Nadu, India",2024,8,5
2024-08-04,Pepper,Mettupalayam,Black Pepper,Local,48521.16,54298.08,51598.92,INR/quintal,"Coimbatore, Tamil Nadu, India",2024,8,6
2024-08-05,Pepper,Coimbatore,Black Pepper,Local,47444.6,52609.24,50011.28,INR/quintal,"Coimbatore, Tamil Nadu, India",2024,8,0
2024-08-06,Pepper,Mettupalayam,Black Pepper,Local,47725.87,54721.54,50948.35,INR/quintal,"Coimbatore, Tamil Nadu, India",2024,8,1
2024-08-07,Pepper,Mettupalayam,Black Pepper,Local,48197.87,54914.3,51512.54,INR/quintal,"Coimbatore, Tamil Nadu, India",2024,8,2
2024-08-08,Pepper,Sulur,Pepper,Local,47555.92,54068.11,50275.76,INR/quintal,"Coimbatore, Tamil Nadu, India",2024,8,3
2024-08-09,Pepper,Pollachi,Pepper,Local,50157.25,54688.71,52275.49,INR/quintal,"Coimbatore, Tamil Nadu, India",2024,8,4
2024-08-10,Pepper,Coimbatore,Pepper,Local,49003.06,54107.19,51133.65,INR/quintal,"Coimbatore, Tamil Nadu, India",2024,8,5
2024-08-11,Pepper,Coimbatore,Pepper,Local,47507.54,54069.84,50739.83,INR/quintal,"Coimbatore, Tamil Nadu, India",2024,8,6
2024-08-12,Pepper,Mettupalayam,Black Pepper,Local,47435.94,52824.39,49981.1,INR/quintal,"Coimbatore, Tamil Nadu, India",2024,8,0
2024-08-13,Pepper,Mettupalayam,Black Pepper,Local,48848.47,54685.11,51240.99,INR/quintal,"Coimbatore, Tamil Nadu, India",2024,8,1
2024-08-14,Pepper,Udumalpet,Black Pepper,Local,49589.44,55734.01,51970.59,INR/quintal,"Coimbatore, Tamil Nadu, India",2024,8,2
2024-08-15,Pepper,Udumalpet,Black Pepper,Local,47395.13,53079.09,50655.03,INR/quintal,"Coimbatore, Tamil Nadu, India",2024,8,3
2024-08-16,Pepper,Pollachi,Black Pepper,Local,46101.59,53213.65,49451.65,INR/quintal,"Coimbatore, Tamil Nadu, India",2024,8,4
2024-08-17,Pepper,Mettupalayam,Pepper,Local,47988.99,53078.28,50524.29,INR/quintal,"Coimbatore, Tamil Nadu, India",2024,8,5
2024-08-18,Pepper,Pollachi,Pepper,Local,47367.77,52699.86,49847.58,INR/quintal,"Coimbatore, Tamil Nadu, India",2024,8,6
2024-08-19,Pepper,Pollachi,Pepper,Local,47058.02,52609.95,50129.71,INR/quintal,"Coimbatore, Tamil Nadu, India",2024,8,0
2024-08-20,Pepper,Coimbatore,Pepper,Local,47475.85,53231.63,49698.77,INR/quintal,"Coimbatore, Tamil Nadu, India",2024,8,1
2024-08-21,Pepper,Mettupalayam,Pepper,Local,46497.52,52135.38,49553.12,INR/quintal,"Coimbatore, Tamil Nadu, India",2024,8,2
2024-08-22,Pepper,Sulur,Black Pepper,Local,47194.09,52598.52,49323.72,INR/quintal,"Coimbatore, Tamil Nadu, India",2024,8,3
2024-08-23,Pepper,Mettupalayam,Pepper,Local,46620.64,52144.39,49708.37,INR/quintal,"Coimbatore, Tamil Nadu, India",2024,8,4
2024-08-24,Pepper,Coimbatore,Black Pepper,Local,47266.37,53194.27,49821.84,INR/quintal,"Coimbatore, Tamil Nadu, India",2024,8,5
2024-08-25,Pepper,Pollachi,Black Pepper,Local,48041.23,54066.41,50645.91,INR/quintal,"Coimbatore, Tamil Nadu, India",2024,8,6
2024-08-26,Pepper,Sulur,Black Pepper,Local,47210.67,51930.2,49436.09,INR/quintal,"Coimbatore, Tamil Nadu, India",2024,8,0
2024-08-27,Pepper,Udumalpet,Pepper,Local,46894.53,53516.84,50160.86,INR/quintal,"Coimbatore, Tamil Nadu, India",2024,8,1
2024-08-28,Pepper,Pollachi,Pepper,Local,45753.46,51012.79,47977.28,INR/quintal,"Coimbatore, Tamil Nadu, India",2024,8,2
2024-08-29,Pepper,Mettupalayam,Pepper,Local,47715.79,53019.17,50563.72,INR/quintal,"Coimbatore, Tamil Nadu, India",2024,8,3
2024-08-30,Pepper,Mettupalayam,Black Pepper,Local,47359.56,53495.04,49774.43,INR/quintal,"Coimbatore, Tamil Nadu, India",2024,8,4
2024-08-31,Pepper,Udumalpet,Pepper,Local,44980.82,50680.83,47959.26,INR/quintal,"Coimbatore, Tamil Nadu, India",2024,8,5
2024-09-01,Pepper,Coimbatore,Black Pepper,Local,46378.31,52631.89,49258.41,INR/quintal,"Coimbatore, Tamil Nadu, India",2024,9,6
2024-09-02,Pepper,Pollachi,Black Pepper,Local,46854.08,52330.43,49691.39,INR/quintal,"Coimbatore, Tamil Nadu, India",2024,9,0
2024-09-03,Pepper,Sulur,Black Pepper,Local,46934.22,52623.29,49506.57,INR/quintal,"Coimbatore, Tamil Nadu, India",2024,9,1
2024-09-04,Pepper,Udumalpet,Pepper,Local,46428.6,51627.37,48717.33,INR/quintal,"Coimbatore, Tamil Nadu, India",2024,9,2
2024-09-05,Pepper,Coimbatore,Black Pepper,Local,44746.18,50285.35,47333.05,INR/quintal,"Coimbatore, Tamil Nadu, India",2024,9,3
2024-09-06,Pepper,Mettupalayam,Black Pepper,Local,44785.41,50983.57,48036.48,INR/quintal,"Coimbatore, Tamil Nadu, India",2024,9,4
2024-09-07,Pepper,Udumalpet,Black Pepper,Local,45819.08,50889.05,48440.66,INR/quintal,"Coimbatore, Tamil Nadu, India",2024,9,5
2024-09-08,Pepper,Sulur,Pepper,Local,45428.8,51933.76,48462.3,INR/quintal,"Coimbatore, Tamil Nadu, India",2024,9,6
2024-09-09,Pepper,Sulur,Black Pepper,Local,48117.98,53852.68,50312.11,INR/quintal,"Coimbatore, Tamil Nadu, India",2024,9,0
2024-09-10,Pepper,Pollachi,Black Pepper,Local,44131.71,50357.85,46784.89,INR/quintal,"Coimbatore, Tamil Nadu, India",2024,9,1
2024-09-11,Pepper,Sulur,Black Pepper,Local,44205.64,51085.96,47523.08,INR/quintal,"Coimbatore, Tamil Nadu, India",2024,9,2
2024-09-12,Pepper,Pollachi,Black Pepper,Local,45578.57,51048.65,48536.11,INR/quintal,"Coimbatore, Tamil Nadu, India",2024,9,3
2024-09-13,Pepper,Mettupalayam,Black Pepper,Local,46546.82,52876.23,49805.07,INR/quintal,"Coimbatore, Tamil Nadu, India",2024,9,4
2024-09-14,Pepper,Coimbatore,Black Pepper,Local,45003.57,52005.88,48217.2,INR/quintal,"Coimbatore, Tamil Nadu, India",2024,9,5
2024-09-15,Pepper,Mettupalayam,Pepper,Local,45765.61,52050.15,48765.78,INR/quintal,"Coimbatore, Tamil Nadu, India",2024,9,6
2024-09-16,Pepper,Mettupalayam,Pepper,Local,45557.63,50142.98,47721.74,INR/quintal,"Coimbatore, Tamil Nadu, India",2024,9,0
2024-09-17,Pepper,Sulur,Pepper,Local,46006.38,52355.7,48762.04,INR/quintal,"Coimbatore, Tamil Nadu, India",2024,9,1
2024-09-18,Pepper,Udumalpet,Black Pepper,Local,46134.92,51545.28,48552.88,INR/quintal,"Coimbatore, Tamil Nadu, India",2024,9,2
2024-09-19,Pepper,Pollachi,Pepper,Local,45974.1,51957.79,49330.75,INR/quintal,"Coimbatore, Tamil Nadu, India",2024,9,3
2024-09-20,Pepper,Coimbatore,Pepper,Local,44804.22,50940.12,47825.75,INR/quintal,"Coimbatore, Tamil Nadu, India",2024,9,4
2024-09-21,Pepper,Coimbatore,Black Pepper,Local,48019.43,54220.61,51112.6,INR/quintal,"Coimbatore, Tamil Nadu, India",2024,9,5
2024-09-22,Pepper,Udumalpet,Black Pepper,Local,46055.66,51482.38,48793.72,INR/quintal,"Coimbatore, Tamil Nadu, India",2024,9,6
2024-09-23,Pepper,Coimbatore,Black Pepper,Local,44496.67,51212.08,47782.49,INR/quintal,"Coimbatore, Tamil Nadu, India",2024,9,0
2024-09-24,Pepper,Sulur,Black Pepper,Local,45422.8,51777.61,48542.87,INR/quintal,"Coimbatore, Tamil Nadu, India",2024,9,1
2024-09-25,Pepper,Pollachi,Pepper,Local,44859.86,51674.94,47901.73,INR/quintal,"Coimbatore, Tamil Nadu, India",2024,9,2
2024-09-26,Pepper,Pollachi,Pepper,Local,43355.62,49668.2,46540.61,INR/quintal,"Coimbatore, Tamil Nadu, India",2024,9,3
2024-09-27,Pepper,Udumalpet,Pepper,Local,47070.82,52608.16,49548.26,INR/quintal,"Coimbatore, Tamil Nadu, India",2024,9,4
2024-09-28,Pepper,Udumalpet,Black Pepper,Local,44986.25,51110.95,47705.24,INR/quintal,"Coimbatore, Tamil Nadu, India",2024,9,5
2024-09-29,Pepper,Udumalpet,Black Pepper,Local,46763.39,52688.56,49268.99,INR/quintal,"Coimbatore, Tamil Nadu, India",2024,9,6
2024-09-30,Pepper,Udumalpet,Pepper,Local,45981.49,51403.9,48890.58,INR/quintal,"Coimbatore, Tamil Nadu, India",2024,9,0
2024-10-01,Pepper,Udumalpet,Pepper,Local,44903.08,50321.9,47242.53,INR/quintal,"Coimbatore, Tamil Nadu, India",2024,10,1
2024-10-02,Pepper,Coimbatore,Pepper,Local,45464.45,50312.24,47606.13,INR/quintal,"Coimbatore, Tamil Nadu, India",2024,10,2
2024-10-03,Pepper,Mettupalayam,Black Pepper,Local,47358.2,53492.21,49861.2,INR/quintal,"Coimbatore, Tamil Nadu, India",2024,10,3
2024-10-04,Pepper,Sulur,Black Pepper,Local,45853.08,51610.4,48559.35,INR/quintal,"Coimbatore, Tamil Nadu, India",2024,10,4
2024-10-05,Pepper,Pollachi,Black Pepper,Local,44757.98,49727.08,47029.14,INR/quintal,"Coimbatore, Tamil Nadu, India",2024,10,5
2024-10-06,Pepper,Sulur,Pepper,Local,46586.81,53233.37,49769.77,INR/quintal,"Coimbatore, Tamil Nadu, India",2024,10,6
2024-10-07,Pepper,Coimbatore,Black Pepper,Local,47945.17,53373.04,50543.64,INR/quintal,"Coimbatore, Tamil Nadu, India",2024,10,0
2024-10-08,Pepper,Udumalpet,Pepper,Local,44478.27,49617.02,46724.0,INR/quintal,"Coimbatore, Tamil Nadu, India",2024,10,1
2024-10-09,Pepper,Mettupalayam,Black Pepper,Local,46346.31,52301.55,48827.33,INR/quintal,"Coimbatore, Tamil Nadu, India",2024,10,2
2024-10-10,Pepper,Sulur,Black Pepper,Local,46686.46,51844.24,49029.2,INR/quintal,"Coimbatore, Tamil Nadu, India",2024,10,3
2024-10-11,Pepper,Udumalpet,Black Pepper,Local,44057.33,50700.42,47154.4,INR/quintal,"Coimbatore, Tamil Nadu, India",2024,10,4
2024-10-12,Pepper,Sulur,Black Pepper,Local,45301.17,50567.45,48134.68,INR/quintal,"Coimbatore, Tamil Nadu, India",2024,10,5
2024-10-13,Pepper,Sulur,Pepper,Local,47250.14,53108.13,50315.55,INR/quintal,"Coimbatore, Tamil Nadu, India",2024,10,6
2024-10-14,Pepper,Coimbatore,Black Pepper,Local,45511.23,52195.91,48774.56,INR/quintal,"Coimbatore, Tamil Nadu, India",2024,10,0
2024-10-15,Pepper,Udumalpet,Black Pepper,Local,46865.84,52674.44,50009.03,INR/quintal,"Coimbatore, Tamil Nadu, India",2024,10,1
2024-10-16,Pepper,Coimbatore,Pepper,Local,45665.75,50935.17,48198.91,INR/quintal,"Coimbatore, Tamil Nadu, India",2024,10,2
2024-10-17,Pepper,Pollachi,Black Pepper,Local,47375.04,52840.32,50240.95,INR/quintal,"Coimbatore, Tamil Nadu, India",2024,10,3
2024-10-18,Pepper,Udumalpet,Pepper,Local,47460.83,52169.94,49613.14,INR/quintal,"Coimbatore, Tamil Nadu, India",2024,10,4
2024-10-19,Pepper,Coimbatore,Black Pepper,Local,46512.96,51821.04,49343.98,INR/quintal,"Coimbatore, Tamil Nadu, India",2024,10,5
2024-10-20,Pepper,Sulur,Black Pepper,Local,45372.33,51175.96,48691.21,INR/quintal,"Coimbatore, Tamil Nadu, India",2024,10,6
2024-10-21,Pepper,Coimbatore,Black Pepper,Local,46168.11,52854.44,49526.98,INR/quintal,"Coimbatore, Tamil Nadu, India",2024,10,0
2024-10-22,Pepper,Sulur,Pepper,Local,45053.58,50818.27,48240.03,INR/quintal,"Coimbatore, Tamil Nadu, India",2024,10,1
2024-10-23,Pepper,Pollachi,Black Pepper,Local,45867.63,52153.55,49177.76,INR/quintal,"Coimbatore, Tamil Nadu, India",2024,10,2
2024-10-24,Pepper,Coimbatore,Black Pepper,Local,46545.95,51887.99,48947.97,INR/quintal,"Coimbatore, Tamil Nadu, India",2024,10,3
2024-10-25,Pepper,Sulur,Pepper,Local,44290.2,49600.24,46400.46,INR/quintal,"Coimbatore, Tamil Nadu, India",2024,10,4
2024-10-26,Pepper,Pollachi,Black Pepper,Local,45314.94,51072.72,48290.83,INR/quintal,"Coimbatore, Tamil Nadu, India",2024,10,5
2024-10-27,Pepper,Pollachi,Pepper,Local,47735.48,53061.72,50279.67,INR/quintal,"Coimbatore, Tamil Nadu, India",2024,10,6
2024-10-28,Pepper,Mettupalayam,Black Pepper,Local,45856.24,51577.74,48702.28,INR/quintal,"Coimbatore, Tamil Nadu, India",2024,10,0
2024-10-29,Pepper,Udumalpet,Black Pepper,Local,45596.71,51310.56,48740.99,INR/quintal,"Coimbatore, Tamil Nadu, India",2024,10,1
2024-10-30,Pepper,Pollachi,Pepper,Local,45948.75,51599.71,48515.95,INR/quintal,"Coimbatore, Tamil Nadu, India",2024,10,2
2024-10-31,Pepper,Udumalpet,Pepper,Local,47347.57,53908.09,50663.03,INR/quintal,"Coimbatore, Tamil Nadu, India",2024,10,3
2024-11-01,Pepper,Udumalpet,Black Pepper,Local,47818.53,53405.37,50020.5,INR/quintal,"Coimbatore, Tamil Nadu, India",2024,11,4
2024-11-02,Pepper,Pollachi,Pepper,Local,47575.32,52565.02,49805.43,INR/quintal,"Coimbatore, Tamil Nadu, India",2024,11,5
2024-11-03,Pepper,Mettupalayam,Pepper,Local,47077.9,52855.88,50275.71,INR/quintal,"Coimbatore, Tamil Nadu, India",2024,11,6
2024-11-04,Pepper,Mettupalayam,Pepper,Local,46338.63,52272.86,48888.41,INR/quintal,"Coimbatore, Tamil Nadu, India",2024,11,0
2024-11-05,Pepper,Udumalpet,Pepper,Local,47540.48,53405.21,49741.39,INR/quintal,"Coimbatore, Tamil Nadu, India",2024,11,1
2024-11-06,Pepper,Coimbatore,Black Pepper,Local,46796.64,52536.39,50022.22,INR/quintal,"Coimbatore, Tamil Nadu, India",2024,11,2
2024-11-07,Pepper,Coimbatore,Black Pepper,Local,47812.65,54101.49,50547.91,INR/quintal,"Coimbatore, Tamil Nadu, India",2024,11,3
2024-11-08,Pepper,Mettupalayam,Pepper,Local,45972.05,51159.25,48581.26,INR/quintal,"Coimbatore, Tamil Nadu, India",2024,11,4
2024-11-09,Pepper,Coimbatore,Black Pepper,Local,46958.57,52388.36,49340.76,INR/quintal,"Coimbatore, Tamil Nadu, India",2024,11,5
2024-11-10,Pepper,Coimbatore,Black Pepper,Local,47756.47,52820.84,49927.99,INR/quintal,"Coimbatore, Tamil Nadu, India",2024,11,6
2024-11-11,Pepper,Coimbatore,Black Pepper,Local,44991.26,52024.92,48286.44,INR/quintal,"Coimbatore, Tamil Nadu, India",2024,11,0
2024-11-12,Pepper,Coimbatore,Black Pepper,Local,47289.52,52128.75,49483.43,INR/quintal,"Coimbatore, Tamil Nadu, India",2024,11,1
2024-11-13,Pepper,Mettupalayam,Black Pepper,Local,46948.0,53035.98,50023.45,INR/quintal,"Coimbatore, Tamil Nadu, India",2024,11,2
2024-11-14,Pepper,Udumalpet,Pepper,Local,46886.8,52008.86,49053.1,INR/quintal,"Coimbatore, Tamil Nadu, India",2024,11,3
2024-11-15,Pepper,Pollachi,Pepper,Local,47667.16,53919.32,50292.53,INR/quintal,"Coimbatore, Tamil Nadu, India",2024,11,4
2024-11-16,Pepper,Sulur,Black Pepper,Local,48360.32,53723.41,51274.82,INR/quintal,"Coimbatore, Tamil Nadu, India",2024,11,5
2024-11-17,Pepper,Sulur,Black Pepper,Local,47956.82,52975.44,50439.98,INR/quintal,"Coimbatore, Tamil Nadu, India",2024,11,6
2024-11-18,Pepper,Sulur,Pepper,Local,48283.18,54206.27,50438.85,INR/quintal,"Coimbatore, Tamil Nadu, India",2024,11,0
2024-11-19,Pepper,Udumalpet,Black Pepper,Local,46260.23,51500.14,48955.8,INR/quintal,"Coimbatore, Tamil Nadu, India",2024,11,1
2024-11-20,Pepper,Pollachi,Pepper,Local,48268.99,54346.86,50811.9,INR/quintal,"Coimbatore, Tamil Nadu, India",2024,11,2
2024-11-21,Pepper,Mettupalayam,Pepper,Local,47639.81,54058.3,50336.06,INR/quintal,"Coimbatore, Tamil Nadu, India",2024,11,3
2024-11-22,Pepper,Udumalpet,Black Pepper,Local,47385.96,54261.3,50734.24,INR/quintal,"Coimbatore, Tamil Nadu, India",2024,11,4
2024-11-23,Pepper,Coimbatore,Pepper,Local,48461.99,55072.46,51443.75,INR/quintal,"Coimbatore, Tamil Nadu, India",2024,11,5
2024-11-24,Pepper,Mettupalayam,Pepper,Local,47820.68,53903.38,50375.34,INR/quintal,"Coimbatore, Tamil Nadu, India",2024,11,6
2024-11-25,Pepper,Coimbatore,Pepper,Local,50330.63,54897.37,52464.01,INR/quintal,"Coimbatore, Tamil Nadu, India",2024,11,0
2024-11-26,Pepper,Coimbatore,Pepper,Local,49366.84,54361.31,51513.8,INR/quintal,"Coimbatore, Tamil Nadu, India",2024,11,1
2024-11-27,Pepper,Sulur,Pepper,Local,49948.97,55596.26,53038.58,INR/quintal,"Coimbatore, Tamil Nadu, India",2024,11,2
2024-11-28,Pepper,Udumalpet,Pepper,Local,48151.83,55024.51,51300.19,INR/quintal,"Coimbatore, Tamil Nadu, India",2024,11,3
2024-11-29,Pepper,Pollachi,Pepper,Local,49139.16,54441.8,51698.04,INR/quintal,"Coimbatore, Tamil Nadu, India",2024,11,4
2024-11-30,Pepper,Udumalpet,Black Pepper,Local,47836.85,53569.82,50976.94,INR/quintal,"Coimbatore, Tamil Nadu, India",2024,11,5
2024-12-01,Pepper,Sulur,Pepper,Local,49093.37,55345.26,51701.04,INR/quintal,"Coimbatore, Tamil Nadu, India",2024,12,6
2024-12-02,Pepper,Pollachi,Pepper,Local,50550.21,57015.04,53740.56,INR/quintal,"Coimbatore, Tamil Nadu, India",2024,12,0
2024-12-03,Pepper,Udumalpet,Black Pepper,Local,49168.36,54824.33,51840.07,INR/quintal,"Coimbatore, Tamil Nadu, India",2024,12,1
2024-12-04,Pepper,Sulur,Black Pepper,Local,49472.08,55207.49,51646.82,INR/quintal,"Coimbatore, Tamil Nadu, India",2024,12,2
2024-12-05,Pepper,Pollachi,Black Pepper,Local,51472.71,57306.99,53754.36,INR/quintal,"Coimbatore, Tamil Nadu, India",2024,12,3
2024-12-06,Pepper,Mettupalayam,Pepper,Local,49050.91,54597.24,51644.68,INR/quintal,"Coimbatore, Tamil Nadu, India",2024,12,4
2024-12-07,Pepper,Mettupalayam,Pepper,Local,49699.53,55104.87,52358.67,INR/quintal,"Coimbatore, Tamil Nadu, India",2024,12,5
2024-12-08,Pepper,Udumalpet,Black Pepper,Local,50506.16,57517.69,53814.1,INR/quintal,"Coimbatore, Tamil Nadu, India",2024,12,6
2024-12-09,Pepper,Mettupalayam,Black Pepper,Local,48878.89,54676.32,51628.67,INR/quintal,"Coimbatore, Tamil Nadu, India",2024,12,0
2024-12-10,Pepper,Coimbatore,Black Pepper,Local,49486.05,54600.44,51979.14,INR/quintal,"Coimbatore, Tamil Nadu, India",2024,12,1
2024-12-11,Pepper,Sulur,Pepper,Local,51435.3,56767.8,54082.77,INR/quintal,"Coimbatore, Tamil Nadu, India",2024,12,2
2024-12-12,Pepper,Mettupalayam,Black Pepper,Local,49049.47,55646.43,51953.21,INR/quintal,"Coimbatore, Tamil Nadu, India",2024,12,3
2024-12-13,Pepper,Pollachi,Black Pepper,Local,48326.36,53768.61,50940.34,INR/quintal,"Coimbatore, Tamil Nadu, India",2024,12,4
2024-12-14,Pepper,Pollachi,Black Pepper,Local,50636.56,56991.01,53169.33,INR/quintal,"Coimbatore, Tamil Nadu, India",2024,12,5
2024-12-15,Pepper,Udumalpet,Black Pepper,Local,51108.57,56987.07,53935.77,INR/quintal,"Coimbatore, Tamil Nadu, India",2024,12,6
2024-12-16,Pepper,Mettupalayam,Pepper,Local,49299.72,55121.59,52651.87,INR/quintal,"Coimbatore, Tamil Nadu, India",2024,12,0
2024-12-17,Pepper,Coimbatore,Pepper,Local,50334.39,56119.42,53254.54,INR/quintal,"Coimbatore, Tamil Nadu, India",2024,12,1
2024-12-18,Pepper,Sulur,Pepper,Local,50212.97,55466.72,52389.39,INR/quintal,"Coimbatore, Tamil Nadu, India",2024,12,2
2024-12-19,Pepper,Mettupalayam,Black Pepper,Local,49166.82,54701.24,51950.84,INR/quintal,"Coimbatore, Tamil Nadu, India",2024,12,3
2024-12-20,Pepper,Udumalpet,Pepper,Local,51730.02,57984.93,54160.44,INR/quintal,"Coimbatore, Tamil Nadu, India",2024,12,4
2024-12-21,Pepper,Mettupalayam,Pepper,Local,48990.01,54579.88,52107.3,INR/quintal,"Coimbatore, Tamil Nadu, India",2024,12,5
2024-12-22,Pepper,Mettupalayam,Black Pepper,Local,49460.81,55203.33,52434.05,INR/quintal,"Coimbatore, Tamil Nadu, India",2024,12,6
2024-12-23,Pepper,Udumalpet,Black Pepper,Local,51754.5,57834.97,54521.59,INR/quintal,"Coimbatore, Tamil Nadu, India",2024,12,0
2024-12-24,Pepper,Coimbatore,Black Pepper,Local,49587.29,55151.49,52715.1,INR/quintal,"Coimbatore, Tamil Nadu, India",2024,12,1
2024-12-25,Pepper,Sulur,Black Pepper,Local,51756.73,58042.0,54662.87,INR/quintal,"Coimbatore, Tamil Nadu, India",2024,12,2
2024-12-26,Pepper,Pollachi,Pepper,Local,51116.18,58201.81,54417.6,INR/quintal,"Coimbatore, Tamil Nadu, India",2024,12,3
2024-12-27,Pepper,Pollachi,Pepper,Local,49983.01,56822.06,53255.36,INR/quintal,"Coimbatore, Tamil Nadu, India",2024,12,4
2024-12-28,Pepper,Mettupalayam,Pepper,Local,49469.18,55457.54,52603.98,INR/quintal,"Coimbatore, Tamil Nadu, India",2024,12,5
2024-12-29,Pepper,Coimbatore,Pepper,Local,49806.71,55574.35,52708.36,INR/quintal,"Coimbatore, Tamil Nadu, India",2024,12,6
2024-12-30,Pepper,Sulur,Pepper,Local,51078.59,56984.36,53363.02,INR/quintal,"Coimbatore, Tamil Nadu, India",2024,12,0
2024-12-31,Pepper,Udumalpet,Black Pepper,Local,53294.48,58764.0,55593.48,INR/quintal,"Coimbatore, Tamil Nadu, India",2024,12,1
2025-01-01,Pepper,Udumalpet,Pepper,Local,50042.89,55088.86,52529.9,INR/quintal,"Coimbatore, Tamil Nadu, India",2025,1,2
2025-01-02,Pepper,Sulur,Black Pepper,Local,51456.23,57325.4,54296.82,INR/quintal,"Coimbatore, Tamil Nadu, India",2025,1,3
2025-01-03,Pepper,Sulur,Pepper,Local,52364.05,58066.32,55030.97,INR/quintal,"Coimbatore, Tamil Nadu, India",2025,1,4
2025-01-04,Pepper,Mettupalayam,Pepper,Local,51572.23,56786.06,54148.72,INR/quintal,"Coimbatore, Tamil Nadu, India",2025,1,5
2025-01-05,Pepper,Sulur,Black Pepper,Local,50153.35,55947.96,53023.83,INR/quintal,"Coimbatore, Tamil Nadu, India",2025,1,6
2025-01-06,Pepper,Pollachi,Black Pepper,Local,52138.43,57641.67,55071.24,INR/quintal,"Coimbatore, Tamil Nadu, India",2025,1,0
2025-01-07,Pepper,Mettupalayam,Pepper,Local,53128.8,58629.1,55517.15,INR/quintal,"Coimbatore, Tamil Nadu, India",2025,1,1
2025-01-08,Pepper,Sulur,Pepper,Local,50696.99,56776.62,53748.23,INR/quintal,"Coimbatore, Tamil Nadu, India",2025,1,2
2025-01-09,Pepper,Pollachi,Pepper,Local,51134.54,56766.81,54318.39,INR/quintal,"Coimbatore, Tamil Nadu, India",2025,1,3
2025-01-10,Pepper,Mettupalayam,Black Pepper,Local,49600.71,55613.22,52757.0,INR/quintal,"Coimbatore, Tamil Nadu, India",2025,1,4
2025-01-11,Pepper,Sulur,Pepper,Local,51328.68,57127.16,53971.25,INR/quintal,"Coimbatore, Tamil Nadu, India",2025,1,5
2025-01-12,Pepper,Mettupalayam,Pepper,Local,52391.32,57779.46,55335.63,INR/quintal,"Coimbatore, Tamil Nadu, India",2025,1,6
2025-01-13,Pepper,Pollachi,Pepper,Local,51970.09,58188.36,54864.76,INR/quintal,"Coimbatore, Tamil Nadu, India",2025,1,0
2025-01-14,Pepper,Pollachi,Pepper,Local,51975.97,57895.06,55274.95,INR/quintal,"Coimbatore, Tamil Nadu, India",2025,1,1
2025-01-15,Pepper,Coimbatore,Pepper,Local,53193.28,58122.68,55450.95,INR/quintal,"Coimbatore, Tamil Nadu, India",2025,1,2
2025-01-16,Pepper,Coimbatore,Black Pepper,Local,52974.89,58860.87,55917.81,INR/quintal,"Coimbatore, Tamil Nadu, India",2025,1,3
2025-01-17,Pepper,Udumalpet,Black Pepper,Local,52675.68,58453.15,54879.36,INR/quintal,"Coimbatore, Tamil Nadu, India",2025,1,4
2025-01-18,Pepper,Coimbatore,Pepper,Local,51365.44,57263.88,54306.49,INR/quintal,"Coimbatore, Tamil Nadu, India",2025,1,5
2025-01-19,Pepper,Sulur,Black Pepper,Local,52320.45,58087.22,55206.5,INR/quintal,"Coimbatore, Tamil Nadu, India",2025,1,6
2025-01-20,Pepper,Udumalpet,Pepper,Local,52095.92,58193.81,55214.06,INR/quintal,"Coimbatore, Tamil Nadu, India",2025,1,0
2025-01-21,Pepper,Pollachi,Pepper,Local,53553.72,59615.32,56022.43,INR/quintal,"Coimbatore, Tamil Nadu, India",2025,1,1
2025-01-22,Pepper,Coimbatore,Pepper,Local,52523.77,58709.66,54982.12,INR/quintal,"Coimbatore, Tamil Nadu, India",2025,1,2
2025-01-23,Pepper,Sulur,Black Pepper,Local,52541.05,58763.94,55266.63,INR/quintal,"Coimbatore, Tamil Nadu, India",2025,1,3
2025-01-24,Pepper,Sulur,Pepper,Local,54120.63,60009.23,56694.98,INR/quintal,"Coimbatore, Tamil Nadu, India",2025,1,4
2025-01-25,Pepper,Udumalpet,Black Pepper,Local,54794.53,61126.84,57531.89,INR/quintal,"Coimbatore, Tamil Nadu, India",2025,1,5
2025-01-26,Pepper,Sulur,Black Pepper,Local,54468.06,59730.19,57138.89,INR/quintal,"Coimbatore, Tamil Nadu, India",2025,1,6
2025-01-27,Pepper,Pollachi,Black Pepper,Local,55187.84,61120.66,58461.15,INR/quintal,"Coimbatore, Tamil Nadu, India",2025,1,0
2025-01-28,Pepper,Sulur,Black Pepper,Local,54883.39,60749.88,57145.37,INR/quintal,"Coimbatore, Tamil Nadu, India",2025,1,1
2025-01-29,Pepper,Udumalpet,Pepper,Local,53559.4,59173.72,56463.96,INR/quintal,"Coimbatore, Tamil Nadu, India",2025,1,2
2025-01-30,Pepper,Udumalpet,Pepper,Local,53632.43,59565.13,56771.53,INR/quintal,"Coimbatore, Tamil Nadu, India",2025,1,3
2025-01-31,Pepper,Pollachi,Pepper,Local,53356.9,59339.87,55965.13,INR/quintal,"Coimbatore, Tamil Nadu, India",2025,1,4
2025-02-01,Pepper,Sulur,Pepper,Local,54444.31,61086.06,57268.86,INR/quintal,"Coimbatore, Tamil Nadu, India",2025,2,5
2025-02-02,Pepper,Pollachi,Pepper,Local,55176.64,61251.18,57681.25,INR/quintal,"Coimbatore, Tamil Nadu, India",2025,2,6
2025-02-03,Pepper,Mettupalayam,Black Pepper,Local,54244.86,59513.15,57088.04,INR/quintal,"Coimbatore, Tamil Nadu, India",2025,2,0
2025-02-04,Pepper,Pollachi,Pepper,Local,53969.29,60214.68,56482.77,INR/quintal,"Coimbatore, Tamil Nadu, India",2025,2,1
2025-02-05,Pepper,Udumalpet,Pepper,Local,53949.99,60093.61,56746.08,INR/quintal,"Coimbatore, Tamil Nadu, India",2025,2,2
2025-02-06,Pepper,Sulur,Pepper,Local,56919.42,62048.06,59443.03,INR/quintal,"Coimbatore, Tamil Nadu, India",2025,2,3
2025-02-07,Pepper,Udumalpet,Pepper,Local,52329.06,58688.04,55332.73,INR/quintal,"Coimbatore, Tamil Nadu, India",2025,2,4
2025-02-08,Pepper,Pollachi,Black Pepper,Local,53916.99,60160.89,56889.48,INR/quintal,"Coimbatore, Tamil Nadu, India",2025,2,5
2025-02-09,Pepper,Pollachi,Pepper,Local,53915.02,59242.0,56372.34,INR/quintal,"Coimbatore, Tamil Nadu, India",2025,2,6
2025-02-10,Pepper,Pollachi,Black Pepper,Local,56411.53,61812.78,58570.99,INR/quintal,"Coimbatore, Tamil Nadu, India",2025,2,0
2025-02-11,Pepper,Mettupalayam,Pepper,Local,55835.73,61023.7,58608.64,INR/quintal,"Coimbatore, Tamil Nadu, India",2025,2,1
2025-02-12,Pepper,Pollachi,Black Pepper,Local,54945.43,60282.89,57146.65,INR/quintal,"Coimbatore, Tamil Nadu, India",2025,2,2
2025-02-13,Pepper,Udumalpet,Pepper,Local,55631.09,61983.69,58747.06,INR/quintal,"Coimbatore, Tamil Nadu, India",2025,2,3
2025-02-14,Pepper,Mettupalayam,Pepper,Local,54458.28,59196.83,56596.54,INR/quintal,"Coimbatore, Tamil Nadu, India",2025,2,4
2025-02-15,Pepper,Pollachi,Pepper,Local,54243.63,60326.91,57096.06,INR/quintal,"Coimbatore, Tamil Nadu, India",2025,2,5
2025-02-16,Pepper,Mettupalayam,Pepper,Local,55349.74,61226.35,58559.57,INR/quintal,"Coimbatore, Tamil Nadu, India",2025,2,6
2025-02-17,Pepper,Udumalpet,Pepper,Local,55707.58,60860.87,57829.32,INR/quintal,"Coimbatore, Tamil Nadu, India",2025,2,0
2025-02-18,Pepper,Pollachi,Pepper,Local,56823.31,62543.43,59231.6,INR/quintal,"Coimbatore, Tamil Nadu, India",2025,2,1
2025-02-19,Pepper,Udumalpet,Black Pepper,Local,55618.97,62556.77,58718.64,INR/quintal,"Coimbatore, Tamil Nadu, India",2025,2,2
2025-02-20,Pepper,Sulur,Pepper,Local,56592.37,62838.49,59668.55,INR/quintal,"Coimbatore, Tamil Nadu, India",2025,2,3
2025-02-21,Pepper,Coimbatore,Black Pepper,Local,56401.18,62032.2,59350.96,INR/quintal,"Coimbatore, Tamil Nadu, India",2025,2,4
2025-02-22,Pepper,Sulur,Black Pepper,Local,58321.31,64113.92,60920.11,INR/quintal,"Coimbatore, Tamil Nadu, India",2025,2,5
2025-02-23,Pepper,Udumalpet,Black Pepper,Local,55770.34,60830.85,57983.99,INR/quintal,"Coimbatore, Tamil Nadu, India",2025,2,6
2025-02-24,Pepper,Mettupalayam,Pepper,Local,57671.43,64106.92,61006.25,INR/quintal,"Coimbatore, Tamil Nadu, India",2025,2,0
2025-02-25,Pepper,Coimbatore,Pepper,Local,55114.27,61021.79,58273.27,INR/quintal,"Coimbatore, Tamil Nadu, India",2025,2,1
2025-02-26,Pepper,Udumalpet,Black Pepper,Local,55139.7,60620.64,58182.47,INR/quintal,"Coimbatore, Tamil Nadu, India",2025,2,2
2025-02-27,Pepper,Udumalpet,Black Pepper,Local,55426.94,61737.89,57977.38,INR/quintal,"Coimbatore, Tamil Nadu, India",2025,2,3
2025-02-28,Pepper,Udumalpet,Black Pepper,Local,56407.53,62773.98,59288.93,INR/quintal,"Coimbatore, Tamil Nadu, India",2025,2,4
2025-03-01,Pepper,Sulur,Pepper,Local,54740.74,61045.64,57852.32,INR/quintal,"Coimbatore, Tamil Nadu, India",2025,3,5
2025-03-02,Pepper,Coimbatore,Black Pepper,Local,55619.5,60836.18,58031.68,INR/quintal,"Coimbatore, Tamil Nadu, India",2025,3,6
2025-03-03,Pepper,Mettupalayam,Black Pepper,Local,55070.18,60937.06,57838.34,INR/quintal,"Coimbatore, Tamil Nadu, India",2025,3,0
2025-03-04,Pepper,Pollachi,Pepper,Local,58075.56,64055.52,60475.52,INR/quintal,"Coimbatore, Tamil Nadu, India",2025,3,1
2025-03-05,Pepper,Coimbatore,Pepper,Local,55715.53,61478.74,58930.71,INR/quintal,"Coimbatore, Tamil Nadu, India",2025,3,2
2025-03-06,Pepper,Sulur,Pepper,Local,56058.52,62164.55,58696.77,INR/quintal,"Coimbatore, Tamil Nadu, India",2025,3,3
2025-03-07,Pepper,Mettupalayam,Black Pepper,Local,58078.8,63164.43,60494.97,INR/quintal,"Coimbatore, Tamil Nadu, India",2025,3,4
2025-03-08,Pepper,Sulur,Pepper,Local,56756.96,62033.3,59283.49,INR/quintal,"Coimbatore, Tamil Nadu, India",2025,3,5
2025-03-09,Pepper,Mettupalayam,Pepper,Local,56235.74,61980.76,59071.73,INR/quintal,"Coimbatore, Tamil Nadu, India",2025,3,6
2025-03-10,Pepper,Coimbatore,Black Pepper,Local,57890.4,63216.61,60733.8,INR/quintal,"Coimbatore, Tamil Nadu, India",2025,3,0
2025-03-11,Pepper,Pollachi,Pepper,Local,56277.89,62753.82,59039.9,INR/quintal,"Coimbatore, Tamil Nadu, India",2025,3,1
2025-03-12,Pepper,Sulur,Pepper,Local,58750.05,64439.76,60936.25,INR/quintal,"Coimbatore, Tamil Nadu, India",2025,3,2
2025-03-13,Pepper,Pollachi,Black Pepper,Local,58091.71,63338.67,60234.85,INR/quintal,"Coimbatore, Tamil Nadu, India",2025,3,3
2025-03-14,Pepper,Coimbatore,Pepper,Local,56400.73,62499.5,59202.1,INR/quintal,"Coimbatore, Tamil Nadu, India",2025,3,4
2025-03-15,Pepper,Coimbatore,Black Pepper,Local,56226.77,62006.26,58691.67,INR/quintal,"Coimbatore, Tamil Nadu, India",2025,3,5
2025-03-16,Pepper,Mettupalayam,Pepper,Local,57297.08,62660.16,59995.67,INR/quintal,"Coimbatore, Tamil Nadu, India",2025,3,6
2025-03-17,Pepper,Mettupalayam,Black Pepper,Local,57064.24,63565.78,59973.06,INR/quintal,"Coimbatore, Tamil Nadu, India",2025,3,0
2025-03-18,Pepper,Udumalpet,Pepper,Local,56771.18,62138.84,59577.57,INR/quintal,"Coimbatore, Tamil Nadu, India",2025,3,1
2025-03-19,Pepper,Mettupalayam,Black Pepper,Local,56140.02,61817.64,59013.84,INR/quintal,"Coimbatore, Tamil Nadu, India",2025,3,2
2025-03-20,Pepper,Coimbatore,Pepper,Local,56697.56,62715.06,59267.33,INR/quintal,"Coimbatore, Tamil Nadu, India",2025,3,3
2025-03-21,Pepper,Coimbatore,Pepper,Local,54825.66,61137.75,57877.01,INR/quintal,"Coimbatore, Tamil Nadu, India",2025,3,4
2025-03-22,Pepper,Pollachi,Pepper,Local,57699.9,62400.86,59877.21,INR/quintal,"Coimbatore, Tamil Nadu, India",2025,3,5
2025-03-23,Pepper,Coimbatore,Black Pepper,Local,56578.42,63098.68,59627.46,INR/quintal,"Coimbatore, Tamil Nadu, India",2025,3,6
2025-03-24,Pepper,Sulur,Pepper,Local,56594.01,61587.23,59158.36,INR/quintal,"Coimbatore, Tamil Nadu, India",2025,3,0
2025-03-25,Pepper,Sulur,Black Pepper,Local,55505.96,62089.92,58385.7,INR/quintal,"Coimbatore, Tamil Nadu, India",2025,3,1
2025-03-26,Pepper,Coimbatore,Pepper,Local,57857.87,63081.43,60379.62,INR/quintal,"Coimbatore, Tamil Nadu, India",2025,3,2
2025-03-27,Pepper,Coimbatore,Black Pepper,Local,57685.76,62635.38,60052.08,INR/quintal,"Coimbatore, Tamil Nadu, India",2025,3,3
2025-03-28,Pepper,Mettupalayam,Pepper,Local,56611.59,62723.87,59747.6,INR/quintal,"Coimbatore, Tamil Nadu, India",2025,3,4
2025-03-29,Pepper,Pollachi,Pepper,Local,56719.43,61991.18,59543.67,INR/quintal,"Coimbatore, Tamil Nadu, India",2025,3,5
2025-03-30,Pepper,Mettupalayam,Black Pepper,Local,58113.12,64168.88,60481.89,INR/quintal,"Coimbatore, Tamil Nadu, India",2025,3,6
2025-03-31,Pepper,Mettupalayam,Black Pepper,Local,56531.37,62969.68,59732.41,INR/quintal,"Coimbatore, Tamil Nadu, India",2025,3,0
2025-04-01,Pepper,Sulur,Black Pepper,Local,56397.69,61851.98,58543.29,INR/quintal,"Coimbatore, Tamil Nadu, India",2025,4,1
2025-04-02,Pepper,Udumalpet,Pepper,Local,57279.39,63051.9,60467.82,INR/quintal,"Coimbatore, Tamil Nadu, India",2025,4,2
2025-04-03,Pepper,Udumalpet,Black Pepper,Local,56920.23,63347.12,59948.56,INR/quintal,"Coimbatore, Tamil Nadu, India",2025,4,3
2025-04-04,Pepper,Mettupalayam,Pepper,Local,56496.21,62449.96,58900.46,INR/quintal,"Coimbatore, Tamil Nadu, India",2025,4,4
2025-04-05,Pepper,Pollachi,Black Pepper,Local,57946.01,63538.45,60556.19,INR/quintal,"Coimbatore, Tamil Nadu, India",2025,4,5
2025-04-06,Pepper,Udumalpet,Black Pepper,Local,58131.2,64027.17,60466.62,INR/quintal,"Coimbatore, Tamil Nadu, India",2025,4,6
2025-04-07,Pepper,Coimbatore,Pepper,Local,56330.03,62417.85,59175.12,INR/quintal,"Coimbatore, Tamil Nadu, India",2025,4,0
2025-04-08,Pepper,Mettupalayam,Pepper,Local,55210.45,61045.93,58487.85,INR/quintal,"Coimbatore, Tamil Nadu, India",2025,4,1
2025-04-09,Pepper,Mettupalayam,Black Pepper,Local,55364.34,61186.13,58711.54,INR/quintal,"Coimbatore, Tamil Nadu, India",2025,4,2
2025-04-10,Pepper,Pollachi,Black Pepper,Local,56524.78,62915.54,59247.49,INR/quintal,"Coimbatore, Tamil Nadu, India",2025,4,3
2025-04-11,Pepper,Sulur,Black Pepper,Local,56619.77,62270.75,59464.54,INR/quintal,"Coimbatore, Tamil Nadu, India",2025,4,4
2025-04-12,Pepper,Sulur,Pepper,Local,56321.58,62704.29,59491.66,INR/quintal,"Coimbatore, Tamil Nadu, India",2025,4,5
2025-04-13,Pepper,Sulur,Black Pepper,Local,57222.92,62481.0,59809.72,INR/quintal,"Coimbatore, Tamil Nadu, India",2025,4,6
2025-04-14,Pepper,Pollachi,Pepper,Local,57594.19,63676.77,60576.14,INR/quintal,"Coimbatore, Tamil Nadu, India",2025,4,0
2025-04-15,Pepper,Udumalpet,Black Pepper,Local,56364.57,62063.21,58994.05,INR/quintal,"Coimbatore, Tamil Nadu, India",2025,4,1
2025-04-16,Pepper,Pollachi,Pepper,Local,57668.98,63828.63,60687.86,INR/quintal,"Coimbatore, Tamil Nadu, India",2025,4,2
2025-04-17,Pepper,Sulur,Black Pepper,Local,57114.03,62704.15,59248.56,INR/quintal,"Coimbatore, Tamil Nadu, India",2025,4,3
2025-04-18,Pepper,Udumalpet,Pepper,Local,57231.33,64274.36,60464.86,INR/quintal,"Coimbatore, Tamil Nadu, India",2025,4,4
2025-04-19,Pepper,Sulur,Black Pepper,Local,56339.16,61816.42,59165.33,INR/quintal,"Coimbatore, Tamil Nadu, India",2025,4,5
2025-04-20,Pepper,Coimbatore,Black Pepper,Local,55888.91,62057.79,59224.28,INR/quintal,"Coimbatore, Tamil Nadu, India",2025,4,6
2025-04-21,Pepper,Pollachi,Black Pepper,Local,56518.93,62499.66,59221.69,INR/quintal,"Coimbatore, Tamil Nadu, India",2025,4,0
2025-04-22,Pepper,Udumalpet,Pepper,Local,57454.25,62826.46,59896.28,INR/quintal,"Coimbatore, Tamil Nadu, India",2025,4,1
2025-04-23,Pepper,Sulur,Pepper,Local,56385.4,62215.67,59365.79,INR/quintal,"Coimbatore, Tamil Nadu, India",2025,4,2
2025-04-24,Pepper,Udumalpet,Pepper,Local,56596.9,62548.98,59801.32,INR/quintal,"Coimbatore, Tamil Nadu, India",2025,4,3
2025-04-25,Pepper,Sulur,Black Pepper,Local,57539.51,63319.78,59972.03,INR/quintal,"Coimbatore, Tamil Nadu, India",2025,4,4
2025-04-26,Pepper,Pollachi,Black Pepper,Local,56046.71,62041.99,59310.33,INR/quintal,"Coimbatore, Tamil Nadu, India",2025,4,5
2025-04-27,Pepper,Mettupalayam,Pepper,Local,54849.14,60958.74,57679.72,INR/quintal,"Coimbatore, Tamil Nadu, India",2025,4,6
2025-04-28,Pepper,Mettupalayam,Pepper,Local,55111.65,60713.44,57716.48,INR/quintal,"Coimbatore, Tamil Nadu, India",2025,4,0
2025-04-29,Pepper,Udumalpet,Pepper,Local,55941.38,62183.42,58510.13,INR/quintal,"Coimbatore, Tamil Nadu, India",2025,4,1
2025-04-30,Pepper,Mettupalayam,Black Pepper,Local,55217.07,60684.57,58066.53,INR/quintal,"Coimbatore, Tamil Nadu, India",2025,4,2
2025-05-01,Pepper,Mettupalayam,Black Pepper,Local,55638.8,61702.94,57976.45,INR/quintal,"Coimbatore, Tamil Nadu, India",2025,5,3
2025-05-02,Pepper,Pollachi,Pepper,Local,55991.23,61707.31,58977.8,INR/quintal,"Coimbatore, Tamil Nadu, India",2025,5,4
2025-05-03,Pepper,Mettupalayam,Black Pepper,Local,56865.44,62485.76,59620.78,INR/quintal,"Coimbatore, Tamil Nadu, India",2025,5,5
2025-05-04,Pepper,Mettupalayam,Pepper,Local,57085.83,62389.33,59488.77,INR/quintal,"Coimbatore, Tamil Nadu, India",2025,5,6
2025-05-05,Pepper,Sulur,Pepper,Local,55824.81,61487.2,58577.35,INR/quintal,"Coimbatore, Tamil Nadu, India",2025,5,0
2025-05-06,Pepper,Mettupalayam,Pepper,Local,57287.29,62977.51,59626.62,INR/quintal,"Coimbatore, Tamil Nadu, India",2025,5,1
2025-05-07,Pepper,Coimbatore,Black Pepper,Local,57550.22,62975.51,60018.91,INR/quintal,"Coimbatore, Tamil Nadu, India",2025,5,2
2025-05-08,Pepper,Coimbatore,Pepper,Local,56193.26,62228.93,59120.62,INR/quintal,"Coimbatore, Tamil Nadu, India",2025,5,3
2025-05-09,Pepper,Pollachi,Pepper,Local,56388.79,61229.5,58746.42,INR/quintal,"Coimbatore, Tamil Nadu, India",2025,5,4
2025-05-10,Pepper,Mettupalayam,Pepper,Local,54592.39,60906.09,57297.35,INR/quintal,"Coimbatore, Tamil Nadu, India",2025,5,5
2025-05-11,Pepper,Mettupalayam,Pepper,Local,56347.42,61356.7,58704.27,INR/quintal,"Coimbatore, Tamil Nadu, India",2025,5,6
2025-05-12,Pepper,Coimbatore,Black Pepper,Local,55798.96,62045.61,58973.28,INR/quintal,"Coimbatore, Tamil Nadu, India",2025,5,0
2025-05-13,Pepper,Coimbatore,Pepper,Local,54097.26,59555.16,56691.22,INR/quintal,"Coimbatore, Tamil Nadu, India",2025,5,1
2025-05-14,Pepper,Mettupalayam,Pepper,Local,55226.27,60988.88,58351.73,INR/quintal,"Coimbatore, Tamil Nadu, India",2025,5,2
2025-05-15,Pepper,Pollachi,Pepper,Local,55222.21,60250.35,57836.54,INR/quintal,"Coimbatore, Tamil Nadu, India",2025,5,3
2025-05-16,Pepper,Coimbatore,Black Pepper,Local,57179.43,63322.84,59527.72,INR/quintal,"Coimbatore, Tamil Nadu, India",2025,5,4
2025-05-17,Pepper,Sulur,Black Pepper,Local,56733.19,61657.97,59041.99,INR/quintal,"Coimbatore, Tamil Nadu, India",2025,5,5
2025-05-18,Pepper,Pollachi,Pepper,Local,56425.04,62078.6,58625.38,INR/quintal,"Coimbatore, Tamil Nadu, India",2025,5,6
2025-05-19,Pepper,Mettupalayam,Pepper,Local,54614.71,60339.18,57449.43,INR/quintal,"Coimbatore, Tamil Nadu, India",2025,5,0
2025-05-20,Pepper,Sulur,Pepper,Local,54689.4,60716.55,57148.24,INR/quintal,"Coimbatore, Tamil Nadu, India",2025,5,1
2025-05-21,Pepper,Sulur,Pepper,Local,55767.49,61888.45,58975.67,INR/quintal,"Coimbatore, Tamil Nadu, India",2025,5,2
2025-05-22,Pepper,Mettupalayam,Black Pepper,Local,54141.9,59850.58,56924.56,INR/quintal,"Coimbatore, Tamil Nadu, India",2025,5,3
2025-05-23,Pepper,Pollachi,Black Pepper,Local,56030.26,61388.85,58527.75,INR/quintal,"Coimbatore, Tamil Nadu, India",2025,5,4
2025-05-24,Pepper,Pollachi,Pepper,Local,55469.76,61782.64,58257.75,INR/quintal,"Coimbatore, Tamil Nadu, India",2025,5,5
2025-05-25,Pepper,Sulur,Pepper,Local,56815.68,62967.08,59819.46,INR/quintal,"Coimbatore, Tamil Nadu, India",2025,5,6
2025-05-26,Pepper,Pollachi,Pepper,Local,56474.12,62319.3,58979.35,INR/quintal,"Coimbatore, Tamil Nadu, India",2025,5,0
2025-05-27,Pepper,Pollachi,Pepper,Local,54075.73,59888.92,57048.8,INR/quintal,"Coimbatore, Tamil Nadu, India",2025,5,1
2025-05-28,Pepper,Pollachi,Pepper,Local,53468.3,59594.76,56407.87,INR/quintal,"Coimbatore, Tamil Nadu, India",2025,5,2
2025-05-29,Pepper,Udumalpet,Black Pepper,Local,55104.12,60011.67,57308.97,INR/quintal,"Coimbatore, Tamil Nadu, India",2025,5,3
2025-05-30,Pepper,Sulur,Pepper,Local,54688.68,60178.85,57573.46,INR/quintal,"Coimbatore, Tamil Nadu, India",2025,5,4
2025-05-31,Pepper,Udumalpet,Black Pepper,Local,53438.91,59443.29,56439.38,INR/quintal,"Coimbatore, Tamil Nadu, India",2025,5,5
2025-06-01,Pepper,Udumalpet,Pepper,Local,55706.94,61870.51,58476.69,INR/quintal,"Coimbatore, Tamil Nadu, India",2025,6,6
2025-06-02,Pepper,Mettupalayam,Pepper,Local,54746.18,59935.57,57230.46,INR/quintal,"Coimbatore, Tamil Nadu, India",2025,6,0
2025-06-03,Pepper,Sulur,Black Pepper,Local,53805.62,60526.36,57039.61,INR/quintal,"Coimbatore, Tamil Nadu, India",2025,6,1
2025-06-04,Pepper,Coimbatore,Pepper,Local,53449.76,59170.2,55610.01,INR/quintal,"Coimbatore, Tamil Nadu, India",2025,6,2
2025-06-05,Pepper,Sulur,Black Pepper,Local,55105.22,61237.24,57421.17,INR/quintal,"Coimbatore, Tamil Nadu, India",2025,6,3
2025-06-06,Pepper,Udumalpet,Black Pepper,Local,52887.1,58502.7,55733.43,INR/quintal,"Coimbatore, Tamil Nadu, India",2025,6,4
2025-06-07,Pepper,Coimbatore,Pepper,Local,55563.3,61552.35,57769.9,INR/quintal,"Coimbatore, Tamil Nadu, India",2025,6,5
2025-06-08,Pepper,Mettupalayam,Pepper,Local,54502.42,60619.03,57175.06,INR/quintal,"Coimbatore, Tamil Nadu, India",2025,6,6
2025-06-09,Pepper,Mettupalayam,Black Pepper,Local,52987.02,58323.95,55883.2,INR/quintal,"Coimbatore, Tamil Nadu, India",2025,6,0
2025-06-10,Pepper,Mettupalayam,Pepper,Local,53071.69,59562.36,56253.44,INR/quintal,"Coimbatore, Tamil Nadu, India",2025,6,1
2025-06-11,Pepper,Coimbatore,Pepper,Local,53520.32,59480.96,55870.43,INR/quintal,"Coimbatore, Tamil Nadu, India",2025,6,2
2025-06-12,Pepper,Mettupalayam,Pepper,Local,53146.32,59296.26,56175.33,INR/quintal,"Coimbatore, Tamil Nadu, India",2025,6,3
2025-06-13,Pepper,Sulur,Pepper,Local,51433.12,58142.33,54568.79,INR/quintal,"Coimbatore, Tamil Nadu, India",2025,6,4
2025-06-14,Pepper,Udumalpet,Black Pepper,Local,52636.33,58992.91,55993.88,INR/quintal,"Coimbatore, Tamil Nadu, India",2025,6,5
2025-06-15,Pepper,Coimbatore,Pepper,Local,51542.83,57687.6,54706.25,INR/quintal,"Coimbatore, Tamil Nadu, India",2025,6,6
2025-06-16,Pepper,Udumalpet,Black Pepper,Local,53210.4,59206.67,56537.1,INR/quintal,"Coimbatore, Tamil Nadu, India",2025,6,0
2025-06-17,Pepper,Coimbatore,Pepper,Local,54670.82,60928.56,57954.52,INR/quintal,"Coimbatore, Tamil Nadu, India",2025,6,1
2025-06-18,Pepper,Sulur,Black Pepper,Local,53578.37,58327.44,55838.7,INR/quintal,"Coimbatore, Tamil Nadu, India",2025,6,2
2025-06-19,Pepper,Udumalpet,Pepper,Local,52766.8,58475.34,55362.13,INR/quintal,"Coimbatore, Tamil Nadu, India",2025,6,3
2025-06-20,Pepper,Sulur,Pepper,Local,51183.86,57769.48,54402.2,INR/quintal,"Coimbatore, Tamil Nadu, India",2025,6,4
2025-06-21,Pepper,Coimbatore,Black Pepper,Local,52775.59,57959.07,55352.37,INR/quintal,"Coimbatore, Tamil Nadu, India",2025,6,5
2025-06-22,Pepper,Udumalpet,Pepper,Local,53408.96,59460.36,56165.58,INR/quintal,"Coimbatore, Tamil Nadu, India",2025,6,6
2025-06-23,Pepper,Coimbatore,Black Pepper,Local,52314.48,59066.69,55539.28,INR/quintal,"Coimbatore, Tamil Nadu, India",2025,6,0
2025-06-24,Pepper,Pollachi,Black Pepper,Local,51545.21,57924.85,54092.71,INR/quintal,"Coimbatore, Tamil Nadu, India",2025,6,1
2025-06-25,Pepper,Sulur,Black Pepper,Local,52549.58,57685.28,54992.49,INR/quintal,"Coimbatore, Tamil Nadu, India",2025,6,2
2025-06-26,Pepper,Coimbatore,Black Pepper,Local,51261.24,56517.03,53430.57,INR/quintal,"Coimbatore, Tamil Nadu, India",2025,6,3
2025-06-27,Pepper,Pollachi,Black Pepper,Local,53248.93,59015.64,55497.31,INR/quintal,"Coimbatore, Tamil Nadu, India",2025,6,4
2025-06-28,Pepper,Sulur,Black Pepper,Local,52333.16,57845.67,55126.26,INR/quintal,"Coimbatore, Tamil Nadu, India",2025,6,5
2025-06-29,Pepper,Udumalpet,Pepper,Local,50489.11,56000.74,53198.78,INR/quintal,"Coimbatore, Tamil Nadu, India",2025,6,6
2025-06-30,Pepper,Sulur,Black Pepper,Local,51168.73,56761.14,53865.44,INR/quintal,"Coimbatore, Tamil Nadu, India",2025,6,0
2025-07-01,Pepper,Pollachi,Black Pepper,Local,52623.63,57756.88,54763.81,INR/quintal,"Coimbatore, Tamil Nadu, India",2025,7,1
2025-07-02,Pepper,Pollachi,Pepper,Local,50961.25,57781.24,54031.79,INR/quintal,"Coimbatore, Tamil Nadu, India",2025,7,2
2025-07-03,Pepper,Sulur,Pepper,Local,51747.89,57894.88,54104.11,INR/quintal,"Coimbatore, Tamil Nadu, India",2025,7,3
2025-07-04,Pepper,Mettupalayam,Black Pepper,Local,51179.81,56746.69,53858.74,INR/quintal,"Coimbatore, Tamil Nadu, India",2025,7,4
2025-07-05,Pepper,Sulur,Pepper,Local,51725.64,57910.24,54721.06,INR/quintal,"Coimbatore, Tamil Nadu, India",2025,7,5
2025-07-06,Pepper,Mettupalayam,Black Pepper,Local,52272.13,56963.48,54461.23,INR/quintal,"Coimbatore, Tamil Nadu, India",2025,7,6
2025-07-07,Pepper,Udumalpet,Black Pepper,Local,49267.85,55391.09,52328.67,INR/quintal,"Coimbatore, Tamil Nadu, India",2025,7,0
2025-07-08,Pepper,Mettupalayam,Black Pepper,Local,50792.83,57207.28,54145.28,INR/quintal,"Coimbatore, Tamil Nadu, India",2025,7,1
2025-07-09,Pepper,Pollachi,Pepper,Local,48941.3,55363.27,52255.55,INR/quintal,"Coimbatore, Tamil Nadu, India",2025,7,2
2025-07-10,Pepper,Sulur,Black Pepper,Local,49155.25,54864.74,51939.89,INR/quintal,"Coimbatore, Tamil Nadu, India",2025,7,3
2025-07-11,Pepper,Pollachi,Pepper,Local,49601.71,54805.81,51835.23,INR/quintal,"Coimbatore, Tamil Nadu, India",2025,7,4
2025-07-12,Pepper,Pollachi,Black Pepper,Local,50491.46,56170.54,52812.33,INR/quintal,"Coimbatore, Tamil Nadu, India",2025,7,5
2025-07-13,Pepper,Sulur,Pepper,Local,49826.91,55254.87,52107.12,INR/quintal,"Coimbatore, Tamil Nadu, India",2025,7,6
2025-07-14,Pepper,Sulur,Black Pepper,Local,52173.51,57325.08,54319.83,INR/quintal,"Coimbatore, Tamil Nadu, India",2025,7,0
2025-07-15,Pepper,Mettupalayam,Black Pepper,Local,51939.44,57797.44,54411.9,INR/quintal,"Coimbatore, Tamil Nadu, India",2025,7,1
2025-07-16,Pepper,Coimbatore,Pepper,Local,50821.22,57094.34,53562.16,INR/quintal,"Coimbatore, Tamil Nadu, India",2025,7,2
2025-07-17,Pepper,Sulur,Black Pepper,Local,50835.6,56621.73,53114.51,INR/quintal,"Coimbatore, Tamil Nadu, India",2025,7,3
2025-07-18,Pepper,Pollachi,Pepper,Local,49565.16,55078.11,51891.38,INR/quintal,"Coimbatore, Tamil Nadu, India",2025,7,4
2025-07-19,Pepper,Udumalpet,Pepper,Local,51389.79,56447.04,53567.77,INR/quintal,"Coimbatore, Tamil Nadu, India",2025,7,5
2025-07-20,Pepper,Coimbatore,Black Pepper,Local,52575.7,57564.12,54703.37,INR/quintal,"Coimbatore, Tamil Nadu, India",2025,7,6
2025-07-21,Pepper,Udumalpet,Black Pepper,Local,48871.65,54317.41,51352.49,INR/quintal,"Coimbatore, Tamil Nadu, India",2025,7,0
2025-07-22,Pepper,Pollachi,Black Pepper,Local,48252.71,54860.8,51281.09,INR/quintal,"Coimbatore, Tamil Nadu, India",2025,7,1
2025-07-23,Pepper,Udumalpet,Pepper,Local,49019.69,55241.94,51676.49,INR/quintal,"Coimbatore, Tamil Nadu, India",2025,7,2
2025-07-24,Pepper,Coimbatore,Black Pepper,Local,47809.35,53462.59,50263.81,INR/quintal,"Coimbatore, Tamil Nadu, India",2025,7,3
2025-07-25,Pepper,Mettupalayam,Black Pepper,Local,50641.04,56495.01,52875.93,INR/quintal,"Coimbatore, Tamil Nadu, India",2025,7,4
2025-07-26,Pepper,Coimbatore,Black Pepper,Local,48579.16,53584.99,51164.43,INR/quintal,"Coimbatore, Tamil Nadu, India",2025,7,5
2025-07-27,Pepper,Sulur,Pepper,Local,50562.02,56506.9,53400.02,INR/quintal,"Coimbatore, Tamil Nadu, India",2025,7,6
2025-07-28,Pepper,Mettupalayam,Black Pepper,Local,50449.16,56866.75,53035.5,INR/quintal,"Coimbatore, Tamil Nadu, India",2025,7,0
2025-07-29,Pepper,Coimbatore,Pepper,Local,50255.71,55590.87,52444.82,INR/quintal,"Coimbatore, Tamil Nadu, India",2025,7,1
2025-07-30,Pepper,Pollachi,Pepper,Local,49495.48,54472.58,51911.76,INR/quintal,"Coimbatore, Tamil Nadu, India",2025,7,2
2025-07-31,Pepper,Sulur,Black Pepper,Local,49633.46,55286.66,52178.64,INR/quintal,"Coimbatore, Tamil Nadu, India",2025,7,3
2025-08-01,Pepper,Coimbatore,Black Pepper,Local,46334.58,53080.92,49576.75,INR/quintal,"Coimbatore, Tamil Nadu, India",2025,8,4
2025-08-02,Pepper,Udumalpet,Black Pepper,Local,49855.34,55418.2,52068.0,INR/quintal,"Coimbatore, Tamil Nadu, India",2025,8,5
2025-08-03,Pepper,Pollachi,Black Pepper,Local,48022.84,53456.94,50443.46,INR/quintal,"Coimbatore, Tamil Nadu, India",2025,8,6
2025-08-04,Pepper,Udumalpet,Black Pepper,Local,47348.69,53117.92,49917.04,INR/quintal,"Coimbatore, Tamil Nadu, India",2025,8,0
2025-08-05,Pepper,Sulur,Pepper,Local,49808.16,55301.77,52068.85,INR/quintal,"Coimbatore, Tamil Nadu, India",2025,8,1
2025-08-06,Pepper,Mettupalayam,Pepper,Local,50184.92,55199.18,52342.6,INR/quintal,"Coimbatore, Tamil Nadu, India",2025,8,2
2025-08-07,Pepper,Pollachi,Pepper,Local,49139.44,54736.89,51942.57,INR/quintal,"Coimbatore, Tamil Nadu, India",2025,8,3
2025-08-08,Pepper,Coimbatore,Black Pepper,Local,49792.89,56200.21,52576.34,INR/quintal,"Coimbatore, Tamil Nadu, India",2025,8,4
2025-08-09,Pepper,Coimbatore,Black Pepper,Local,47691.46,54020.71,50839.66,INR/quintal,"Coimbatore, Tamil Nadu, India",2025,8,5
2025-08-10,Pepper,Mettupalayam,Black Pepper,Local,46731.91,52948.54,50074.32,INR/quintal,"Coimbatore, Tamil Nadu, India",2025,8,6
2025-08-11,Pepper,Mettupalayam,Pepper,Local,47773.03,53419.72,50552.62,INR/quintal,"Coimbatore, Tamil Nadu, India",2025,8,0
2025-08-12,Pepper,Mettupalayam,Pepper,Local,46619.03,53260.91,49911.94,INR/quintal,"Coimbatore, Tamil Nadu, India",2025,8,1
2025-08-13,Pepper,Pollachi,Pepper,Local,49555.21,54627.48,51996.81,INR/quintal,"Coimbatore, Tamil Nadu, India",2025,8,2
2025-08-14,Pepper,Udumalpet,Pepper,Local,47891.29,53834.21,51030.15,INR/quintal,"Coimbatore, Tamil Nadu, India",2025,8,3
2025-08-15,Pepper,Coimbatore,Pepper,Local,48798.05,54740.88,51366.58,INR/quintal,"Coimbatore, Tamil Nadu, India",2025,8,4
2025-08-16,Pepper,Mettupalayam,Pepper,Local,48366.58,53965.21,51234.96,INR/quintal,"Coimbatore, Tamil Nadu, India",2025,8,5
2025-08-17,Pepper,Udumalpet,Black Pepper,Local,47462.71,53805.98,50053.48,INR/quintal,"Coimbatore, Tamil Nadu, India",2025,8,6
2025-08-18,Pepper,Sulur,Black Pepper,Local,46473.33,52201.03,48812.17,INR/quintal,"Coimbatore, Tamil Nadu, India",2025,8,0
2025-08-19,Pepper,Pollachi,Pepper,Local,48434.62,53791.39,50575.46,INR/quintal,"Coimbatore, Tamil Nadu, India",2025,8,1
2025-08-20,Pepper,Mettupalayam,Black Pepper,Local,48657.62,54069.12,51145.28,INR/quintal,"Coimbatore, Tamil Nadu, India",2025,8,2
2025-08-21,Pepper,Udumalpet,Pepper,Local,47794.18,53702.79,50367.48,INR/quintal,"Coimbatore, Tamil Nadu, India",2025,8,3
2025-08-22,Pepper,Pollachi,Pepper,Local,46691.89,51461.56,48911.24,INR/quintal,"Coimbatore, Tamil Nadu, India",2025,8,4
2025-08-23,Pepper,Pollachi,Pepper,Local,47570.24,52615.89,50062.17,INR/quintal,"Coimbatore, Tamil Nadu, India",2025,8,5
2025-08-24,Pepper,Coimbatore,Black Pepper,Local,46441.23,53240.1,49655.31,INR/quintal,"Coimbatore, Tamil Nadu, India",2025,8,6
2025-08-25,Pepper,Pollachi,Black Pepper,Local,48161.13,53555.23,50847.99,INR/quintal,"Coimbatore, Tamil Nadu, India",2025,8,0
2025-08-26,Pepper,Sulur,Pepper,Local,47967.08,53619.77,50540.34,INR/quintal,"Coimbatore, Tamil Nadu, India",2025,8,1
2025-08-27,Pepper,Pollachi,Pepper,Local,47348.05,52574.41,49926.53,INR/quintal,"Coimbatore, Tamil Nadu, India",2025,8,2
2025-08-28,Pepper,Coimbatore,Black Pepper,Local,47465.01,53241.0,49708.75,INR/quintal,"Coimbatore, Tamil Nadu, India",2025,8,3
2025-08-29,Pepper,Mettupalayam,Black Pepper,Local,46848.69,52694.69,49141.04,INR/quintal,"Coimbatore, Tamil Nadu, India",2025,8,4
2025-08-30,Pepper,Udumalpet,Black Pepper,Local,47965.42,54823.88,51107.18,INR/quintal,"Coimbatore, Tamil Nadu, India",2025,8,5
2025-08-31,Pepper,Udumalpet,Black Pepper,Local,45504.46,51488.34,48604.09,INR/quintal,"Coimbatore, Tamil Nadu, India",2025,8,6
2025-09-01,Pepper,Coimbatore,Pepper,Local,46702.66,52619.37,49986.85,INR/quintal,"Coimbatore, Tamil Nadu, India",2025,9,0
2025-09-02,Pepper,Pollachi,Pepper,Local,48171.15,54721.63,51148.47,INR/quintal,"Coimbatore, Tamil Nadu, India",2025,9,1
2025-09-03,Pepper,Coimbatore,Black Pepper,Local,46111.25,51400.91,48931.52,INR/quintal,"Coimbatore, Tamil Nadu, India",2025,9,2
2025-09-04,Pepper,Udumalpet,Black Pepper,Local,47455.03,54326.17,50591.19,INR/quintal,"Coimbatore, Tamil Nadu, India",2025,9,3
2025-09-05,Pepper,Pollachi,Pepper,Local,48680.51,54498.29,51163.21,INR/quintal,"Coimbatore, Tamil Nadu, India",2025,9,4
2025-09-06,Pepper,Coimbatore,Pepper,Local,47781.7,52854.8,50127.02,INR/quintal,"Coimbatore, Tamil Nadu, India",2025,9,5
2025-09-07,Pepper,Mettupalayam,Black Pepper,Local,46783.93,53328.71,50064.38,INR/quintal,"Coimbatore, Tamil Nadu, India",2025,9,6
2025-09-08,Pepper,Mettupalayam,Pepper,Local,46978.45,53222.81,49703.58,INR/quintal,"Coimbatore, Tamil Nadu, India",2025,9,0
2025-09-09,Pepper,Coimbatore,Pepper,Local,45767.69,51395.33,48939.83,INR/quintal,"Coimbatore, Tamil Nadu, India",2025,9,1
2025-09-10,Pepper,Mettupalayam,Pepper,Local,47121.21,53200.59,50074.77,INR/quintal,"Coimbatore, Tamil Nadu, India",2025,9,2
2025-09-11,Pepper,Mettupalayam,Black Pepper,Local,45646.76,51514.68,48629.93,INR/quintal,"Coimbatore, Tamil Nadu, India",2025,9,3
2025-09-12,Pepper,Sulur,Black Pepper,Local,46110.42,51684.72,49031.48,INR/quintal,"Coimbatore, Tamil Nadu, India",2025,9,4
2025-09-13,Pepper,Mettupalayam,Black Pepper,Local,45421.45,51769.67,48516.78,INR/quintal,"Coimbatore, Tamil Nadu, India",2025,9,5
2025-09-14,Pepper,Sulur,Black Pepper,Local,46633.23,51830.69,49192.87,INR/quintal,"Coimbatore, Tamil Nadu, India",2025,9,6
2025-09-15,Pepper,Coimbatore,Pepper,Local,48124.09,53636.89,50412.55,INR/quintal,"Coimbatore, Tamil Nadu, India",2025,9,0
2025-09-16,Pepper,Coimbatore,Pepper,Local,45493.34,51514.27,48535.49,INR/quintal,"Coimbatore, Tamil Nadu, India",2025,9,1
2025-09-17,Pepper,Sulur,Black Pepper,Local,46988.43,52509.45,49513.17,INR/quintal,"Coimbatore, Tamil Nadu, India",2025,9,2
2025-09-18,Pepper,Mettupalayam,Pepper,Local,46665.82,52656.81,50001.99,INR/quintal,"Coimbatore, Tamil Nadu, India",2025,9,3
2025-09-19,Pepper,Udumalpet,Black Pepper,Local,47360.4,53242.24,49912.55,INR/quintal,"Coimbatore, Tamil Nadu, India",2025,9,4
2025-09-20,Pepper,Udumalpet,Pepper,Local,46818.2,51679.26,48995.62,INR/quintal,"Coimbatore, Tamil Nadu, India",2025,9,5
2025-09-21,Pepper,Sulur,Black Pepper,Local,45979.06,51595.55,49164.41,INR/quintal,"Coimbatore, Tamil Nadu, India",2025,9,6
2025-09-22,Pepper,Pollachi,Black Pepper,Local,47222.61,53412.21,50098.67,INR/quintal,"Coimbatore, Tamil Nadu, India",2025,9,0
2025-09-23,Pepper,Sulur,Black Pepper,Local,47306.39,52514.73,49832.95,INR/quintal,"Coimbatore, Tamil Nadu, India",2025,9,1
2025-09-24,Pepper,Mettupalayam,Pepper,Local,46351.72,52301.21,49047.47,INR/quintal,"Coimbatore, Tamil Nadu, India",2025,9,2
2025-09-25,Pepper,Sulur,Black Pepper,Local,46819.73,52347.0,49387.6,INR/quintal,"Coimbatore, Tamil Nadu, India",2025,9,3
2025-09-26,Pepper,Sulur,Pepper,Local,45989.29,52198.96,49232.35,INR/quintal,"Coimbatore, Tamil Nadu, India",2025,9,4
2025-09-27,Pepper,Pollachi,Black Pepper,Local,45778.61,50699.11,48075.93,INR/quintal,"Coimbatore, Tamil Nadu, India",2025,9,5
2025-09-28,Pepper,Mettupalayam,Pepper,Local,47213.7,53582.05,50392.56,INR/quintal,"Coimbatore, Tamil Nadu, India",2025,9,6
2025-09-29,Pepper,Mettupalayam,Black Pepper,Local,46886.16,52185.37,49142.69,INR/quintal,"Coimbatore, Tamil Nadu, India",2025,9,0
2025-09-30,Pepper,Sulur,Black Pepper,Local,45885.8,52752.98,48929.45,INR/quintal,"Coimbatore, Tamil Nadu, India",2025,9,1
2025-10-01,Pepper,Mettupalayam,Pepper,Local,46244.5,51474.47,48671.7,INR/quintal,"Coimbatore, Tamil Nadu, India",2025,10,2
2025-10-02,Pepper,Pollachi,Black Pepper,Local,47896.14,52434.38,50018.4,INR/quintal,"Coimbatore, Tamil Nadu, India",2025,10,3
2025-10-03,Pepper,Mettupalayam,Black Pepper,Local,44382.5,49901.91,47319.7,INR/quintal,"Coimbatore, Tamil Nadu, India",2025,10,4
2025-10-04,Pepper,Sulur,Black Pepper,Local,46262.11,51029.61,48591.37,INR/quintal,"Coimbatore, Tamil Nadu, India",2025,10,5
2025-10-05,Pepper,Mettupalayam,Pepper,Local,46339.21,52322.69,48716.23,INR/quintal,"Coimbatore, Tamil Nadu, India",2025,10,6
2025-10-06,Pepper,Pollachi,Pepper,Local,47334.3,53553.58,50568.31,INR/quintal,"Coimbatore, Tamil Nadu, India",2025,10,0
2025-10-07,Pepper,Mettupalayam,Pepper,Local,45254.64,51786.05,48451.73,INR/quintal,"Coimbatore, Tamil Nadu, India",2025,10,1
2025-10-08,Pepper,Sulur,Black Pepper,Local,46523.73,51771.6,49280.98,INR/quintal,"Coimbatore, Tamil Nadu, India",2025,10,2
2025-10-09,Pepper,Coimbatore,Black Pepper,Local,46927.15,53414.9,49724.51,INR/quintal,"Coimbatore, Tamil Nadu, India",2025,10,3
2025-10-10,Pepper,Udumalpet,Pepper,Local,47976.91,54367.97,50711.53,INR/quintal,"Coimbatore, Tamil Nadu, India",2025,10,4
2025-10-11,Pepper,Mettupalayam,Pepper,Local,45711.96,51718.97,48837.11,INR/quintal,"Coimbatore, Tamil Nadu, India",2025,10,5
2025-10-12,Pepper,Coimbatore,Black Pepper,Local,47482.5,53759.48,50104.28,INR/quintal,"Coimbatore, Tamil Nadu, India",2025,10,6
2025-10-13,Pepper,Mettupalayam,Pepper,Local,47368.14,52822.41,49575.67,INR/quintal,"Coimbatore, Tamil Nadu, India",2025,10,0
2025-10-14,Pepper,Sulur,Pepper,Local,46870.58,53274.44,50029.12,INR/quintal,"Coimbatore, Tamil Nadu, India",2025,10,1
2025-10-15,Pepper,Udumalpet,Black Pepper,Local,46155.5,51546.58,49097.24,INR/quintal,"Coimbatore, Tamil Nadu, India",2025,10,2
2025-10-16,Pepper,Pollachi,Black Pepper,Local,47802.7,52991.13,50432.62,INR/quintal,"Coimbatore, Tamil Nadu, India",2025,10,3
2025-10-17,Pepper,Mettupalayam,Pepper,Local,45835.53,51098.26,48413.93,INR/quintal,"Coimbatore, Tamil Nadu, India",2025,10,4
2025-10-18,Pepper,Coimbatore,Black Pepper,Local,46265.63,52442.57,48962.46,INR/quintal,"Coimbatore, Tamil Nadu, India",2025,10,5
2025-10-19,Pepper,Sulur,Black Pepper,Local,46104.52,51736.14,48758.91,INR/quintal,"Coimbatore, Tamil Nadu, India",2025,10,6
2025-10-20,Pepper,Coimbatore,Pepper,Local,46395.39,52458.04,48881.79,INR/quintal,"Coimbatore, Tamil Nadu, India",2025,10,0
2025-10-21,Pepper,Sulur,Pepper,Local,45427.17,51817.85,48130.15,INR/quintal,"Coimbatore, Tamil Nadu, India",2025,10,1
2025-10-22,Pepper,Mettupalayam,Pepper,Local,46814.9,53570.52,50030.18,INR/quintal,"Coimbatore, Tamil Nadu, India",2025,10,2
2025-10-23,Pepper,Udumalpet,Black Pepper,Local,46317.41,51753.71,48991.22,INR/quintal,"Coimbatore, Tamil Nadu, India",2025,10,3
2025-10-24,Pepper,Mettupalayam,Black Pepper,Local,47442.46,53918.94,50095.63,INR/quintal,"Coimbatore, Tamil Nadu, India",2025,10,4
2025-10-25,Pepper,Pollachi,Pepper,Local,48044.55,53403.3,50905.42,INR/quintal,"Coimbatore, Tamil Nadu, India",2025,10,5
2025-10-26,Pepper,Sulur,Black Pepper,Local,46946.31,52119.67,49466.67,INR/quintal,"Coimbatore, Tamil Nadu, India",2025,10,6
2025-10-27,Pepper,Udumalpet,Pepper,Local,45309.77,52004.16,48494.81,INR/quintal,"Coimbatore, Tamil Nadu, India",2025,10,0
2025-10-28,Pepper,Udumalpet,Pepper,Local,48354.77,54276.14,51139.67,INR/quintal,"Coimbatore, Tamil Nadu, India",2025,10,1
2025-10-29,Pepper,Sulur,Pepper,Local,46712.21,53368.57,50060.55,INR/quintal,"Coimbatore, Tamil Nadu, India",2025,10,2
2025-10-30,Pepper,Mettupalayam,Black Pepper,Local,45964.26,52660.14,48998.92,INR/quintal,"Coimbatore, Tamil Nadu, India",2025,10,3
2025-10-31,Pepper,Udumalpet,Black Pepper,Local,46984.97,52852.79,50158.98,INR/quintal,"Coimbatore, Tamil Nadu, India",2025,10,4
2025-11-01,Pepper,Sulur,Black Pepper,Local,48208.13,54133.2,50410.65,INR/quintal,"Coimbatore, Tamil Nadu, India",2025,11,5
2025-11-02,Pepper,Pollachi,Black Pepper,Local,49337.6,54402.57,51539.52,INR/quintal,"Coimbatore, Tamil Nadu, India",2025,11,6
2025-11-03,Pepper,Mettupalayam,Pepper,Local,47033.1,52269.23,49653.86,INR/quintal,"Coimbatore, Tamil Nadu, India",2025,11,0
2025-11-04,Pepper,Sulur,Black Pepper,Local,47970.74,53355.24,50350.16,INR/quintal,"Coimbatore, Tamil Nadu, India",2025,11,1
2025-11-05,Pepper,Pollachi,Pepper,Local,48765.27,54466.7,51736.81,INR/quintal,"Coimbatore, Tamil Nadu, India",2025,11,2
2025-11-06,Pepper,Mettupalayam,Pepper,Local,50100.6,55170.67,52256.1,INR/quintal,"Coimbatore, Tamil Nadu, India",2025,11,3
2025-11-07,Pepper,Mettupalayam,Black Pepper,Local,47664.14,52326.49,49879.23,INR/quintal,"Coimbatore, Tamil Nadu, India",2025,11,4
2025-11-08,Pepper,Mettupalayam,Black Pepper,Local,46553.62,52865.35,49235.4,INR/quintal,"Coimbatore, Tamil Nadu, India",2025,11,5
2025-11-09,Pepper,Mettupalayam,Pepper,Local,49913.35,54985.75,52349.48,INR/quintal,"Coimbatore, Tamil Nadu, India",2025,11,6
2025-11-10,Pepper,Sulur,Black Pepper,Local,47326.12,53832.4,50645.45,INR/quintal,"Coimbatore, Tamil Nadu, India",2025,11,0
2025-11-11,Pepper,Mettupalayam,Pepper,Local,48646.52,54544.4,51553.06,INR/quintal,"Coimbatore, Tamil Nadu, India",2025,11,1
2025-11-12,Pepper,Udumalpet,Black Pepper,Local,47844.46,54029.74,51048.68,INR/quintal,"Coimbatore, Tamil Nadu, India",2025,11,2
2025-11-13,Pepper,Udumalpet,Pepper,Local,47630.82,54121.68,50540.6,INR/quintal,"Coimbatore, Tamil Nadu, India",2025,11,3
2025-11-14,Pepper,Udumalpet,Black Pepper,Local,48223.93,54227.92,50406.16,INR/quintal,"Coimbatore, Tamil Nadu, India",2025,11,4
2025-11-15,Pepper,Udumalpet,Black Pepper,Local,48641.34,54314.1,51471.82,INR/quintal,"Coimbatore, Tamil Nadu, India",2025,11,5
2025-11-16,Pepper,Mettupalayam,Pepper,Local,47757.36,53712.03,50811.91,INR/quintal,"Coimbatore, Tamil Nadu, India",2025,11,6
2025-11-17,Pepper,Sulur,Black Pepper,Local,46890.21,53740.57,49977.8,INR/quintal,"Coimbatore, Tamil Nadu, India",2025,11,0
2025-11-18,Pepper,Pollachi,Black Pepper,Local,48245.36,53858.58,50626.29,INR/quintal,"Coimbatore, Tamil Nadu, India",2025,11,1
2025-11-19,Pepper,Udumalpet,Pepper,Local,46744.13,53264.08,49893.42,INR/quintal,"Coimbatore, Tamil Nadu, India",2025,11,2
2025-11-20,Pepper,Sulur,Pepper,Local,48179.62,53459.96,50629.1,INR/quintal,"Coimbatore, Tamil Nadu, India",2025,11,3
2025-11-21,Pepper,Sulur,Black Pepper,Local,47555.33,52957.36,50235.04,INR/quintal,"Coimbatore, Tamil Nadu, India",2025,11,4
2025-11-22,Pepper,Sulur,Black Pepper,Local,50246.07,54969.2,52522.37,INR/quintal,"Coimbatore, Tamil Nadu, India",2025,11,5
2025-11-23,Pepper,Sulur,Pepper,Local,47840.78,53390.17,50985.83,INR/quintal,"Coimbatore, Tamil Nadu, India",2025,11,6
2025-11-24,Pepper,Sulur,Black Pepper,Local,49845.65,55718.27,52259.08,INR/quintal,"Coimbatore, Tamil Nadu, India",2025,11,0
2025-11-25,Pepper,Sulur,Pepper,Local,49224.95,54609.01,52041.91,INR/quintal,"Coimbatore, Tamil Nadu, India",2025,11,1
2025-11-26,Pepper,Mettupalayam,Pepper,Local,50847.57,55877.72,53410.4,INR/quintal,"Coimbatore, Tamil Nadu, India",2025,11,2
2025-11-27,Pepper,Sulur,Pepper,Local,48318.13,54797.87,51319.35,INR/quintal,"Coimbatore, Tamil Nadu, India",2025,11,3
2025-11-28,Pepper,Mettupalayam,Black Pepper,Local,48609.11,55467.12,51683.69,INR/quintal,"Coimbatore, Tamil Nadu, India",2025,11,4
2025-11-29,Pepper,Sulur,Pepper,Local,49520.2,54709.97,52169.32,INR/quintal,"Coimbatore, Tamil Nadu, India",2025,11,5
2025-11-30,Pepper,Udumalpet,Pepper,Local,48283.44,54470.52,51635.54,INR/quintal,"Coimbatore, Tamil Nadu, India",2025,11,6
2025-12-01,Pepper,Pollachi,Black Pepper,Local,49838.73,54748.96,52223.33,INR/quintal,"Coimbatore, Tamil Nadu, India",2025,12,0
2025-12-02,Pepper,Sulur,Black Pepper,Local,47965.03,53119.23,50632.55,INR/quintal,"Coimbatore, Tamil Nadu, India",2025,12,1
2025-12-03,Pepper,Mettupalayam,Black Pepper,Local,48721.96,54195.49,51402.98,INR/quintal,"Coimbatore, Tamil Nadu, India",2025,12,2
2025-12-04,Pepper,Udumalpet,Pepper,Local,47938.39,53063.0,50202.3,INR/quintal,"Coimbatore, Tamil Nadu, India",2025,12,3
2025-12-05,Pepper,Udumalpet,Black Pepper,Local,50012.25,55913.48,53296.25,INR/quintal,"Coimbatore, Tamil Nadu, India",2025,12,4
2025-12-06,Pepper,Coimbatore,Black Pepper,Local,51362.57,57185.05,53977.53,INR/quintal,"Coimbatore, Tamil Nadu, India",2025,12,5
2025-12-07,Pepper,Pollachi,Black Pepper,Local,49143.2,54693.96,51979.85,INR/quintal,"Coimbatore, Tamil Nadu, India",2025,12,6
2025-12-08,Pepper,Pollachi,Black Pepper,Local,50028.64,54981.14,52336.07,INR/quintal,"Coimbatore, Tamil Nadu, India",2025,12,0
2025-12-09,Pepper,Mettupalayam,Black Pepper,Local,48910.41,54439.92,51675.13,INR/quintal,"Coimbatore, Tamil Nadu, India",2025,12,1
2025-12-10,Pepper,Mettupalayam,Pepper,Local,50659.02,55708.29,53178.15,INR/quintal,"Coimbatore, Tamil Nadu, India",2025,12,2
2025-12-11,Pepper,Udumalpet,Pepper,Local,50070.22,56272.41,53042.31,INR/quintal,"Coimbatore, Tamil Nadu, India",2025,12,3
2025-12-12,Pepper,Sulur,Pepper,Local,51758.7,57844.73,54032.64,INR/quintal,"Coimbatore, Tamil Nadu, India",2025,12,4
2025-12-13,Pepper,Mettupalayam,Pepper,Local,51158.34,57273.23,53943.53,INR/quintal,"Coimbatore, Tamil Nadu, India",2025,12,5
2025-12-14,Pepper,Udumalpet,Black Pepper,Local,50372.19,55439.33,52634.58,INR/quintal,"Coimbatore, Tamil Nadu, India",2025,12,6
2025-12-15,Pepper,Sulur,Black Pepper,Local,51181.82,57387.66,54046.37,INR/quintal,"Coimbatore, Tamil Nadu, India",2025,12,0
2025-12-16,Pepper,Mettupalayam,Black Pepper,Local,50271.47,56064.35,53446.18,INR/quintal,"Coimbatore, Tamil Nadu, India",2025,12,1
2025-12-17,Pepper,Sulur,Black Pepper,Local,51637.12,56987.63,53888.7,INR/quintal,"Coimbatore, Tamil Nadu, India",2025,12,2
2025-12-18,Pepper,Pollachi,Black Pepper,Local,50479.66,55640.02,52817.15,INR/quintal,"Coimbatore, Tamil Nadu, India",2025,12,3
2025-12-19,Pepper,Pollachi,Black Pepper,Local,51077.87,55861.72,53264.72,INR/quintal,"Coimbatore, Tamil Nadu, India",2025,12,4
2025-12-20,Pepper,Pollachi,Black Pepper,Local,50831.41,57161.59,53502.65,INR/quintal,"Coimbatore, Tamil Nadu, India",2025,12,5
2025-12-21,Pepper,Pollachi,Pepper,Local,50439.1,57195.31,53582.92,INR/quintal,"Coimbatore, Tamil Nadu, India",2025,12,6
2025-12-22,Pepper,Sulur,Pepper,Local,52205.51,57299.28,54819.63,INR/quintal,"Coimbatore, Tamil Nadu, India",2025,12,0
2025-12-23,Pepper,Sulur,Pepper,Local,50728.19,56771.76,53938.37,INR/quintal,"Coimbatore, Tamil Nadu, India",2025,12,1
2025-12-24,Pepper,Pollachi,Pepper,Local,49722.41,55209.4,52505.99,INR/quintal,"Coimbatore, Tamil Nadu, India",2025,12,2
2025-12-25,Pepper,Coimbatore,Black Pepper,Local,50701.91,57215.22,53762.89,INR/quintal,"Coimbatore, Tamil Nadu, India",2025,12,3
2025-12-26,Pepper,Udumalpet,Pepper,Local,50971.79,56324.18,53248.78,INR/quintal,"Coimbatore, Tamil Nadu, India",2025,12,4
2025-12-27,Pepper,Mettupalayam,Pepper,Local,52658.89,57777.84,54833.02,INR/quintal,"Coimbatore, Tamil Nadu, India",2025,12,5
2025-12-28,Pepper,Udumalpet,Black Pepper,Local,49857.99,56507.56,53017.7,INR/quintal,"Coimbatore, Tamil Nadu, India",2025,12,6
2025-12-29,Pepper,Pollachi,Pepper,Local,50087.82,55865.68,52645.46,INR/quintal,"Coimbatore, Tamil Nadu, India",2025,12,0
2025-12-30,Pepper,Coimbatore,Pepper,Local,50870.81,56562.44,53091.76,INR/quintal,"Coimbatore, Tamil Nadu, India",2025,12,1
2025-12-31,Pepper,Mettupalayam,Pepper,Local,50311.78,56431.64,53132.48,INR/quintal,"Coimbatore, Tamil Nadu, India",2025,12,2
2026-01-01,Pepper,Sulur,Black Pepper,Local,51956.52,58623.6,54864.77,INR/quintal,"Coimbatore, Tamil Nadu, India",2026,1,3
2026-01-02,Pepper,Coimbatore,Pepper,Local,50507.73,56549.7,53575.9,INR/quintal,"Coimbatore, Tamil Nadu, India",2026,1,4
2026-01-03,Pepper,Udumalpet,Black Pepper,Local,52197.07,58603.34,55070.04,INR/quintal,"Coimbatore, Tamil Nadu, India",2026,1,5
2026-01-04,Pepper,Sulur,Black Pepper,Local,53038.74,57959.28,55554.27,INR/quintal,"Coimbatore, Tamil Nadu, India",2026,1,6
2026-01-05,Pepper,Pollachi,Black Pepper,Local,53732.99,58890.1,56340.1,INR/quintal,"Coimbatore, Tamil Nadu, India",2026,1,0
2026-01-06,Pepper,Pollachi,Black Pepper,Local,51154.38,58014.94,54248.8,INR/quintal,"Coimbatore, Tamil Nadu, India",2026,1,1
2026-01-07,Pepper,Sulur,Pepper,Local,53794.27,59344.52,56238.25,INR/quintal,"Coimbatore, Tamil Nadu, India",2026,1,2
2026-01-08,Pepper,Sulur,Black Pepper,Local,51941.02,58374.92,54802.71,INR/quintal,"Coimbatore, Tamil Nadu, India",2026,1,3
2026-01-09,Pepper,Udumalpet,Pepper,Local,52188.64,58785.1,55506.71,INR/quintal,"Coimbatore, Tamil Nadu, India",2026,1,4
2026-01-10,Pepper,Udumalpet,Pepper,Local,53024.93,59209.8,55606.9,INR/quintal,"Coimbatore, Tamil Nadu, India",2026,1,5
2026-01-11,Pepper,Pollachi,Pepper,Local,53635.74,58554.64,56018.46,INR/quintal,"Coimbatore, Tamil Nadu, India",2026,1,6
2026-01-12,Pepper,Pollachi,Black Pepper,Local,53231.82,59093.0,55703.77,INR/quintal,"Coimbatore, Tamil Nadu, India",2026,1,0
2026-01-13,Pepper,Sulur,Pepper,Local,52868.5,59265.62,55712.5,INR/quintal,"Coimbatore, Tamil Nadu, India",2026,1,1
2026-01-14,Pepper,Mettupalayam,Pepper,Local,53597.94,59907.25,56866.32,INR/quintal,"Coimbatore, Tamil Nadu, India",2026,1,2
2026-01-15,Pepper,Sulur,Pepper,Local,51347.6,58233.04,54655.62,INR/quintal,"Coimbatore, Tamil Nadu, India",2026,1,3
2026-01-16,Pepper,Udumalpet,Black Pepper,Local,52005.71,58017.36,55331.88,INR/quintal,"Coimbatore, Tamil Nadu, India",2026,1,4
2026-01-17,Pepper,Coimbatore,Black Pepper,Local,52678.31,59771.48,55958.09,INR/quintal,"Coimbatore, Tamil Nadu, India",2026,1,5
2026-01-18,Pepper,Mettupalayam,Pepper,Local,53527.61,59897.04,56607.6,INR/quintal,"Coimbatore, Tamil Nadu, India",2026,1,6
2026-01-19,Pepper,Coimbatore,Pepper,Local,54284.87,58883.37,56452.03,INR/quintal,"Coimbatore, Tamil Nadu, India",2026,1,0
2026-01-20,Pepper,Coimbatore,Black Pepper,Local,53702.44,59408.78,56180.62,INR/quintal,"Coimbatore, Tamil Nadu, India",2026,1,1
2026-01-21,Pepper,Mettupalayam,Black Pepper,Local,53382.18,60326.65,56657.08,INR/quintal,"Coimbatore, Tamil Nadu, India",2026,1,2
2026-01-22,Pepper,Coimbatore,Pepper,Local,54805.17,61082.34,57537.17,INR/quintal,"Coimbatore, Tamil Nadu, India",2026,1,3
2026-01-23,Pepper,Sulur,Black Pepper,Local,54245.52,59308.12,56781.6,INR/quintal,"Coimbatore, Tamil Nadu, India",2026,1,4
2026-01-24,Pepper,Udumalpet,Pepper,Local,54701.51,60392.95,57974.45,INR/quintal,"Coimbatore, Tamil Nadu, India",2026,1,5
2026-01-25,Pepper,Mettupalayam,Pepper,Local,55219.36,60002.75,57589.48,INR/quintal,"Coimbatore, Tamil Nadu, India",2026,1,6
2026-01-26,Pepper,Udumalpet,Black Pepper,Local,54161.67,60192.8,56459.03,INR/quintal,"Coimbatore, Tamil Nadu, India",2026,1,0
2026-01-27,Pepper,Mettupalayam,Black Pepper,Local,56066.96,62111.53,58518.74,INR/quintal,"Coimbatore, Tamil Nadu, India",2026,1,1
2026-01-28,Pepper,Udumalpet,Pepper,Local,53787.64,60270.72,57022.03,INR/quintal,"Coimbatore, Tamil Nadu, India",2026,1,2
2026-01-29,Pepper,Udumalpet,Pepper,Local,55227.35,61249.01,58427.59,INR/quintal,"Coimbatore, Tamil Nadu, India",2026,1,3
2026-01-30,Pepper,Udumalpet,Black Pepper,Local,56314.95,62525.84,58887.97,INR/quintal,"Coimbatore, Tamil Nadu, India",2026,1,4
2026-01-31,Pepper,Udumalpet,Black Pepper,Local,56016.06,61535.49,58384.91,INR/quintal,"Coimbatore, Tamil Nadu, India",2026,1,5
2026-02-01,Pepper,Coimbatore,Pepper,Local,54770.67,60581.62,57811.52,INR/quintal,"Coimbatore, Tamil Nadu, India",2026,2,6
2026-02-02,Pepper,Udumalpet,Pepper,Local,55716.5,61424.11,57975.14,INR/quintal,"Coimbatore, Tamil Nadu, India",2026,2,0
2026-02-03,Pepper,Sulur,Black Pepper,Local,54973.0,61039.57,58265.87,INR/quintal,"Coimbatore, Tamil Nadu, India",2026,2,1
2026-02-04,Pepper,Pollachi,Pepper,Local,55570.67,61221.01,58759.3,INR/quintal,"Coimbatore, Tamil Nadu, India",2026,2,2
2026-02-05,Pepper,Coimbatore,Pepper,Local,55518.92,61315.96,58468.87,INR/quintal,"Coimbatore, Tamil Nadu, India",2026,2,3
2026-02-06,Pepper,Udumalpet,Black Pepper,Local,55396.94,61701.44,58173.85,INR/quintal,"Coimbatore, Tamil Nadu, India",2026,2,4
2026-02-07,Pepper,Mettupalayam,Black Pepper,Local,53468.92,60248.18,56422.11,INR/quintal,"Coimbatore, Tamil Nadu, India",2026,2,5
2026-02-08,Pepper,Udumalpet,Pepper,Local,55551.4,61363.68,57686.0,INR/quintal,"Coimbatore, Tamil Nadu, India",2026,2,6
2026-02-09,Pepper,Udumalpet,Black Pepper,Local,55204.37,60706.78,58276.04,INR/quintal,"Coimbatore, Tamil Nadu, India",2026,2,0
2026-02-10,Pepper,Sulur,Pepper,Local,56922.59,62540.7,59388.42,INR/quintal,"Coimbatore, Tamil Nadu, India",2026,2,1
2026-02-11,Pepper,Coimbatore,Black Pepper,Local,55796.26,61817.58,58924.89,INR/quintal,"Coimbatore, Tamil Nadu, India",2026,2,2
2026-02-12,Pepper,Pollachi,Black Pepper,Local,57060.85,62917.45,59275.44,INR/quintal,"Coimbatore, Tamil Nadu, India",2026,2,3
2026-02-13,Pepper,Coimbatore,Pepper,Local,54576.68,60095.99,57010.87,INR/quintal,"Coimbatore, Tamil Nadu, India",2026,2,4
2026-02-14,Pepper,Mettupalayam,Pepper,Local,58932.72,64481.39,61362.26,INR/quintal,"Coimbatore, Tamil Nadu, India",2026,2,5
2026-02-15,Pepper,Coimbatore,Pepper,Local,55686.98,62004.72,58923.04,INR/quintal,"Coimbatore, Tamil Nadu, India",2026,2,6
2026-02-16,Pepper,Mettupalayam,Black Pepper,Local,56316.13,62355.1,59186.98,INR/quintal,"Coimbatore, Tamil Nadu, India",2026,2,0
2026-02-17,Pepper,Udumalpet,Black Pepper,Local,56544.47,62962.15,59611.72,INR/quintal,"Coimbatore, Tamil Nadu, India",2026,2,1
2026-02-18,Pepper,Pollachi,Black Pepper,Local,56637.8,62260.7,59515.79,INR/quintal,"Coimbatore, Tamil Nadu, India",2026,2,2
2026-02-19,Pepper,Pollachi,Black Pepper,Local,54267.02,60586.47,56833.04,INR/quintal,"Coimbatore, Tamil Nadu, India",2026,2,3
2026-02-20,Pepper,Udumalpet,Pepper,Local,55161.27,61225.06,58377.92,INR/quintal,"Coimbatore, Tamil Nadu, India",2026,2,4
2026-02-21,Pepper,Pollachi,Pepper,Local,57625.2,62588.53,59829.84,INR/quintal,"Coimbatore, Tamil Nadu, India",2026,2,5
2026-02-22,Pepper,Coimbatore,Pepper,Local,56965.58,61696.8,59196.77,INR/quintal,"Coimbatore, Tamil Nadu, India",2026,2,6
2026-02-23,Pepper,Sulur,Pepper,Local,55963.19,61611.7,58287.74,INR/quintal,"Coimbatore, Tamil Nadu, India",2026,2,0
2026-02-24,Pepper,Pollachi,Black Pepper,Local,55102.69,61555.85,58451.65,INR/quintal,"Coimbatore, Tamil Nadu, India",2026,2,1
2026-02-25,Pepper,Coimbatore,Pepper,Local,56290.9,62801.55,59632.66,INR/quintal,"Coimbatore, Tamil Nadu, India",2026,2,2
2026-02-26,Pepper,Udumalpet,Pepper,Local,55275.61,61774.91,58613.74,INR/quintal,"Coimbatore, Tamil Nadu, India",2026,2,3
2026-02-27,Pepper,Udumalpet,Black Pepper,Local,56406.2,62588.53,59045.42,INR/quintal,"Coimbatore, Tamil Nadu, India",2026,2,4
2026-02-28,Pepper,Coimbatore,Pepper,Local,57632.14,63314.57,59800.43,INR/quintal,"Coimbatore, Tamil Nadu, India",2026,2,5
2026-03-01,Pepper,Sulur,Black Pepper,Local,57844.87,63017.27,60154.42,INR/quintal,"Coimbatore, Tamil Nadu, India",2026,3,6
2026-03-02,Pepper,Mettupalayam,Black Pepper,Local,58202.42,63912.33,60449.49,INR/quintal,"Coimbatore, Tamil Nadu, India",2026,3,0
2026-03-03,Pepper,Coimbatore,Pepper,Local,57189.42,63385.47,59759.32,INR/quintal,"Coimbatore, Tamil Nadu, India",2026,3,1
2026-03-04,Pepper,Sulur,Black Pepper,Local,55425.78,61546.83,58540.35,INR/quintal,"Coimbatore, Tamil Nadu, India",2026,3,2
2026-03-05,Pepper,Sulur,Black Pepper,Local,57889.22,63175.79,60363.3,INR/quintal,"Coimbatore, Tamil Nadu, India",2026,3,3
2026-03-06,Pepper,Udumalpet,Pepper,Local,56401.5,62574.38,59718.07,INR/quintal,"Coimbatore, Tamil Nadu, India",2026,3,4
2026-03-07,Pepper,Mettupalayam,Pepper,Local,58614.4,63927.95,60835.44,INR/quintal,"Coimbatore, Tamil Nadu, India",2026,3,5
2026-03-08,Pepper,Pollachi,Pepper,Local,57346.59,63823.05,60163.91,INR/quintal,"Coimbatore, Tamil Nadu, India",2026,3,6
2026-03-09,Pepper,Coimbatore,Pepper,Local,56842.03,62977.46,59724.92,INR/quintal,"Coimbatore, Tamil Nadu, India",2026,3,0
2026-03-10,Pepper,Pollachi,Pepper,Local,56511.96,62715.1,59424.12,INR/quintal,"Coimbatore, Tamil Nadu, India",2026,3,1
2026-03-11,Pepper,Mettupalayam,Pepper,Local,56309.71,62580.3,59464.36,INR/quintal,"Coimbatore, Tamil Nadu, India",2026,3,2
2026-03-12,Pepper,Udumalpet,Black Pepper,Local,58545.22,63757.74,61193.42,INR/quintal,"Coimbatore, Tamil Nadu, India",2026,3,3
2026-03-13,Pepper,Sulur,Pepper,Local,55143.94,61687.28,58208.45,INR/quintal,"Coimbatore, Tamil Nadu, India",2026,3,4
2026-03-14,Pepper,Udumalpet,Black Pepper,Local,56197.46,62114.32,59085.44,INR/quintal,"Coimbatore, Tamil Nadu, India",2026,3,5
2026-03-15,Pepper,Udumalpet,Black Pepper,Local,55523.95,60818.29,58271.24,INR/quintal,"Coimbatore, Tamil Nadu, India",2026,3,6
2026-03-16,Pepper,Coimbatore,Black Pepper,Local,56979.95,63890.44,60169.79,INR/quintal,"Coimbatore, Tamil Nadu, India",2026,3,0
2026-03-17,Pepper,Sulur,Pepper,Local,54805.85,60357.29,57879.7,INR/quintal,"Coimbatore, Tamil Nadu, India",2026,3,1
2026-03-18,Pepper,Mettupalayam,Pepper,Local,58538.53,64480.22,61285.87,INR/quintal,"Coimbatore, Tamil Nadu, India",2026,3,2
2026-03-19,Pepper,Coimbatore,Black Pepper,Local,55837.95,61489.78,58481.89,INR/quintal,"Coimbatore, Tamil Nadu, India",2026,3,3
2026-03-20,Pepper,Mettupalayam,Black Pepper,Local,57952.51,63819.21,60923.52,INR/quintal,"Coimbatore, Tamil Nadu, India",2026,3,4
2026-03-21,Pepper,Pollachi,Pepper,Local,57495.05,63548.44,59769.1,INR/quintal,"Coimbatore, Tamil Nadu, India",2026,3,5
2026-03-22,Pepper,Udumalpet,Pepper,Local,58769.02,64909.63,61329.86,INR/quintal,"Coimbatore, Tamil Nadu, India",2026,3,6
2026-03-23,Pepper,Mettupalayam,Black Pepper,Local,58887.18,64561.06,60993.09,INR/quintal,"Coimbatore, Tamil Nadu, India",2026,3,0
2026-03-24,Pepper,Sulur,Black Pepper,Local,57652.26,64062.72,60552.67,INR/quintal,"Coimbatore, Tamil Nadu, India",2026,3,1
2026-03-25,Pepper,Udumalpet,Black Pepper,Local,57432.76,62276.41,59613.4,INR/quintal,"Coimbatore, Tamil Nadu, India",2026,3,2
2026-03-26,Pepper,Coimbatore,Pepper,Local,54659.03,61570.65,57774.35,INR/quintal,"Coimbatore, Tamil Nadu, India",2026,3,3
2026-03-27,Pepper,Pollachi,Black Pepper,Local,56616.82,62732.38,59032.3,INR/quintal,"Coimbatore, Tamil Nadu, India",2026,3,4
2026-03-28,Pepper,Sulur,Pepper,Local,56887.8,62951.92,60220.09,INR/quintal,"Coimbatore, Tamil Nadu, India",2026,3,5
2026-03-29,Pepper,Sulur,Black Pepper,Local,56873.32,62167.29,59552.87,INR/quintal,"Coimbatore, Tamil Nadu, India",2026,3,6
2026-03-30,Pepper,Mettupalayam,Pepper,Local,58469.53,63723.42,60875.1,INR/quintal,"Coimbatore, Tamil Nadu, India",2026,3,0
2026-03-31,Pepper,Coimbatore,Pepper,Local,58102.4,64180.51,61186.38,INR/quintal,"Coimbatore, Tamil Nadu, India",2026,3,1
2026-04-01,Pepper,Mettupalayam,Pepper,Local,59651.17,65748.23,62129.29,INR/quintal,"Coimbatore, Tamil Nadu, India",2026,4,2
2026-04-02,Pepper,Sulur,Pepper,Local,55107.94,61792.96,58266.79,INR/quintal,"Coimbatore, Tamil Nadu, India",2026,4,3
2026-04-03,Pepper,Mettupalayam,Pepper,Local,56907.52,63144.23,60096.7,INR/quintal,"Coimbatore, Tamil Nadu, India",2026,4,4
2026-04-04,Pepper,Udumalpet,Black Pepper,Local,58230.62,64234.25,61312.38,INR/quintal,"Coimbatore, Tamil Nadu, India",2026,4,5
2026-04-05,Pepper,Coimbatore,Black Pepper,Local,56519.34,62935.32,59304.5,INR/quintal,"Coimbatore, Tamil Nadu, India",2026,4,6
2026-04-06,Pepper,Udumalpet,Pepper,Local,58075.62,63556.42,60996.87,INR/quintal,"Coimbatore, Tamil Nadu, India",2026,4,0
2026-04-07,Pepper,Mettupalayam,Black Pepper,Local,56425.13,62907.15,59586.77,INR/quintal,"Coimbatore, Tamil Nadu, India",2026,4,1
2026-04-08,Pepper,Coimbatore,Pepper,Local,58074.42,63722.41,60408.22,INR/quintal,"Coimbatore, Tamil Nadu, India",2026,4,2
2026-04-09,Pepper,Udumalpet,Pepper,Local,56540.18,62337.62,59491.8,INR/quintal,"Coimbatore, Tamil Nadu, India",2026,4,3
2026-04-10,Pepper,Pollachi,Pepper,Local,59016.85,64358.16,61339.77,INR/quintal,"Coimbatore, Tamil Nadu, India",2026,4,4
2026-04-11,Pepper,Pollachi,Pepper,Local,56482.72,62186.45,58646.29,INR/quintal,"Coimbatore, Tamil Nadu, India",2026,4,5
2026-04-12,Pepper,Coimbatore,Black Pepper,Local,58532.02,63902.9,60743.72,INR/quintal,"Coimbatore, Tamil Nadu, India",2026,4,6
2026-04-13,Pepper,Coimbatore,Pepper,Local,58601.21,64329.75,60971.28,INR/quintal,"Coimbatore, Tamil Nadu, India",2026,4,0
2026-04-14,Pepper,Coimbatore,Pepper,Local,58187.64,63992.02,60814.46,INR/quintal,"Coimbatore, Tamil Nadu, India",2026,4,1
2026-04-15,Pepper,Sulur,Pepper,Local,57298.17,62522.31,59583.93,INR/quintal,"Coimbatore, Tamil Nadu, India",2026,4,2
2026-04-16,Pepper,Coimbatore,Black Pepper,Local,57543.62,63983.32,60321.7,INR/quintal,"Coimbatore, Tamil Nadu, India",2026,4,3
2026-04-17,Pepper,Coimbatore,Black Pepper,Local,58447.06,63851.41,60587.4,INR/quintal,"Coimbatore, Tamil Nadu, India",2026,4,4
2026-04-18,Pepper,Sulur,Pepper,Local,55740.77,61611.22,58603.82,INR/quintal,"Coimbatore, Tamil Nadu, India",2026,4,5
2026-04-19,Pepper,Sulur,Black Pepper,Local,57117.6,62687.0,59970.75,INR/quintal,"Coimbatore, Tamil Nadu, India",2026,4,6
2026-04-20,Pepper,Coimbatore,Pepper,Local,56647.9,62277.23,59443.29,INR/quintal,"Coimbatore, Tamil Nadu, India",2026,4,0
2026-04-21,Pepper,Coimbatore,Pepper,Local,60129.67,66082.18,62337.24,INR/quintal,"Coimbatore, Tamil Nadu, India",2026,4,1
2026-04-22,Pepper,Udumalpet,Black Pepper,Local,57975.05,63018.82,60258.7,INR/quintal,"Coimbatore, Tamil Nadu, India",2026,4,2
2026-04-23,Pepper,Udumalpet,Black Pepper,Local,57567.54,62748.14,59977.03,INR/quintal,"Coimbatore, Tamil Nadu, India",2026,4,3
2026-04-24,Pepper,Coimbatore,Black Pepper,Local,57386.89,62861.49,60042.43,INR/quintal,"Coimbatore, Tamil Nadu, India",2026,4,4
2026-04-25,Pepper,Mettupalayam,Black Pepper,Local,58822.72,64789.98,61172.38,INR/quintal,"Coimbatore, Tamil Nadu, India",2026,4,5
2026-04-26,Pepper,Coimbatore,Pepper,Local,57784.09,63544.44,61056.11,INR/quintal,"Coimbatore, Tamil Nadu, India",2026,4,6
2026-04-27,Pepper,Sulur,Black Pepper,Local,58161.95,64270.39,61229.59,INR/quintal,"Coimbatore, Tamil Nadu, India",2026,4,0
2026-04-28,Pepper,Coimbatore,Black Pepper,Local,57669.08,62442.77,59877.77,INR/quintal,"Coimbatore, Tamil Nadu, India",2026,4,1
2026-04-29,Pepper,Pollachi,Black Pepper,Local,57347.23,63844.56,60518.52,INR/quintal,"Coimbatore, Tamil Nadu, India",2026,4,2
2026-04-30,Pepper,Coimbatore,Pepper,Local,55391.66,60890.6,58315.23,INR/quintal,"Coimbatore, Tamil Nadu, India",2026,4,3
2026-05-01,Pepper,Sulur,Black Pepper,Local,55689.13,61125.21,57954.01,INR/quintal,"Coimbatore, Tamil Nadu, India",2026,5,4
2026-05-02,Pepper,Sulur,Black Pepper,Local,57589.58,62731.14,60286.45,INR/quintal,"Coimbatore, Tamil Nadu, India",2026,5,5
2026-05-03,Pepper,Pollachi,Pepper,Local,55723.73,62002.74,58405.65,INR/quintal,"Coimbatore, Tamil Nadu, India",2026,5,6
2026-05-04,Pepper,Mettupalayam,Pepper,Local,56159.88,60950.03,58332.35,INR/quintal,"Coimbatore, Tamil Nadu, India",2026,5,0
2026-05-05,Pepper,Coimbatore,Black Pepper,Local,55260.68,61807.21,58359.13,INR/quintal,"Coimbatore, Tamil Nadu, India",2026,5,1
2026-05-06,Pepper,Pollachi,Black Pepper,Local,57403.35,63722.18,60195.78,INR/quintal,"Coimbatore, Tamil Nadu, India",2026,5,2
2026-05-07,Pepper,Udumalpet,Pepper,Local,57304.22,62148.28,59610.92,INR/quintal,"Coimbatore, Tamil Nadu, India",2026,5,3
2026-05-08,Pepper,Sulur,Black Pepper,Local,57945.66,63212.03,60278.24,INR/quintal,"Coimbatore, Tamil Nadu, India",2026,5,4
2026-05-09,Pepper,Mettupalayam,Pepper,Local,55617.89,61475.55,58735.31,INR/quintal,"Coimbatore, Tamil Nadu, India",2026,5,5
2026-05-10,Pepper,Coimbatore,Pepper,Local,56163.5,62811.74,59402.63,INR/quintal,"Coimbatore, Tamil Nadu, India",2026,5,6
2026-05-11,Pepper,Mettupalayam,Pepper,Local,57522.87,62566.3,59989.88,INR/quintal,"Coimbatore, Tamil Nadu, India",2026,5,0
2026-05-12,Pepper,Pollachi,Pepper,Local,57298.31,63213.12,59717.9,INR/quintal,"Coimbatore, Tamil Nadu, India",2026,5,1
2026-05-13,Pepper,Sulur,Black Pepper,Local,55810.21,61390.57,58228.84,INR/quintal,"Coimbatore, Tamil Nadu, India",2026,5,2
2026-05-14,Pepper,Mettupalayam,Black Pepper,Local,54293.97,60516.43,57560.11,INR/quintal,"Coimbatore, Tamil Nadu, India",2026,5,3
2026-05-15,Pepper,Mettupalayam,Black Pepper,Local,58375.49,63369.17,60643.57,INR/quintal,"Coimbatore, Tamil Nadu, India",2026,5,4
2026-05-16,Pepper,Pollachi,Pepper,Local,56443.31,62575.97,59713.12,INR/quintal,"Coimbatore, Tamil Nadu, India",2026,5,5
2026-05-17,Pepper,Mettupalayam,Black Pepper,Local,55564.62,61939.53,58609.67,INR/quintal,"Coimbatore, Tamil Nadu, India",2026,5,6
2026-05-18,Pepper,Coimbatore,Black Pepper,Local,56537.87,61534.74,58843.75,INR/quintal,"Coimbatore, Tamil Nadu, India",2026,5,0
2026-05-19,Pepper,Mettupalayam,Pepper,Local,56845.46,62336.36,59029.74,INR/quintal,"Coimbatore, Tamil Nadu, India",2026,5,1
2026-05-20,Pepper,Mettupalayam,Pepper,Local,55434.0,61552.81,58782.61,INR/quintal,"Coimbatore, Tamil Nadu, India",2026,5,2
2026-05-21,Pepper,Pollachi,Pepper,Local,55613.05,61346.41,57759.69,INR/quintal,"Coimbatore, Tamil Nadu, India",2026,5,3
2026-05-22,Pepper,Coimbatore,Black Pepper,Local,55127.22,61383.44,58150.58,INR/quintal,"Coimbatore, Tamil Nadu, India",2026,5,4
2026-05-23,Pepper,Sulur,Black Pepper,Local,56883.35,63003.37,59289.56,INR/quintal,"Coimbatore, Tamil Nadu, India",2026,5,5
2026-05-24,Pepper,Sulur,Pepper,Local,54654.07,60308.64,57206.73,INR/quintal,"Coimbatore, Tamil Nadu, India",2026,5,6
2026-05-25,Pepper,Pollachi,Black Pepper,Local,55925.18,62230.17,58958.54,INR/quintal,"Coimbatore, Tamil Nadu, India",2026,5,0
2026-05-26,Pepper,Udumalpet,Black Pepper,Local,54230.47,60158.76,56728.76,INR/quintal,"Coimbatore, Tamil Nadu, India",2026,5,1
2026-05-27,Pepper,Pollachi,Pepper,Local,55554.09,60214.47,57781.75,INR/quintal,"Coimbatore, Tamil Nadu, India",2026,5,2
2026-05-28,Pepper,Udumalpet,Black Pepper,Local,54698.2,60955.16,57566.53,INR/quintal,"Coimbatore, Tamil Nadu, India",2026,5,3
2026-05-29,Pepper,Coimbatore,Black Pepper,Local,54066.02,61032.36,57251.51,INR/quintal,"Coimbatore, Tamil Nadu, India",2026,5,4
2026-05-30,Pepper,Mettupalayam,Pepper,Local,56197.37,61863.3,58662.28,INR/quintal,"Coimbatore, Tamil Nadu, India",2026,5,5
2026-05-31,Pepper,Coimbatore,Pepper,Local,55216.06,61569.47,58405.89,INR/quintal,"Coimbatore, Tamil Nadu, India",2026,5,6
2026-06-01,Pepper,Mettupalayam,Pepper,Local,56491.66,61831.52,59153.17,INR/quintal,"Coimbatore, Tamil Nadu, India",2026,6,0
2026-06-02,Pepper,Pollachi,Pepper,Local,56951.89,62480.23,59424.12,INR/quintal,"Coimbatore, Tamil Nadu, India",2026,6,1
2026-06-03,Pepper,Pollachi,Pepper,Local,54102.1,60733.68,56955.55,INR/quintal,"Coimbatore, Tamil Nadu, India",2026,6,2
2026-06-04,Pepper,Mettupalayam,Black Pepper,Local,55584.76,60857.45,58094.13,INR/quintal,"Coimbatore, Tamil Nadu, India",2026,6,3
2026-06-05,Pepper,Pollachi,Pepper,Local,54856.71,59542.11,57025.75,INR/quintal,"Coimbatore, Tamil Nadu, India",2026,6,4
2026-06-06,Pepper,Udumalpet,Black Pepper,Local,54130.18,60396.88,57210.67,INR/quintal,"Coimbatore, Tamil Nadu, India",2026,6,5
2026-06-07,Pepper,Mettupalayam,Black Pepper,Local,54466.4,60498.5,57525.59,INR/quintal,"Coimbatore, Tamil Nadu, India",2026,6,6
2026-06-08,Pepper,Pollachi,Black Pepper,Local,53634.64,59258.72,56422.15,INR/quintal,"Coimbatore, Tamil Nadu, India",2026,6,0
2026-06-09,Pepper,Mettupalayam,Black Pepper,Local,54513.61,59525.27,56655.27,INR/quintal,"Coimbatore, Tamil Nadu, India",2026,6,1
2026-06-10,Pepper,Coimbatore,Black Pepper,Local,53505.86,58497.79,55805.4,INR/quintal,"Coimbatore, Tamil Nadu, India",2026,6,2
2026-06-11,Pepper,Udumalpet,Black Pepper,Local,54267.5,60912.98,57474.6,INR/quintal,"Coimbatore, Tamil Nadu, India",2026,6,3
2026-06-12,Pepper,Udumalpet,Black Pepper,Local,53373.03,58454.94,55551.3,INR/quintal,"Coimbatore, Tamil Nadu, India",2026,6,4
2026-06-13,Pepper,Sulur,Black Pepper,Local,53434.41,58706.72,56300.17,INR/quintal,"Coimbatore, Tamil Nadu, India",2026,6,5
2026-06-14,Pepper,Udumalpet,Black Pepper,Local,54919.74,59960.57,57509.57,INR/quintal,"Coimbatore, Tamil Nadu, India",2026,6,6
2026-06-15,Pepper,Pollachi,Black Pepper,Local,53894.19,60303.8,56850.16,INR/quintal,"Coimbatore, Tamil Nadu, India",2026,6,0
2026-06-16,Pepper,Sulur,Black Pepper,Local,53926.25,60761.9,56959.0,INR/quintal,"Coimbatore, Tamil Nadu, India",2026,6,1
2026-06-17,Pepper,Coimbatore,Black Pepper,Local,53468.51,58863.74,55942.41,INR/quintal,"Coimbatore, Tamil Nadu, India",2026,6,2
2026-06-18,Pepper,Coimbatore,Pepper,Local,53617.92,60258.45,56554.92,INR/quintal,"Coimbatore, Tamil Nadu, India",2026,6,3
2026-06-19,Pepper,Coimbatore,Pepper,Local,52398.83,58133.64,55011.36,INR/quintal,"Coimbatore, Tamil Nadu, India",2026,6,4
2026-06-20,Pepper,Udumalpet,Pepper,Local,54134.04,60702.77,57057.55,INR/quintal,"Coimbatore, Tamil Nadu, India",2026,6,5
2026-06-21,Pepper,Mettupalayam,Black Pepper,Local,54598.29,59573.55,56890.57,INR/quintal,"Coimbatore, Tamil Nadu, India",2026,6,6
2026-06-22,Pepper,Pollachi,Pepper,Local,54384.27,60625.88,57376.49,INR/quintal,"Coimbatore, Tamil Nadu, India",2026,6,0
2026-06-23,Pepper,Sulur,Black Pepper,Local,53194.33,59839.78,56094.48,INR/quintal,"Coimbatore, Tamil Nadu, India",2026,6,1
2021-01-01,Potato,RSPuram,Red Nanital,Local,4306.63,5330.57,4701.32,INR/quintal,"Coimbatore, Tamil Nadu, India",2021,1,4
2021-01-02,Potato,Mettupalayam,Other,Local,4003.69,5076.83,4456.97,INR/quintal,"Coimbatore, Tamil Nadu, India",2021,1,5
2021-01-03,Potato,Sulur,Red Nanital,Local,4008.26,4965.81,4387.08,INR/quintal,"Coimbatore, Tamil Nadu, India",2021,1,6
2021-01-04,Potato,Singanallur,Other,Local,4028.68,4863.81,4432.1,INR/quintal,"Coimbatore, Tamil Nadu, India",2021,1,0
2021-01-05,Potato,Udumalpet,Other,Local,4049.51,4993.4,4541.39,INR/quintal,"Coimbatore, Tamil Nadu, India",2021,1,1
2021-01-06,Potato,Udumalpet,Other,Local,4176.85,5051.94,4514.66,INR/quintal,"Coimbatore, Tamil Nadu, India",2021,1,2
2021-01-07,Potato,Mettupalayam,Other,Local,4263.69,5252.68,4608.77,INR/quintal,"Coimbatore, Tamil Nadu, India",2021,1,3
2021-01-08,Potato,Sulur,Red Nanital,Local,3976.76,4878.04,4405.74,INR/quintal,"Coimbatore, Tamil Nadu, India",2021,1,4
2021-01-09,Potato,Singanallur,Red Nanital,Local,4262.63,5194.9,4684.66,INR/quintal,"Coimbatore, Tamil Nadu, India",2021,1,5
2021-01-10,Potato,RSPuram,Red Nanital,Local,3826.48,4968.45,4330.33,INR/quintal,"Coimbatore, Tamil Nadu, India",2021,1,6
2021-01-11,Potato,Udumalpet,Red Nanital,Local,4151.96,5074.02,4567.37,INR/quintal,"Coimbatore, Tamil Nadu, India",2021,1,0
2021-01-12,Potato,Udumalpet,Red Nanital,Local,4264.89,5243.32,4687.99,INR/quintal,"Coimbatore, Tamil Nadu, India",2021,1,1
2021-01-13,Potato,Sulur,Other,Local,4231.07,5296.51,4661.17,INR/quintal,"Coimbatore, Tamil Nadu, India",2021,1,2
2021-01-14,Potato,RSPuram,Red Nanital,Local,3700.39,4768.01,4161.17,INR/quintal,"Coimbatore, Tamil Nadu, India",2021,1,3
2021-01-15,Potato,Udumalpet,Red Nanital,Local,4452.54,5318.53,4877.01,INR/quintal,"Coimbatore, Tamil Nadu, India",2021,1,4
2021-01-16,Potato,Singanallur,Other,Local,4105.9,5131.25,4508.55,INR/quintal,"Coimbatore, Tamil Nadu, India",2021,1,5
2021-01-17,Potato,Sulur,Red Nanital,Local,3837.34,4766.51,4256.37,INR/quintal,"Coimbatore, Tamil Nadu, India",2021,1,6
2021-01-18,Potato,Udumalpet,Other,Local,4019.95,5083.04,4509.81,INR/quintal,"Coimbatore, Tamil Nadu, India",2021,1,0
2021-01-19,Potato,Sulur,Red Nanital,Local,4107.18,5057.78,4563.7,INR/quintal,"Coimbatore, Tamil Nadu, India",2021,1,1
2021-01-20,Potato,Sulur,Other,Local,4161.31,5095.85,4678.99,INR/quintal,"Coimbatore, Tamil Nadu, India",2021,1,2
2021-01-21,Potato,RSPuram,Red Nanital,Local,4375.15,5403.12,4783.71,INR/quintal,"Coimbatore, Tamil Nadu, India",2021,1,3
2021-01-22,Potato,Sulur,Red Nanital,Local,4194.41,5206.94,4587.93,INR/quintal,"Coimbatore, Tamil Nadu, India",2021,1,4
2021-01-23,Potato,Udumalpet,Other,Local,3975.46,5001.87,4452.83,INR/quintal,"Coimbatore, Tamil Nadu, India",2021,1,5
2021-01-24,Potato,Sulur,Other,Local,4068.13,5195.85,4581.82,INR/quintal,"Coimbatore, Tamil Nadu, India",2021,1,6
2021-01-25,Potato,Mettupalayam,Red Nanital,Local,3707.12,4829.7,4219.71,INR/quintal,"Coimbatore, Tamil Nadu, India",2021,1,0
2021-01-26,Potato,Mettupalayam,Other,Local,3966.29,4814.51,4320.81,INR/quintal,"Coimbatore, Tamil Nadu, India",2021,1,1
2021-01-27,Potato,Udumalpet,Red Nanital,Local,3958.08,5040.74,4410.15,INR/quintal,"Coimbatore, Tamil Nadu, India",2021,1,2
2021-01-28,Potato,Udumalpet,Other,Local,4527.93,5438.98,4887.45,INR/quintal,"Coimbatore, Tamil Nadu, India",2021,1,3
2021-01-29,Potato,Mettupalayam,Other,Local,4291.46,5156.87,4695.8,INR/quintal,"Coimbatore, Tamil Nadu, India",2021,1,4
2021-01-30,Potato,Singanallur,Red Nanital,Local,4091.06,5010.27,4559.15,INR/quintal,"Coimbatore, Tamil Nadu, India",2021,1,5
2021-01-31,Potato,Mettupalayam,Red Nanital,Local,4367.22,5363.11,4743.17,INR/quintal,"Coimbatore, Tamil Nadu, India",2021,1,6
2021-02-01,Potato,RSPuram,Other,Local,4405.41,5488.15,4860.03,INR/quintal,"Coimbatore, Tamil Nadu, India",2021,2,0
2021-02-02,Potato,RSPuram,Other,Local,4181.66,5235.32,4707.42,INR/quintal,"Coimbatore, Tamil Nadu, India",2021,2,1
2021-02-03,Potato,Singanallur,Red Nanital,Local,4241.48,5327.16,4699.31,INR/quintal,"Coimbatore, Tamil Nadu, India",2021,2,2
2021-02-04,Potato,Mettupalayam,Other,Local,4260.96,5201.09,4762.49,INR/quintal,"Coimbatore, Tamil Nadu, India",2021,2,3
2021-02-05,Potato,Udumalpet,Red Nanital,Local,4111.36,5140.1,4630.94,INR/quintal,"Coimbatore, Tamil Nadu, India",2021,2,4
2021-02-06,Potato,Singanallur,Other,Local,4303.55,5426.33,4802.89,INR/quintal,"Coimbatore, Tamil Nadu, India",2021,2,5
2021-02-07,Potato,Singanallur,Other,Local,4350.58,5303.09,4803.06,INR/quintal,"Coimbatore, Tamil Nadu, India",2021,2,6
2021-02-08,Potato,Mettupalayam,Other,Local,4006.76,4913.86,4372.74,INR/quintal,"Coimbatore, Tamil Nadu, India",2021,2,0
2021-02-09,Potato,Udumalpet,Other,Local,4530.81,5521.5,4898.84,INR/quintal,"Coimbatore, Tamil Nadu, India",2021,2,1
2021-02-10,Potato,Mettupalayam,Red Nanital,Local,4311.19,5378.21,4771.61,INR/quintal,"Coimbatore, Tamil Nadu, India",2021,2,2
2021-02-11,Potato,Udumalpet,Other,Local,4551.54,5696.92,5039.91,INR/quintal,"Coimbatore, Tamil Nadu, India",2021,2,3
2021-02-12,Potato,Mettupalayam,Other,Local,4370.94,5365.83,4721.02,INR/quintal,"Coimbatore, Tamil Nadu, India",2021,2,4
2021-02-13,Potato,Singanallur,Other,Local,4366.01,5210.4,4763.63,INR/quintal,"Coimbatore, Tamil Nadu, India",2021,2,5
2021-02-14,Potato,Mettupalayam,Red Nanital,Local,4300.27,5356.26,4761.58,INR/quintal,"Coimbatore, Tamil Nadu, India",2021,2,6
2021-02-15,Potato,Udumalpet,Red Nanital,Local,4495.62,5439.81,4869.5,INR/quintal,"Coimbatore, Tamil Nadu, India",2021,2,0
2021-02-16,Potato,Mettupalayam,Other,Local,4655.25,5626.6,5038.52,INR/quintal,"Coimbatore, Tamil Nadu, India",2021,2,1
2021-02-17,Potato,Mettupalayam,Other,Local,4555.23,5436.73,4952.31,INR/quintal,"Coimbatore, Tamil Nadu, India",2021,2,2
2021-02-18,Potato,Singanallur,Other,Local,4423.37,5443.62,4854.78,INR/quintal,"Coimbatore, Tamil Nadu, India",2021,2,3
2021-02-19,Potato,RSPuram,Other,Local,4189.26,5071.61,4581.69,INR/quintal,"Coimbatore, Tamil Nadu, India",2021,2,4
2021-02-20,Potato,Sulur,Red Nanital,Local,4309.9,5180.32,4727.63,INR/quintal,"Coimbatore, Tamil Nadu, India",2021,2,5
2021-02-21,Potato,Sulur,Red Nanital,Local,4110.06,5247.36,4595.88,INR/quintal,"Coimbatore, Tamil Nadu, India",2021,2,6
2021-02-22,Potato,Udumalpet,Other,Local,4408.34,5433.78,4802.74,INR/quintal,"Coimbatore, Tamil Nadu, India",2021,2,0
2021-02-23,Potato,Sulur,Other,Local,4836.78,5758.0,5237.19,INR/quintal,"Coimbatore, Tamil Nadu, India",2021,2,1
2021-02-24,Potato,Sulur,Other,Local,4457.99,5640.84,4997.14,INR/quintal,"Coimbatore, Tamil Nadu, India",2021,2,2
2021-02-25,Potato,Udumalpet,Other,Local,4462.31,5415.88,4836.21,INR/quintal,"Coimbatore, Tamil Nadu, India",2021,2,3
2021-02-26,Potato,Sulur,Red Nanital,Local,4427.22,5311.03,4837.96,INR/quintal,"Coimbatore, Tamil Nadu, India",2021,2,4
2021-02-27,Potato,RSPuram,Red Nanital,Local,4404.74,5375.44,4870.51,INR/quintal,"Coimbatore, Tamil Nadu, India",2021,2,5
2021-02-28,Potato,Udumalpet,Other,Local,4573.57,5610.56,5037.77,INR/quintal,"Coimbatore, Tamil Nadu, India",2021,2,6
2021-03-01,Potato,Mettupalayam,Other,Local,4469.78,5348.36,4879.87,INR/quintal,"Coimbatore, Tamil Nadu, India",2021,3,0
2021-03-02,Potato,Mettupalayam,Other,Local,4550.53,5503.3,4900.68,INR/quintal,"Coimbatore, Tamil Nadu, India",2021,3,1
2021-03-03,Potato,Mettupalayam,Red Nanital,Local,4397.76,5238.21,4811.55,INR/quintal,"Coimbatore, Tamil Nadu, India",2021,3,2
2021-03-04,Potato,Mettupalayam,Other,Local,4691.68,5550.27,5099.75,INR/quintal,"Coimbatore, Tamil Nadu, India",2021,3,3
2021-03-05,Potato,Mettupalayam,Other,Local,4741.77,5644.06,5110.66,INR/quintal,"Coimbatore, Tamil Nadu, India",2021,3,4
2021-03-06,Potato,Udumalpet,Red Nanital,Local,4309.05,5255.04,4833.26,INR/quintal,"Coimbatore, Tamil Nadu, India",2021,3,5
2021-03-07,Potato,Mettupalayam,Red Nanital,Local,4683.89,5720.89,5188.35,INR/quintal,"Coimbatore, Tamil Nadu, India",2021,3,6
2021-03-08,Potato,RSPuram,Other,Local,4728.84,5644.24,5175.61,INR/quintal,"Coimbatore, Tamil Nadu, India",2021,3,0
2021-03-09,Potato,Sulur,Red Nanital,Local,4595.23,5625.36,5051.62,INR/quintal,"Coimbatore, Tamil Nadu, India",2021,3,1
2021-03-10,Potato,Udumalpet,Red Nanital,Local,4390.5,5473.98,4897.82,INR/quintal,"Coimbatore, Tamil Nadu, India",2021,3,2
2021-03-11,Potato,Mettupalayam,Red Nanital,Local,4409.62,5368.06,4946.58,INR/quintal,"Coimbatore, Tamil Nadu, India",2021,3,3
2021-03-12,Potato,Sulur,Red Nanital,Local,4688.0,5549.81,5035.27,INR/quintal,"Coimbatore, Tamil Nadu, India",2021,3,4
2021-03-13,Potato,Mettupalayam,Red Nanital,Local,4672.36,5600.63,5134.24,INR/quintal,"Coimbatore, Tamil Nadu, India",2021,3,5
2021-03-14,Potato,Udumalpet,Red Nanital,Local,4451.22,5397.41,4830.88,INR/quintal,"Coimbatore, Tamil Nadu, India",2021,3,6
2021-03-15,Potato,RSPuram,Red Nanital,Local,4476.43,5379.53,4929.59,INR/quintal,"Coimbatore, Tamil Nadu, India",2021,3,0
2021-03-16,Potato,Mettupalayam,Red Nanital,Local,4416.24,5347.26,4827.17,INR/quintal,"Coimbatore, Tamil Nadu, India",2021,3,1
2021-03-17,Potato,Singanallur,Other,Local,4552.15,5505.94,4975.77,INR/quintal,"Coimbatore, Tamil Nadu, India",2021,3,2
2021-03-18,Potato,Udumalpet,Red Nanital,Local,4398.84,5324.05,4799.33,INR/quintal,"Coimbatore, Tamil Nadu, India",2021,3,3
2021-03-19,Potato,Udumalpet,Other,Local,4596.32,5483.51,5037.07,INR/quintal,"Coimbatore, Tamil Nadu, India",2021,3,4
2021-03-20,Potato,Udumalpet,Red Nanital,Local,4672.96,5717.6,5129.68,INR/quintal,"Coimbatore, Tamil Nadu, India",2021,3,5
2021-03-21,Potato,Singanallur,Other,Local,4420.37,5347.71,4915.86,INR/quintal,"Coimbatore, Tamil Nadu, India",2021,3,6
2021-03-22,Potato,Udumalpet,Other,Local,4449.68,5401.07,4933.1,INR/quintal,"Coimbatore, Tamil Nadu, India",2021,3,0
2021-03-23,Potato,Udumalpet,Other,Local,4421.01,5493.59,4903.17,INR/quintal,"Coimbatore, Tamil Nadu, India",2021,3,1
2021-03-24,Potato,Udumalpet,Red Nanital,Local,4356.91,5489.07,4858.38,INR/quintal,"Coimbatore, Tamil Nadu, India",2021,3,2
2021-03-25,Potato,Mettupalayam,Other,Local,4532.97,5293.53,4872.88,INR/quintal,"Coimbatore, Tamil Nadu, India",2021,3,3
2021-03-26,Potato,Singanallur,Red Nanital,Local,4203.58,5144.69,4655.53,INR/quintal,"Coimbatore, Tamil Nadu, India",2021,3,4
2021-03-27,Potato,RSPuram,Red Nanital,Local,4595.68,5598.07,4990.02,INR/quintal,"Coimbatore, Tamil Nadu, India",2021,3,5
2021-03-28,Potato,Udumalpet,Other,Local,4827.56,5684.37,5170.45,INR/quintal,"Coimbatore, Tamil Nadu, India",2021,3,6
2021-03-29,Potato,Mettupalayam,Other,Local,4796.19,5776.66,5320.56,INR/quintal,"Coimbatore, Tamil Nadu, India",2021,3,0
2021-03-30,Potato,Singanallur,Red Nanital,Local,5233.36,6092.66,5631.42,INR/quintal,"Coimbatore, Tamil Nadu, India",2021,3,1
2021-03-31,Potato,Sulur,Other,Local,4456.1,5624.16,4979.16,INR/quintal,"Coimbatore, Tamil Nadu, India",2021,3,2
2021-04-01,Potato,Sulur,Other,Local,4257.82,5326.8,4716.49,INR/quintal,"Coimbatore, Tamil Nadu, India",2021,4,3
2021-04-02,Potato,Singanallur,Red Nanital,Local,4407.89,5359.09,4749.45,INR/quintal,"Coimbatore, Tamil Nadu, India",2021,4,4
2021-04-03,Potato,Sulur,Other,Local,4640.42,5645.43,5077.73,INR/quintal,"Coimbatore, Tamil Nadu, India",2021,4,5
2021-04-04,Potato,Mettupalayam,Other,Local,4558.29,5634.35,5001.1,INR/quintal,"Coimbatore, Tamil Nadu, India",2021,4,6
2021-04-05,Potato,RSPuram,Red Nanital,Local,4507.04,5592.47,5026.55,INR/quintal,"Coimbatore, Tamil Nadu, India",2021,4,0
2021-04-06,Potato,Sulur,Other,Local,4661.46,5799.51,5164.72,INR/quintal,"Coimbatore, Tamil Nadu, India",2021,4,1
2021-04-07,Potato,Sulur,Other,Local,4932.29,6041.09,5445.68,INR/quintal,"Coimbatore, Tamil Nadu, India",2021,4,2
2021-04-08,Potato,Mettupalayam,Other,Local,4691.87,5536.06,5064.05,INR/quintal,"Coimbatore, Tamil Nadu, India",2021,4,3
2021-04-09,Potato,RSPuram,Other,Local,4587.66,5536.48,5061.28,INR/quintal,"Coimbatore, Tamil Nadu, India",2021,4,4
2021-04-10,Potato,Sulur,Other,Local,4480.39,5519.56,4996.27,INR/quintal,"Coimbatore, Tamil Nadu, India",2021,4,5
2021-04-11,Potato,Udumalpet,Red Nanital,Local,4855.1,5704.58,5285.73,INR/quintal,"Coimbatore, Tamil Nadu, India",2021,4,6
2021-04-12,Potato,RSPuram,Other,Local,4437.53,5568.05,4947.03,INR/quintal,"Coimbatore, Tamil Nadu, India",2021,4,0
2021-04-13,Potato,Singanallur,Other,Local,4896.38,5885.46,5386.6,INR/quintal,"Coimbatore, Tamil Nadu, India",2021,4,1
2021-04-14,Potato,Singanallur,Red Nanital,Local,4347.83,5353.99,4780.03,INR/quintal,"Coimbatore, Tamil Nadu, India",2021,4,2
2021-04-15,Potato,Singanallur,Red Nanital,Local,4220.91,5165.27,4710.14,INR/quintal,"Coimbatore, Tamil Nadu, India",2021,4,3
2021-04-16,Potato,Udumalpet,Other,Local,4381.44,5267.46,4840.04,INR/quintal,"Coimbatore, Tamil Nadu, India",2021,4,4
2021-04-17,Potato,Sulur,Red Nanital,Local,4491.51,5377.59,4962.74,INR/quintal,"Coimbatore, Tamil Nadu, India",2021,4,5
2021-04-18,Potato,Sulur,Red Nanital,Local,4427.08,5404.26,4922.87,INR/quintal,"Coimbatore, Tamil Nadu, India",2021,4,6
2021-04-19,Potato,Udumalpet,Red Nanital,Local,4712.79,5694.07,5246.92,INR/quintal,"Coimbatore, Tamil Nadu, India",2021,4,0
2021-04-20,Potato,Sulur,Other,Local,4451.76,5630.87,4983.67,INR/quintal,"Coimbatore, Tamil Nadu, India",2021,4,1
2021-04-21,Potato,Sulur,Other,Local,4676.77,5667.19,5049.81,INR/quintal,"Coimbatore, Tamil Nadu, India",2021,4,2
2021-04-22,Potato,Udumalpet,Red Nanital,Local,4291.29,5373.55,4785.59,INR/quintal,"Coimbatore, Tamil Nadu, India",2021,4,3
2021-04-23,Potato,Mettupalayam,Other,Local,4552.31,5557.05,4940.45,INR/quintal,"Coimbatore, Tamil Nadu, India",2021,4,4
2021-04-24,Potato,RSPuram,Red Nanital,Local,4669.31,5692.57,5160.76,INR/quintal,"Coimbatore, Tamil Nadu, India",2021,4,5
2021-04-25,Potato,Singanallur,Other,Local,4656.22,5563.67,5001.87,INR/quintal,"Coimbatore, Tamil Nadu, India",2021,4,6
2021-04-26,Potato,RSPuram,Other,Local,4431.66,5433.47,4787.61,INR/quintal,"Coimbatore, Tamil Nadu, India",2021,4,0
2021-04-27,Potato,Mettupalayam,Other,Local,4289.38,5334.47,4728.02,INR/quintal,"Coimbatore, Tamil Nadu, India",2021,4,1
2021-04-28,Potato,Udumalpet,Red Nanital,Local,4688.51,5690.8,5092.34,INR/quintal,"Coimbatore, Tamil Nadu, India",2021,4,2
2021-04-29,Potato,Udumalpet,Other,Local,4507.66,5430.5,4982.74,INR/quintal,"Coimbatore, Tamil Nadu, India",2021,4,3
2021-04-30,Potato,RSPuram,Other,Local,4355.86,5461.3,4882.08,INR/quintal,"Coimbatore, Tamil Nadu, India",2021,4,4
2021-05-01,Potato,RSPuram,Other,Local,4363.22,5498.1,4890.62,INR/quintal,"Coimbatore, Tamil Nadu, India",2021,5,5
2021-05-02,Potato,Mettupalayam,Other,Local,4376.29,5405.46,4756.63,INR/quintal,"Coimbatore, Tamil Nadu, India",2021,5,6
2021-05-03,Potato,Mettupalayam,Red Nanital,Local,4536.93,5388.3,4945.4,INR/quintal,"Coimbatore, Tamil Nadu, India",2021,5,0
2021-05-04,Potato,Mettupalayam,Other,Local,4424.9,5565.46,4926.22,INR/quintal,"Coimbatore, Tamil Nadu, India",2021,5,1
2021-05-05,Potato,Mettupalayam,Other,Local,4590.7,5346.51,4929.5,INR/quintal,"Coimbatore, Tamil Nadu, India",2021,5,2
2021-05-06,Potato,Mettupalayam,Other,Local,4571.76,5517.52,5068.56,INR/quintal,"Coimbatore, Tamil Nadu, India",2021,5,3
2021-05-07,Potato,Udumalpet,Red Nanital,Local,4580.09,5527.62,4979.69,INR/quintal,"Coimbatore, Tamil Nadu, India",2021,5,4
2021-05-08,Potato,Mettupalayam,Red Nanital,Local,4452.01,5431.39,4812.55,INR/quintal,"Coimbatore, Tamil Nadu, India",2021,5,5
2021-05-09,Potato,Sulur,Other,Local,4396.92,5402.88,4902.21,INR/quintal,"Coimbatore, Tamil Nadu, India",2021,5,6
2021-05-10,Potato,Mettupalayam,Red Nanital,Local,4503.19,5450.2,4904.49,INR/quintal,"Coimbatore, Tamil Nadu, India",2021,5,0
2021-05-11,Potato,Sulur,Other,Local,4653.24,5542.66,4991.93,INR/quintal,"Coimbatore, Tamil Nadu, India",2021,5,1
2021-05-12,Potato,Mettupalayam,Other,Local,4391.94,5519.6,4864.88,INR/quintal,"Coimbatore, Tamil Nadu, India",2021,5,2
2021-05-13,Potato,RSPuram,Red Nanital,Local,4285.41,5378.59,4801.32,INR/quintal,"Coimbatore, Tamil Nadu, India",2021,5,3
2021-05-14,Potato,Singanallur,Red Nanital,Local,4220.88,5237.45,4742.93,INR/quintal,"Coimbatore, Tamil Nadu, India",2021,5,4
2021-05-15,Potato,Sulur,Other,Local,4311.93,5082.61,4661.23,INR/quintal,"Coimbatore, Tamil Nadu, India",2021,5,5
2021-05-16,Potato,RSPuram,Red Nanital,Local,4180.29,5277.87,4633.45,INR/quintal,"Coimbatore, Tamil Nadu, India",2021,5,6
2021-05-17,Potato,RSPuram,Other,Local,4884.24,5819.86,5233.38,INR/quintal,"Coimbatore, Tamil Nadu, India",2021,5,0
2021-05-18,Potato,Singanallur,Other,Local,4564.89,5608.44,4992.05,INR/quintal,"Coimbatore, Tamil Nadu, India",2021,5,1
2021-05-19,Potato,Udumalpet,Red Nanital,Local,4219.16,5183.14,4669.83,INR/quintal,"Coimbatore, Tamil Nadu, India",2021,5,2
2021-05-20,Potato,Mettupalayam,Other,Local,4384.6,5495.36,4889.66,INR/quintal,"Coimbatore, Tamil Nadu, India",2021,5,3
2021-05-21,Potato,Sulur,Red Nanital,Local,4556.26,5514.13,5086.1,INR/quintal,"Coimbatore, Tamil Nadu, India",2021,5,4
2021-05-22,Potato,RSPuram,Red Nanital,Local,4233.18,5123.76,4704.68,INR/quintal,"Coimbatore, Tamil Nadu, India",2021,5,5
2021-05-23,Potato,Singanallur,Red Nanital,Local,4628.53,5720.21,5161.46,INR/quintal,"Coimbatore, Tamil Nadu, India",2021,5,6
2021-05-24,Potato,RSPuram,Red Nanital,Local,4481.15,5379.84,4846.82,INR/quintal,"Coimbatore, Tamil Nadu, India",2021,5,0
2021-05-25,Potato,Singanallur,Red Nanital,Local,4212.27,5189.73,4716.96,INR/quintal,"Coimbatore, Tamil Nadu, India",2021,5,1
2021-05-26,Potato,Udumalpet,Red Nanital,Local,4389.14,5240.65,4775.74,INR/quintal,"Coimbatore, Tamil Nadu, India",2021,5,2
2021-05-27,Potato,RSPuram,Red Nanital,Local,4162.26,5089.53,4604.95,INR/quintal,"Coimbatore, Tamil Nadu, India",2021,5,3
2021-05-28,Potato,Singanallur,Other,Local,4277.78,5170.08,4654.57,INR/quintal,"Coimbatore, Tamil Nadu, India",2021,5,4
2021-05-29,Potato,RSPuram,Red Nanital,Local,4042.02,4956.87,4538.1,INR/quintal,"Coimbatore, Tamil Nadu, India",2021,5,5
2021-05-30,Potato,Sulur,Other,Local,3866.54,4984.92,4354.96,INR/quintal,"Coimbatore, Tamil Nadu, India",2021,5,6
2021-05-31,Potato,RSPuram,Other,Local,4497.15,5454.26,4899.19,INR/quintal,"Coimbatore, Tamil Nadu, India",2021,5,0
2021-06-01,Potato,Udumalpet,Red Nanital,Local,4578.78,5472.92,5005.01,INR/quintal,"Coimbatore, Tamil Nadu, India",2021,6,1
2021-06-02,Potato,Sulur,Other,Local,4304.55,5151.18,4725.55,INR/quintal,"Coimbatore, Tamil Nadu, India",2021,6,2
2021-06-03,Potato,RSPuram,Red Nanital,Local,3859.1,4786.33,4364.52,INR/quintal,"Coimbatore, Tamil Nadu, India",2021,6,3
2021-06-04,Potato,Sulur,Red Nanital,Local,4160.31,5293.24,4637.6,INR/quintal,"Coimbatore, Tamil Nadu, India",2021,6,4
2021-06-05,Potato,Singanallur,Other,Local,4125.22,5139.16,4578.26,INR/quintal,"Coimbatore, Tamil Nadu, India",2021,6,5
2021-06-06,Potato,Mettupalayam,Other,Local,4296.99,5382.5,4804.77,INR/quintal,"Coimbatore, Tamil Nadu, India",2021,6,6
2021-06-07,Potato,Udumalpet,Other,Local,3852.45,4937.16,4388.18,INR/quintal,"Coimbatore, Tamil Nadu, India",2021,6,0
2021-06-08,Potato,Mettupalayam,Other,Local,3913.32,4966.58,4341.47,INR/quintal,"Coimbatore, Tamil Nadu, India",2021,6,1
2021-06-09,Potato,RSPuram,Red Nanital,Local,3777.62,4783.03,4195.76,INR/quintal,"Coimbatore, Tamil Nadu, India",2021,6,2
2021-06-10,Potato,Singanallur,Other,Local,3941.37,4964.04,4456.89,INR/quintal,"Coimbatore, Tamil Nadu, India",2021,6,3
2021-06-11,Potato,Singanallur,Red Nanital,Local,4407.18,5468.95,4821.55,INR/quintal,"Coimbatore, Tamil Nadu, India",2021,6,4
2021-06-12,Potato,Sulur,Other,Local,4221.23,5124.65,4634.06,INR/quintal,"Coimbatore, Tamil Nadu, India",2021,6,5
2021-06-13,Potato,RSPuram,Red Nanital,Local,3822.42,4820.48,4214.16,INR/quintal,"Coimbatore, Tamil Nadu, India",2021,6,6
2021-06-14,Potato,RSPuram,Other,Local,4306.31,5153.86,4664.73,INR/quintal,"Coimbatore, Tamil Nadu, India",2021,6,0
2021-06-15,Potato,Udumalpet,Other,Local,4039.88,4976.4,4377.81,INR/quintal,"Coimbatore, Tamil Nadu, India",2021,6,1
2021-06-16,Potato,RSPuram,Other,Local,4156.54,5046.33,4619.92,INR/quintal,"Coimbatore, Tamil Nadu, India",2021,6,2
2021-06-17,Potato,RSPuram,Red Nanital,Local,3747.4,4919.05,4263.73,INR/quintal,"Coimbatore, Tamil Nadu, India",2021,6,3
2021-06-18,Potato,Singanallur,Red Nanital,Local,3900.11,4760.15,4316.61,INR/quintal,"Coimbatore, Tamil Nadu, India",2021,6,4
2021-06-19,Potato,Sulur,Other,Local,4097.57,5068.99,4612.73,INR/quintal,"Coimbatore, Tamil Nadu, India",2021,6,5
2021-06-20,Potato,Singanallur,Red Nanital,Local,4183.16,5070.64,4546.21,INR/quintal,"Coimbatore, Tamil Nadu, India",2021,6,6
2021-06-21,Potato,RSPuram,Red Nanital,Local,4339.87,5288.95,4820.74,INR/quintal,"Coimbatore, Tamil Nadu, India",2021,6,0
2021-06-22,Potato,Singanallur,Red Nanital,Local,4017.31,4990.01,4554.13,INR/quintal,"Coimbatore, Tamil Nadu, India",2021,6,1
2021-06-23,Potato,Singanallur,Other,Local,3859.53,4785.73,4264.78,INR/quintal,"Coimbatore, Tamil Nadu, India",2021,6,2
2021-06-24,Potato,RSPuram,Red Nanital,Local,3837.99,4672.41,4188.88,INR/quintal,"Coimbatore, Tamil Nadu, India",2021,6,3
2021-06-25,Potato,Udumalpet,Red Nanital,Local,3850.74,4849.45,4286.41,INR/quintal,"Coimbatore, Tamil Nadu, India",2021,6,4
2021-06-26,Potato,Sulur,Other,Local,3993.17,5104.41,4447.32,INR/quintal,"Coimbatore, Tamil Nadu, India",2021,6,5
2021-06-27,Potato,Singanallur,Red Nanital,Local,4043.04,5057.33,4504.58,INR/quintal,"Coimbatore, Tamil Nadu, India",2021,6,6
2021-06-28,Potato,RSPuram,Other,Local,3966.35,4785.08,4354.19,INR/quintal,"Coimbatore, Tamil Nadu, India",2021,6,0
2021-06-29,Potato,Singanallur,Red Nanital,Local,3879.07,4837.06,4418.9,INR/quintal,"Coimbatore, Tamil Nadu, India",2021,6,1
2021-06-30,Potato,Mettupalayam,Red Nanital,Local,3748.68,4617.79,4188.48,INR/quintal,"Coimbatore, Tamil Nadu, India",2021,6,2
2021-07-01,Potato,Sulur,Other,Local,3744.03,4665.93,4162.3,INR/quintal,"Coimbatore, Tamil Nadu, India",2021,7,3
2021-07-02,Potato,Udumalpet,Other,Local,4082.51,4949.41,4500.16,INR/quintal,"Coimbatore, Tamil Nadu, India",2021,7,4
2021-07-03,Potato,Udumalpet,Other,Local,3946.13,4769.3,4298.28,INR/quintal,"Coimbatore, Tamil Nadu, India",2021,7,5
2021-07-04,Potato,Mettupalayam,Red Nanital,Local,4203.0,5175.03,4670.01,INR/quintal,"Coimbatore, Tamil Nadu, India",2021,7,6
2021-07-05,Potato,Singanallur,Other,Local,3909.95,5078.43,4420.52,INR/quintal,"Coimbatore, Tamil Nadu, India",2021,7,0
2021-07-06,Potato,Sulur,Red Nanital,Local,3247.94,4309.41,3755.35,INR/quintal,"Coimbatore, Tamil Nadu, India",2021,7,1
2021-07-07,Potato,Udumalpet,Other,Local,3931.3,4832.45,4306.91,INR/quintal,"Coimbatore, Tamil Nadu, India",2021,7,2
2021-07-08,Potato,Singanallur,Red Nanital,Local,3634.69,4735.76,4138.07,INR/quintal,"Coimbatore, Tamil Nadu, India",2021,7,3
2021-07-09,Potato,Singanallur,Other,Local,3865.12,4655.84,4204.21,INR/quintal,"Coimbatore, Tamil Nadu, India",2021,7,4
2021-07-10,Potato,RSPuram,Other,Local,3847.74,4902.35,4326.37,INR/quintal,"Coimbatore, Tamil Nadu, India",2021,7,5
2021-07-11,Potato,Sulur,Other,Local,3798.31,4594.23,4177.41,INR/quintal,"Coimbatore, Tamil Nadu, India",2021,7,6
2021-07-12,Potato,Singanallur,Other,Local,3947.7,5004.67,4388.48,INR/quintal,"Coimbatore, Tamil Nadu, India",2021,7,0
2021-07-13,Potato,Singanallur,Other,Local,3618.16,4481.68,4019.51,INR/quintal,"Coimbatore, Tamil Nadu, India",2021,7,1
2021-07-14,Potato,Singanallur,Red Nanital,Local,3907.57,4946.28,4289.08,INR/quintal,"Coimbatore, Tamil Nadu, India",2021,7,2
2021-07-15,Potato,RSPuram,Red Nanital,Local,3455.12,4407.37,3963.25,INR/quintal,"Coimbatore, Tamil Nadu, India",2021,7,3
2021-07-16,Potato,Sulur,Other,Local,3678.89,4662.56,4090.14,INR/quintal,"Coimbatore, Tamil Nadu, India",2021,7,4
2021-07-17,Potato,Sulur,Red Nanital,Local,3920.73,4932.94,4358.47,INR/quintal,"Coimbatore, Tamil Nadu, India",2021,7,5
2021-07-18,Potato,Singanallur,Red Nanital,Local,3627.54,4662.72,4159.19,INR/quintal,"Coimbatore, Tamil Nadu, India",2021,7,6
2021-07-19,Potato,Singanallur,Red Nanital,Local,3556.68,4635.33,3997.86,INR/quintal,"Coimbatore, Tamil Nadu, India",2021,7,0
2021-07-20,Potato,Mettupalayam,Other,Local,3356.51,4357.22,3890.34,INR/quintal,"Coimbatore, Tamil Nadu, India",2021,7,1
2021-07-21,Potato,Mettupalayam,Other,Local,3676.7,4542.82,4017.84,INR/quintal,"Coimbatore, Tamil Nadu, India",2021,7,2
2021-07-22,Potato,Singanallur,Red Nanital,Local,3723.01,4800.85,4176.1,INR/quintal,"Coimbatore, Tamil Nadu, India",2021,7,3
2021-07-23,Potato,Mettupalayam,Other,Local,3541.82,4624.54,4034.75,INR/quintal,"Coimbatore, Tamil Nadu, India",2021,7,4
2021-07-24,Potato,Sulur,Red Nanital,Local,3827.73,4685.85,4214.59,INR/quintal,"Coimbatore, Tamil Nadu, India",2021,7,5
2021-07-25,Potato,Sulur,Other,Local,3143.48,4171.07,3676.76,INR/quintal,"Coimbatore, Tamil Nadu, India",2021,7,6
2021-07-26,Potato,Udumalpet,Other,Local,3944.85,4921.79,4358.94,INR/quintal,"Coimbatore, Tamil Nadu, India",2021,7,0
2021-07-27,Potato,Singanallur,Red Nanital,Local,3647.06,4539.49,4022.62,INR/quintal,"Coimbatore, Tamil Nadu, India",2021,7,1
2021-07-28,Potato,Singanallur,Red Nanital,Local,3958.56,4943.97,4396.24,INR/quintal,"Coimbatore, Tamil Nadu, India",2021,7,2
2021-07-29,Potato,RSPuram,Other,Local,3436.19,4419.27,3832.99,INR/quintal,"Coimbatore, Tamil Nadu, India",2021,7,3
2021-07-30,Potato,Sulur,Red Nanital,Local,3828.5,4695.53,4256.88,INR/quintal,"Coimbatore, Tamil Nadu, India",2021,7,4
2021-07-31,Potato,RSPuram,Red Nanital,Local,3805.31,4853.22,4242.29,INR/quintal,"Coimbatore, Tamil Nadu, India",2021,7,5
2021-08-01,Potato,Sulur,Red Nanital,Local,3329.46,4323.92,3749.91,INR/quintal,"Coimbatore, Tamil Nadu, India",2021,8,6
2021-08-02,Potato,RSPuram,Other,Local,3703.24,4792.88,4135.13,INR/quintal,"Coimbatore, Tamil Nadu, India",2021,8,0
2021-08-03,Potato,Singanallur,Red Nanital,Local,3629.19,4641.45,4074.47,INR/quintal,"Coimbatore, Tamil Nadu, India",2021,8,1
2021-08-04,Potato,Udumalpet,Red Nanital,Local,3522.18,4441.97,3960.48,INR/quintal,"Coimbatore, Tamil Nadu, India",2021,8,2
2021-08-05,Potato,Singanallur,Other,Local,3599.87,4659.02,4137.44,INR/quintal,"Coimbatore, Tamil Nadu, India",2021,8,3
2021-08-06,Potato,Mettupalayam,Other,Local,3785.87,4604.51,4159.69,INR/quintal,"Coimbatore, Tamil Nadu, India",2021,8,4
2021-08-07,Potato,Singanallur,Other,Local,3441.09,4284.11,3832.8,INR/quintal,"Coimbatore, Tamil Nadu, India",2021,8,5
2021-08-08,Potato,Mettupalayam,Other,Local,3402.44,4493.78,3879.29,INR/quintal,"Coimbatore, Tamil Nadu, India",2021,8,6
2021-08-09,Potato,Singanallur,Red Nanital,Local,3615.57,4520.13,4075.03,INR/quintal,"Coimbatore, Tamil Nadu, India",2021,8,0
2021-08-10,Potato,Sulur,Other,Local,3360.7,4465.33,3867.44,INR/quintal,"Coimbatore, Tamil Nadu, India",2021,8,1
2021-08-11,Potato,Mettupalayam,Red Nanital,Local,3710.64,4578.78,4143.69,INR/quintal,"Coimbatore, Tamil Nadu, India",2021,8,2
2021-08-12,Potato,Udumalpet,Other,Local,3280.8,4295.54,3655.46,INR/quintal,"Coimbatore, Tamil Nadu, India",2021,8,3
2021-08-13,Potato,Singanallur,Red Nanital,Local,3619.09,4553.74,3988.18,INR/quintal,"Coimbatore, Tamil Nadu, India",2021,8,4
2021-08-14,Potato,Udumalpet,Red Nanital,Local,3656.64,4647.68,4025.74,INR/quintal,"Coimbatore, Tamil Nadu, India",2021,8,5
2021-08-15,Potato,RSPuram,Red Nanital,Local,3347.41,4266.34,3739.1,INR/quintal,"Coimbatore, Tamil Nadu, India",2021,8,6
2021-08-16,Potato,Udumalpet,Red Nanital,Local,3487.9,4374.53,3878.89,INR/quintal,"Coimbatore, Tamil Nadu, India",2021,8,0
2021-08-17,Potato,RSPuram,Red Nanital,Local,3851.97,4714.33,4200.68,INR/quintal,"Coimbatore, Tamil Nadu, India",2021,8,1
2021-08-18,Potato,Sulur,Red Nanital,Local,3475.36,4379.34,3825.41,INR/quintal,"Coimbatore, Tamil Nadu, India",2021,8,2
2021-08-19,Potato,Udumalpet,Other,Local,3169.54,4326.67,3691.16,INR/quintal,"Coimbatore, Tamil Nadu, India",2021,8,3
2021-08-20,Potato,RSPuram,Red Nanital,Local,3584.43,4420.83,3997.07,INR/quintal,"Coimbatore, Tamil Nadu, India",2021,8,4
2021-08-21,Potato,Sulur,Red Nanital,Local,3351.4,4411.59,3857.92,INR/quintal,"Coimbatore, Tamil Nadu, India",2021,8,5
2021-08-22,Potato,Mettupalayam,Red Nanital,Local,3718.3,4597.67,4175.72,INR/quintal,"Coimbatore, Tamil Nadu, India",2021,8,6
2021-08-23,Potato,Mettupalayam,Red Nanital,Local,3729.82,4719.34,4124.87,INR/quintal,"Coimbatore, Tamil Nadu, India",2021,8,0
2021-08-24,Potato,RSPuram,Other,Local,3375.18,4288.46,3801.51,INR/quintal,"Coimbatore, Tamil Nadu, India",2021,8,1
2021-08-25,Potato,Mettupalayam,Red Nanital,Local,3450.16,4415.62,3947.1,INR/quintal,"Coimbatore, Tamil Nadu, India",2021,8,2
2021-08-26,Potato,Mettupalayam,Red Nanital,Local,3481.24,4498.02,3840.0,INR/quintal,"Coimbatore, Tamil Nadu, India",2021,8,3
2021-08-27,Potato,Udumalpet,Red Nanital,Local,3305.68,4246.88,3689.24,INR/quintal,"Coimbatore, Tamil Nadu, India",2021,8,4
2021-08-28,Potato,RSPuram,Red Nanital,Local,3357.64,4342.62,3821.13,INR/quintal,"Coimbatore, Tamil Nadu, India",2021,8,5
2021-08-29,Potato,Sulur,Other,Local,3207.16,4103.34,3593.82,INR/quintal,"Coimbatore, Tamil Nadu, India",2021,8,6
2021-08-30,Potato,Singanallur,Red Nanital,Local,3271.64,4090.5,3672.62,INR/quintal,"Coimbatore, Tamil Nadu, India",2021,8,0
2021-08-31,Potato,Mettupalayam,Red Nanital,Local,3299.02,4249.47,3754.16,INR/quintal,"Coimbatore, Tamil Nadu, India",2021,8,1
2021-09-01,Potato,RSPuram,Other,Local,3296.17,4308.22,3654.78,INR/quintal,"Coimbatore, Tamil Nadu, India",2021,9,2
2021-09-02,Potato,Mettupalayam,Other,Local,3334.79,4240.98,3707.53,INR/quintal,"Coimbatore, Tamil Nadu, India",2021,9,3
2021-09-03,Potato,Sulur,Red Nanital,Local,3527.23,4513.88,3892.33,INR/quintal,"Coimbatore, Tamil Nadu, India",2021,9,4
2021-09-04,Potato,Sulur,Red Nanital,Local,2941.64,3960.32,3480.79,INR/quintal,"Coimbatore, Tamil Nadu, India",2021,9,5
2021-09-05,Potato,RSPuram,Red Nanital,Local,3314.25,4344.74,3748.31,INR/quintal,"Coimbatore, Tamil Nadu, India",2021,9,6
2021-09-06,Potato,Udumalpet,Red Nanital,Local,3304.81,4421.75,3777.71,INR/quintal,"Coimbatore, Tamil Nadu, India",2021,9,0
2021-09-07,Potato,Sulur,Other,Local,3152.72,4166.29,3568.11,INR/quintal,"Coimbatore, Tamil Nadu, India",2021,9,1
2021-09-08,Potato,Udumalpet,Other,Local,3346.0,4304.61,3781.34,INR/quintal,"Coimbatore, Tamil Nadu, India",2021,9,2
2021-09-09,Potato,Mettupalayam,Red Nanital,Local,2952.66,4005.83,3482.12,INR/quintal,"Coimbatore, Tamil Nadu, India",2021,9,3
2021-09-10,Potato,Sulur,Red Nanital,Local,3272.93,4217.01,3664.48,INR/quintal,"Coimbatore, Tamil Nadu, India",2021,9,4
2021-09-11,Potato,Udumalpet,Other,Local,3249.32,4126.94,3604.85,INR/quintal,"Coimbatore, Tamil Nadu, India",2021,9,5
2021-09-12,Potato,Udumalpet,Other,Local,3423.87,4614.55,3962.08,INR/quintal,"Coimbatore, Tamil Nadu, India",2021,9,6
2021-09-13,Potato,RSPuram,Red Nanital,Local,2903.97,3870.3,3318.71,INR/quintal,"Coimbatore, Tamil Nadu, India",2021,9,0
2021-09-14,Potato,RSPuram,Other,Local,3046.21,4022.88,3572.43,INR/quintal,"Coimbatore, Tamil Nadu, India",2021,9,1
2021-09-15,Potato,Mettupalayam,Red Nanital,Local,3204.15,4264.29,3668.52,INR/quintal,"Coimbatore, Tamil Nadu, India",2021,9,2
2021-09-16,Potato,Mettupalayam,Red Nanital,Local,3296.15,4337.46,3809.74,INR/quintal,"Coimbatore, Tamil Nadu, India",2021,9,3
2021-09-17,Potato,Sulur,Other,Local,3472.62,4555.29,3926.31,INR/quintal,"Coimbatore, Tamil Nadu, India",2021,9,4
2021-09-18,Potato,Udumalpet,Red Nanital,Local,3199.81,4025.37,3570.93,INR/quintal,"Coimbatore, Tamil Nadu, India",2021,9,5
2021-09-19,Potato,RSPuram,Other,Local,3215.26,4162.19,3582.71,INR/quintal,"Coimbatore, Tamil Nadu, India",2021,9,6
2021-09-20,Potato,Mettupalayam,Other,Local,3603.52,4499.21,3959.32,INR/quintal,"Coimbatore, Tamil Nadu, India",2021,9,0
2021-09-21,Potato,Udumalpet,Red Nanital,Local,3559.9,4484.97,3928.86,INR/quintal,"Coimbatore, Tamil Nadu, India",2021,9,1
2021-09-22,Potato,Singanallur,Red Nanital,Local,3377.09,4319.93,3738.17,INR/quintal,"Coimbatore, Tamil Nadu, India",2021,9,2
2021-09-23,Potato,Singanallur,Red Nanital,Local,3675.68,4665.98,4042.23,INR/quintal,"Coimbatore, Tamil Nadu, India",2021,9,3
2021-09-24,Potato,Sulur,Red Nanital,Local,3090.1,4175.38,3603.19,INR/quintal,"Coimbatore, Tamil Nadu, India",2021,9,4
2021-09-25,Potato,RSPuram,Red Nanital,Local,3322.55,4283.44,3838.22,INR/quintal,"Coimbatore, Tamil Nadu, India",2021,9,5
2021-09-26,Potato,RSPuram,Red Nanital,Local,2821.49,3666.31,3159.78,INR/quintal,"Coimbatore, Tamil Nadu, India",2021,9,6
2021-09-27,Potato,Singanallur,Other,Local,3347.18,4416.77,3871.31,INR/quintal,"Coimbatore, Tamil Nadu, India",2021,9,0
2021-09-28,Potato,RSPuram,Other,Local,2954.43,3840.16,3332.68,INR/quintal,"Coimbatore, Tamil Nadu, India",2021,9,1
2021-09-29,Potato,RSPuram,Other,Local,3503.27,4604.51,3979.92,INR/quintal,"Coimbatore, Tamil Nadu, India",2021,9,2
2021-09-30,Potato,Mettupalayam,Other,Local,3161.39,4310.49,3681.45,INR/quintal,"Coimbatore, Tamil Nadu, India",2021,9,3
2021-10-01,Potato,Mettupalayam,Red Nanital,Local,3190.86,4174.49,3650.83,INR/quintal,"Coimbatore, Tamil Nadu, India",2021,10,4
2021-10-02,Potato,Sulur,Other,Local,3132.66,4238.97,3599.11,INR/quintal,"Coimbatore, Tamil Nadu, India",2021,10,5
2021-10-03,Potato,Mettupalayam,Red Nanital,Local,3305.35,4125.93,3663.41,INR/quintal,"Coimbatore, Tamil Nadu, India",2021,10,6
2021-10-04,Potato,Udumalpet,Red Nanital,Local,3533.22,4666.78,4069.6,INR/quintal,"Coimbatore, Tamil Nadu, India",2021,10,0
2021-10-05,Potato,RSPuram,Other,Local,3448.97,4322.17,3874.01,INR/quintal,"Coimbatore, Tamil Nadu, India",2021,10,1
2021-10-06,Potato,RSPuram,Other,Local,3836.04,4740.66,4174.5,INR/quintal,"Coimbatore, Tamil Nadu, India",2021,10,2
2021-10-07,Potato,Sulur,Other,Local,3300.76,4367.83,3800.28,INR/quintal,"Coimbatore, Tamil Nadu, India",2021,10,3
2021-10-08,Potato,Mettupalayam,Red Nanital,Local,2773.96,3713.37,3157.14,INR/quintal,"Coimbatore, Tamil Nadu, India",2021,10,4
2021-10-09,Potato,Sulur,Red Nanital,Local,3194.32,4347.25,3711.27,INR/quintal,"Coimbatore, Tamil Nadu, India",2021,10,5
2021-10-10,Potato,Mettupalayam,Other,Local,3180.01,4131.9,3525.71,INR/quintal,"Coimbatore, Tamil Nadu, India",2021,10,6
2021-10-11,Potato,RSPuram,Other,Local,3315.88,4325.78,3723.02,INR/quintal,"Coimbatore, Tamil Nadu, India",2021,10,0
2021-10-12,Potato,RSPuram,Other,Local,2951.47,4054.3,3487.21,INR/quintal,"Coimbatore, Tamil Nadu, India",2021,10,1
2021-10-13,Potato,Mettupalayam,Red Nanital,Local,3320.91,4402.2,3804.07,INR/quintal,"Coimbatore, Tamil Nadu, India",2021,10,2
2021-10-14,Potato,Mettupalayam,Red Nanital,Local,3262.44,4254.16,3734.06,INR/quintal,"Coimbatore, Tamil Nadu, India",2021,10,3
2021-10-15,Potato,Sulur,Other,Local,3465.6,4523.73,3879.22,INR/quintal,"Coimbatore, Tamil Nadu, India",2021,10,4
2021-10-16,Potato,RSPuram,Other,Local,3451.83,4440.61,3864.38,INR/quintal,"Coimbatore, Tamil Nadu, India",2021,10,5
2021-10-17,Potato,Sulur,Other,Local,3475.03,4327.85,3825.49,INR/quintal,"Coimbatore, Tamil Nadu, India",2021,10,6
2021-10-18,Potato,Singanallur,Other,Local,3032.83,3891.79,3404.2,INR/quintal,"Coimbatore, Tamil Nadu, India",2021,10,0
2021-10-19,Potato,Mettupalayam,Red Nanital,Local,3452.07,4357.49,3833.27,INR/quintal,"Coimbatore, Tamil Nadu, India",2021,10,1
2021-10-20,Potato,Udumalpet,Red Nanital,Local,3437.4,4312.59,3888.55,INR/quintal,"Coimbatore, Tamil Nadu, India",2021,10,2
2021-10-21,Potato,Mettupalayam,Other,Local,3241.7,4205.8,3727.21,INR/quintal,"Coimbatore, Tamil Nadu, India",2021,10,3
2021-10-22,Potato,RSPuram,Red Nanital,Local,3400.56,4448.01,3916.68,INR/quintal,"Coimbatore, Tamil Nadu, India",2021,10,4
2021-10-23,Potato,RSPuram,Red Nanital,Local,3235.95,4171.07,3732.89,INR/quintal,"Coimbatore, Tamil Nadu, India",2021,10,5
2021-10-24,Potato,Mettupalayam,Other,Local,3328.06,4388.78,3748.02,INR/quintal,"Coimbatore, Tamil Nadu, India",2021,10,6
2021-10-25,Potato,Singanallur,Other,Local,3780.83,4679.74,4165.79,INR/quintal,"Coimbatore, Tamil Nadu, India",2021,10,0
2021-10-26,Potato,Singanallur,Other,Local,3537.36,4609.24,3966.05,INR/quintal,"Coimbatore, Tamil Nadu, India",2021,10,1
2021-10-27,Potato,Mettupalayam,Other,Local,3378.78,4375.78,3867.24,INR/quintal,"Coimbatore, Tamil Nadu, India",2021,10,2
2021-10-28,Potato,Mettupalayam,Red Nanital,Local,3465.06,4333.78,3883.98,INR/quintal,"Coimbatore, Tamil Nadu, India",2021,10,3
2021-10-29,Potato,Mettupalayam,Red Nanital,Local,2960.96,3939.49,3395.97,INR/quintal,"Coimbatore, Tamil Nadu, India",2021,10,4
2021-10-30,Potato,Udumalpet,Other,Local,3321.59,4342.47,3690.51,INR/quintal,"Coimbatore, Tamil Nadu, India",2021,10,5
2021-10-31,Potato,Singanallur,Other,Local,3722.27,4721.47,4066.61,INR/quintal,"Coimbatore, Tamil Nadu, India",2021,10,6
2021-11-01,Potato,Sulur,Other,Local,3146.48,4187.71,3638.11,INR/quintal,"Coimbatore, Tamil Nadu, India",2021,11,0
2021-11-02,Potato,Singanallur,Other,Local,3137.06,4228.47,3662.85,INR/quintal,"Coimbatore, Tamil Nadu, India",2021,11,1
2021-11-03,Potato,Udumalpet,Red Nanital,Local,3224.05,4210.18,3746.07,INR/quintal,"Coimbatore, Tamil Nadu, India",2021,11,2
2021-11-04,Potato,Udumalpet,Red Nanital,Local,3201.25,4177.33,3679.64,INR/quintal,"Coimbatore, Tamil Nadu, India",2021,11,3
2021-11-05,Potato,Udumalpet,Red Nanital,Local,3264.93,4245.21,3632.04,INR/quintal,"Coimbatore, Tamil Nadu, India",2021,11,4
2021-11-06,Potato,Udumalpet,Red Nanital,Local,3653.82,4631.89,4043.32,INR/quintal,"Coimbatore, Tamil Nadu, India",2021,11,5
2021-11-07,Potato,Mettupalayam,Red Nanital,Local,3406.13,4585.43,3933.62,INR/quintal,"Coimbatore, Tamil Nadu, India",2021,11,6
2021-11-08,Potato,Sulur,Red Nanital,Local,3683.2,4654.25,4085.33,INR/quintal,"Coimbatore, Tamil Nadu, India",2021,11,0
2021-11-09,Potato,Udumalpet,Other,Local,3216.56,4170.49,3724.92,INR/quintal,"Coimbatore, Tamil Nadu, India",2021,11,1
2021-11-10,Potato,Mettupalayam,Red Nanital,Local,3503.15,4508.57,3884.38,INR/quintal,"Coimbatore, Tamil Nadu, India",2021,11,2
2021-11-11,Potato,Mettupalayam,Other,Local,3635.43,4742.23,4111.27,INR/quintal,"Coimbatore, Tamil Nadu, India",2021,11,3
2021-11-12,Potato,RSPuram,Other,Local,3186.91,4042.92,3556.44,INR/quintal,"Coimbatore, Tamil Nadu, India",2021,11,4
2021-11-13,Potato,Singanallur,Red Nanital,Local,3346.34,4183.36,3702.51,INR/quintal,"Coimbatore, Tamil Nadu, India",2021,11,5
2021-11-14,Potato,Udumalpet,Red Nanital,Local,3625.33,4724.44,4091.91,INR/quintal,"Coimbatore, Tamil Nadu, India",2021,11,6
2021-11-15,Potato,Udumalpet,Other,Local,3599.23,4626.9,4030.52,INR/quintal,"Coimbatore, Tamil Nadu, India",2021,11,0
2021-11-16,Potato,Mettupalayam,Red Nanital,Local,3466.15,4460.92,3973.13,INR/quintal,"Coimbatore, Tamil Nadu, India",2021,11,1
2021-11-17,Potato,Udumalpet,Other,Local,3187.42,4132.45,3662.5,INR/quintal,"Coimbatore, Tamil Nadu, India",2021,11,2
2021-11-18,Potato,Sulur,Red Nanital,Local,3795.41,4795.56,4192.2,INR/quintal,"Coimbatore, Tamil Nadu, India",2021,11,3
2021-11-19,Potato,Sulur,Other,Local,3473.11,4501.63,3930.44,INR/quintal,"Coimbatore, Tamil Nadu, India",2021,11,4
2021-11-20,Potato,RSPuram,Other,Local,3663.29,4462.21,4023.36,INR/quintal,"Coimbatore, Tamil Nadu, India",2021,11,5
2021-11-21,Potato,Singanallur,Other,Local,3529.81,4536.09,4006.56,INR/quintal,"Coimbatore, Tamil Nadu, India",2021,11,6
2021-11-22,Potato,Sulur,Other,Local,3346.27,4433.13,3818.17,INR/quintal,"Coimbatore, Tamil Nadu, India",2021,11,0
2021-11-23,Potato,Singanallur,Other,Local,3864.72,4863.5,4321.77,INR/quintal,"Coimbatore, Tamil Nadu, India",2021,11,1
2021-11-24,Potato,RSPuram,Other,Local,3441.79,4483.91,3832.66,INR/quintal,"Coimbatore, Tamil Nadu, India",2021,11,2
2021-11-25,Potato,Mettupalayam,Other,Local,3492.84,4577.34,3987.12,INR/quintal,"Coimbatore, Tamil Nadu, India",2021,11,3
2021-11-26,Potato,Mettupalayam,Red Nanital,Local,3987.62,4832.86,4361.8,INR/quintal,"Coimbatore, Tamil Nadu, India",2021,11,4
2021-11-27,Potato,Singanallur,Other,Local,3558.56,4534.88,3993.66,INR/quintal,"Coimbatore, Tamil Nadu, India",2021,11,5
2021-11-28,Potato,RSPuram,Other,Local,3471.58,4240.88,3820.29,INR/quintal,"Coimbatore, Tamil Nadu, India",2021,11,6
2021-11-29,Potato,Mettupalayam,Other,Local,3356.1,4404.17,3831.33,INR/quintal,"Coimbatore, Tamil Nadu, India",2021,11,0
2021-11-30,Potato,Sulur,Other,Local,3505.96,4566.44,4031.12,INR/quintal,"Coimbatore, Tamil Nadu, India",2021,11,1
2021-12-01,Potato,Udumalpet,Other,Local,3766.09,4880.68,4275.72,INR/quintal,"Coimbatore, Tamil Nadu, India",2021,12,2
2021-12-02,Potato,Sulur,Other,Local,3374.99,4517.42,3875.72,INR/quintal,"Coimbatore, Tamil Nadu, India",2021,12,3
2021-12-03,Potato,Sulur,Other,Local,3756.77,4828.36,4223.53,INR/quintal,"Coimbatore, Tamil Nadu, India",2021,12,4
2021-12-04,Potato,Sulur,Red Nanital,Local,3629.6,4625.56,3992.51,INR/quintal,"Coimbatore, Tamil Nadu, India",2021,12,5
2021-12-05,Potato,Udumalpet,Other,Local,3367.41,4404.0,3836.37,INR/quintal,"Coimbatore, Tamil Nadu, India",2021,12,6
2021-12-06,Potato,Udumalpet,Other,Local,3434.48,4458.2,3896.85,INR/quintal,"Coimbatore, Tamil Nadu, India",2021,12,0
2021-12-07,Potato,Sulur,Red Nanital,Local,3513.32,4651.07,4012.51,INR/quintal,"Coimbatore, Tamil Nadu, India",2021,12,1
2021-12-08,Potato,Udumalpet,Red Nanital,Local,3401.05,4419.03,3836.71,INR/quintal,"Coimbatore, Tamil Nadu, India",2021,12,2
2021-12-09,Potato,Sulur,Red Nanital,Local,3785.64,4707.96,4142.26,INR/quintal,"Coimbatore, Tamil Nadu, India",2021,12,3
2021-12-10,Potato,RSPuram,Other,Local,3819.5,4912.06,4335.43,INR/quintal,"Coimbatore, Tamil Nadu, India",2021,12,4
2021-12-11,Potato,Udumalpet,Red Nanital,Local,3648.8,4706.22,4153.92,INR/quintal,"Coimbatore, Tamil Nadu, India",2021,12,5
2021-12-12,Potato,Singanallur,Other,Local,3868.49,4778.25,4211.95,INR/quintal,"Coimbatore, Tamil Nadu, India",2021,12,6
2021-12-13,Potato,Udumalpet,Other,Local,3898.03,4844.7,4374.44,INR/quintal,"Coimbatore, Tamil Nadu, India",2021,12,0
2021-12-14,Potato,Udumalpet,Other,Local,3532.7,4597.35,4072.58,INR/quintal,"Coimbatore, Tamil Nadu, India",2021,12,1
2021-12-15,Potato,RSPuram,Other,Local,3819.88,4748.33,4185.46,INR/quintal,"Coimbatore, Tamil Nadu, India",2021,12,2
2021-12-16,Potato,Mettupalayam,Other,Local,3765.52,4789.58,4302.17,INR/quintal,"Coimbatore, Tamil Nadu, India",2021,12,3
2021-12-17,Potato,Singanallur,Red Nanital,Local,3731.3,4498.89,4077.25,INR/quintal,"Coimbatore, Tamil Nadu, India",2021,12,4
2021-12-18,Potato,Mettupalayam,Other,Local,4064.14,4907.37,4447.6,INR/quintal,"Coimbatore, Tamil Nadu, India",2021,12,5
2021-12-19,Potato,RSPuram,Red Nanital,Local,3802.91,4702.77,4198.24,INR/quintal,"Coimbatore, Tamil Nadu, India",2021,12,6
2021-12-20,Potato,Singanallur,Other,Local,3798.55,4702.96,4168.42,INR/quintal,"Coimbatore, Tamil Nadu, India",2021,12,0
2021-12-21,Potato,Mettupalayam,Other,Local,4271.45,5186.46,4666.87,INR/quintal,"Coimbatore, Tamil Nadu, India",2021,12,1
2021-12-22,Potato,Sulur,Red Nanital,Local,3909.09,4832.6,4248.79,INR/quintal,"Coimbatore, Tamil Nadu, India",2021,12,2
2021-12-23,Potato,Udumalpet,Red Nanital,Local,3469.93,4420.34,3983.65,INR/quintal,"Coimbatore, Tamil Nadu, India",2021,12,3
2021-12-24,Potato,Sulur,Other,Local,3962.54,5019.71,4465.29,INR/quintal,"Coimbatore, Tamil Nadu, India",2021,12,4
2021-12-25,Potato,Mettupalayam,Red Nanital,Local,3581.16,4619.65,3986.06,INR/quintal,"Coimbatore, Tamil Nadu, India",2021,12,5
2021-12-26,Potato,Udumalpet,Red Nanital,Local,3599.43,4777.39,4132.19,INR/quintal,"Coimbatore, Tamil Nadu, India",2021,12,6
2021-12-27,Potato,Sulur,Red Nanital,Local,4073.29,5131.0,4508.03,INR/quintal,"Coimbatore, Tamil Nadu, India",2021,12,0
2021-12-28,Potato,Mettupalayam,Other,Local,3824.98,4851.71,4341.47,INR/quintal,"Coimbatore, Tamil Nadu, India",2021,12,1
2021-12-29,Potato,Mettupalayam,Other,Local,4164.59,4961.86,4510.81,INR/quintal,"Coimbatore, Tamil Nadu, India",2021,12,2
2021-12-30,Potato,Mettupalayam,Red Nanital,Local,3846.95,4703.64,4288.29,INR/quintal,"Coimbatore, Tamil Nadu, India",2021,12,3
2021-12-31,Potato,Sulur,Other,Local,3839.91,4781.16,4315.3,INR/quintal,"Coimbatore, Tamil Nadu, India",2021,12,4
2022-01-01,Potato,Udumalpet,Red Nanital,Local,4050.62,4927.7,4407.5,INR/quintal,"Coimbatore, Tamil Nadu, India",2022,1,5
2022-01-02,Potato,Singanallur,Red Nanital,Local,3962.0,4881.61,4426.79,INR/quintal,"Coimbatore, Tamil Nadu, India",2022,1,6
2022-01-03,Potato,Singanallur,Other,Local,3807.5,4634.71,4213.04,INR/quintal,"Coimbatore, Tamil Nadu, India",2022,1,0
2022-01-04,Potato,RSPuram,Other,Local,4370.7,5308.3,4762.25,INR/quintal,"Coimbatore, Tamil Nadu, India",2022,1,1
2022-01-05,Potato,Mettupalayam,Other,Local,4075.38,4843.4,4417.5,INR/quintal,"Coimbatore, Tamil Nadu, India",2022,1,2
2022-01-06,Potato,RSPuram,Other,Local,3982.36,4973.53,4474.04,INR/quintal,"Coimbatore, Tamil Nadu, India",2022,1,3
2022-01-07,Potato,RSPuram,Other,Local,4327.6,5089.52,4667.41,INR/quintal,"Coimbatore, Tamil Nadu, India",2022,1,4
2022-01-08,Potato,Sulur,Other,Local,4123.69,4975.36,4495.45,INR/quintal,"Coimbatore, Tamil Nadu, India",2022,1,5
2022-01-09,Potato,Singanallur,Red Nanital,Local,4293.76,5131.74,4716.61,INR/quintal,"Coimbatore, Tamil Nadu, India",2022,1,6
2022-01-10,Potato,Singanallur,Red Nanital,Local,3969.34,5056.51,4487.44,INR/quintal,"Coimbatore, Tamil Nadu, India",2022,1,0
2022-01-11,Potato,Singanallur,Other,Local,4274.87,5179.44,4667.43,INR/quintal,"Coimbatore, Tamil Nadu, India",2022,1,1
2022-01-12,Potato,Udumalpet,Other,Local,4280.85,5403.91,4765.16,INR/quintal,"Coimbatore, Tamil Nadu, India",2022,1,2
2022-01-13,Potato,Sulur,Other,Local,3898.9,4836.73,4423.74,INR/quintal,"Coimbatore, Tamil Nadu, India",2022,1,3
2022-01-14,Potato,Sulur,Red Nanital,Local,4742.0,5658.73,5150.8,INR/quintal,"Coimbatore, Tamil Nadu, India",2022,1,4
2022-01-15,Potato,Mettupalayam,Red Nanital,Local,4384.19,5321.44,4737.55,INR/quintal,"Coimbatore, Tamil Nadu, India",2022,1,5
2022-01-16,Potato,Udumalpet,Red Nanital,Local,3975.21,4953.18,4452.37,INR/quintal,"Coimbatore, Tamil Nadu, India",2022,1,6
2022-01-17,Potato,Sulur,Other,Local,4480.8,5342.71,4893.17,INR/quintal,"Coimbatore, Tamil Nadu, India",2022,1,0
2022-01-18,Potato,Mettupalayam,Other,Local,4274.11,5231.18,4624.15,INR/quintal,"Coimbatore, Tamil Nadu, India",2022,1,1
2022-01-19,Potato,Udumalpet,Other,Local,4110.66,4939.53,4477.2,INR/quintal,"Coimbatore, Tamil Nadu, India",2022,1,2
2022-01-20,Potato,Sulur,Other,Local,4549.71,5497.4,4961.69,INR/quintal,"Coimbatore, Tamil Nadu, India",2022,1,3
2022-01-21,Potato,Mettupalayam,Other,Local,4011.62,4874.34,4427.68,INR/quintal,"Coimbatore, Tamil Nadu, India",2022,1,4
2022-01-22,Potato,Singanallur,Red Nanital,Local,4409.67,5368.05,4882.03,INR/quintal,"Coimbatore, Tamil Nadu, India",2022,1,5
2022-01-23,Potato,RSPuram,Other,Local,4136.07,5190.61,4595.42,INR/quintal,"Coimbatore, Tamil Nadu, India",2022,1,6
2022-01-24,Potato,Sulur,Red Nanital,Local,3956.64,4882.07,4453.64,INR/quintal,"Coimbatore, Tamil Nadu, India",2022,1,0
2022-01-25,Potato,Udumalpet,Red Nanital,Local,4238.86,5176.64,4667.45,INR/quintal,"Coimbatore, Tamil Nadu, India",2022,1,1
2022-01-26,Potato,Udumalpet,Red Nanital,Local,4514.05,5606.08,4995.87,INR/quintal,"Coimbatore, Tamil Nadu, India",2022,1,2
2022-01-27,Potato,RSPuram,Other,Local,4156.82,5061.85,4648.49,INR/quintal,"Coimbatore, Tamil Nadu, India",2022,1,3
2022-01-28,Potato,RSPuram,Other,Local,4234.57,5107.65,4668.08,INR/quintal,"Coimbatore, Tamil Nadu, India",2022,1,4
2022-01-29,Potato,Singanallur,Other,Local,4350.26,5237.16,4763.31,INR/quintal,"Coimbatore, Tamil Nadu, India",2022,1,5
2022-01-30,Potato,Sulur,Red Nanital,Local,4276.88,5141.61,4654.52,INR/quintal,"Coimbatore, Tamil Nadu, India",2022,1,6
2022-01-31,Potato,Sulur,Other,Local,4284.14,5431.26,4808.63,INR/quintal,"Coimbatore, Tamil Nadu, India",2022,1,0
2022-02-01,Potato,Udumalpet,Red Nanital,Local,4111.5,5168.93,4624.87,INR/quintal,"Coimbatore, Tamil Nadu, India",2022,2,1
2022-02-02,Potato,RSPuram,Other,Local,4698.47,5703.88,5066.16,INR/quintal,"Coimbatore, Tamil Nadu, India",2022,2,2
2022-02-03,Potato,Udumalpet,Red Nanital,Local,4513.25,5655.68,5046.86,INR/quintal,"Coimbatore, Tamil Nadu, India",2022,2,3
2022-02-04,Potato,Singanallur,Other,Local,4463.06,5372.45,4954.87,INR/quintal,"Coimbatore, Tamil Nadu, India",2022,2,4
2022-02-05,Potato,Mettupalayam,Other,Local,4630.07,5535.25,4980.17,INR/quintal,"Coimbatore, Tamil Nadu, India",2022,2,5
2022-02-06,Potato,Singanallur,Red Nanital,Local,4489.56,5519.9,4961.52,INR/quintal,"Coimbatore, Tamil Nadu, India",2022,2,6
2022-02-07,Potato,Mettupalayam,Red Nanital,Local,4729.88,5667.99,5101.69,INR/quintal,"Coimbatore, Tamil Nadu, India",2022,2,0
2022-02-08,Potato,Singanallur,Red Nanital,Local,4534.96,5614.54,4962.3,INR/quintal,"Coimbatore, Tamil Nadu, India",2022,2,1
2022-02-09,Potato,RSPuram,Red Nanital,Local,4450.35,5311.14,4817.53,INR/quintal,"Coimbatore, Tamil Nadu, India",2022,2,2
2022-02-10,Potato,Singanallur,Other,Local,4328.31,5370.63,4859.76,INR/quintal,"Coimbatore, Tamil Nadu, India",2022,2,3
2022-02-11,Potato,Udumalpet,Red Nanital,Local,4568.27,5427.94,4939.48,INR/quintal,"Coimbatore, Tamil Nadu, India",2022,2,4
2022-02-12,Potato,Singanallur,Other,Local,4504.94,5573.92,5024.29,INR/quintal,"Coimbatore, Tamil Nadu, India",2022,2,5
2022-02-13,Potato,Udumalpet,Red Nanital,Local,4215.45,5104.08,4633.01,INR/quintal,"Coimbatore, Tamil Nadu, India",2022,2,6
2022-02-14,Potato,RSPuram,Red Nanital,Local,4607.26,5591.83,5113.82,INR/quintal,"Coimbatore, Tamil Nadu, India",2022,2,0
2022-02-15,Potato,Sulur,Red Nanital,Local,4556.45,5520.52,4958.93,INR/quintal,"Coimbatore, Tamil Nadu, India",2022,2,1
2022-02-16,Potato,Sulur,Red Nanital,Local,4808.22,5687.45,5184.98,INR/quintal,"Coimbatore, Tamil Nadu, India",2022,2,2
2022-02-17,Potato,Sulur,Red Nanital,Local,4389.14,5411.83,4904.69,INR/quintal,"Coimbatore, Tamil Nadu, India",2022,2,3
2022-02-18,Potato,Sulur,Red Nanital,Local,4108.6,5265.83,4634.58,INR/quintal,"Coimbatore, Tamil Nadu, India",2022,2,4
2022-02-19,Potato,RSPuram,Other,Local,4686.42,5741.69,5157.99,INR/quintal,"Coimbatore, Tamil Nadu, India",2022,2,5
2022-02-20,Potato,Udumalpet,Other,Local,4779.57,5612.76,5149.56,INR/quintal,"Coimbatore, Tamil Nadu, India",2022,2,6
2022-02-21,Potato,Sulur,Other,Local,4305.97,5150.31,4698.78,INR/quintal,"Coimbatore, Tamil Nadu, India",2022,2,0
2022-02-22,Potato,RSPuram,Red Nanital,Local,4281.7,5257.85,4814.47,INR/quintal,"Coimbatore, Tamil Nadu, India",2022,2,1
2022-02-23,Potato,Singanallur,Other,Local,4469.76,5538.45,4983.4,INR/quintal,"Coimbatore, Tamil Nadu, India",2022,2,2
2022-02-24,Potato,Sulur,Red Nanital,Local,4729.25,5782.87,5198.05,INR/quintal,"Coimbatore, Tamil Nadu, India",2022,2,3
2022-02-25,Potato,Mettupalayam,Red Nanital,Local,4432.12,5460.18,4817.57,INR/quintal,"Coimbatore, Tamil Nadu, India",2022,2,4
2022-02-26,Potato,Singanallur,Red Nanital,Local,4709.8,5609.67,5193.78,INR/quintal,"Coimbatore, Tamil Nadu, India",2022,2,5
2022-02-27,Potato,Sulur,Red Nanital,Local,4728.74,5726.67,5101.62,INR/quintal,"Coimbatore, Tamil Nadu, India",2022,2,6
2022-02-28,Potato,Sulur,Red Nanital,Local,4553.82,5470.42,4991.65,INR/quintal,"Coimbatore, Tamil Nadu, India",2022,2,0
2022-03-01,Potato,Sulur,Other,Local,4673.03,5730.98,5141.87,INR/quintal,"Coimbatore, Tamil Nadu, India",2022,3,1
2022-03-02,Potato,Mettupalayam,Other,Local,4655.33,5603.84,5046.16,INR/quintal,"Coimbatore, Tamil Nadu, India",2022,3,2
2022-03-03,Potato,Singanallur,Red Nanital,Local,4789.31,5678.99,5201.94,INR/quintal,"Coimbatore, Tamil Nadu, India",2022,3,3
2022-03-04,Potato,Singanallur,Other,Local,4551.29,5434.39,4951.56,INR/quintal,"Coimbatore, Tamil Nadu, India",2022,3,4
2022-03-05,Potato,RSPuram,Other,Local,4603.36,5587.67,5092.26,INR/quintal,"Coimbatore, Tamil Nadu, India",2022,3,5
2022-03-06,Potato,Singanallur,Other,Local,4504.37,5604.49,4948.28,INR/quintal,"Coimbatore, Tamil Nadu, India",2022,3,6
2022-03-07,Potato,Singanallur,Other,Local,4897.58,5786.54,5277.85,INR/quintal,"Coimbatore, Tamil Nadu, India",2022,3,0
2022-03-08,Potato,RSPuram,Other,Local,4653.65,5615.92,5034.24,INR/quintal,"Coimbatore, Tamil Nadu, India",2022,3,1
2022-03-09,Potato,Sulur,Red Nanital,Local,4447.34,5407.2,4920.74,INR/quintal,"Coimbatore, Tamil Nadu, India",2022,3,2
2022-03-10,Potato,Singanallur,Red Nanital,Local,4634.71,5558.83,5027.82,INR/quintal,"Coimbatore, Tamil Nadu, India",2022,3,3
2022-03-11,Potato,Udumalpet,Red Nanital,Local,4657.94,5665.75,5059.55,INR/quintal,"Coimbatore, Tamil Nadu, India",2022,3,4
2022-03-12,Potato,Singanallur,Other,Local,4446.2,5388.34,4957.17,INR/quintal,"Coimbatore, Tamil Nadu, India",2022,3,5
2022-03-13,Potato,Mettupalayam,Red Nanital,Local,4692.67,5518.51,5055.43,INR/quintal,"Coimbatore, Tamil Nadu, India",2022,3,6
2022-03-14,Potato,Singanallur,Other,Local,5045.82,5973.65,5527.22,INR/quintal,"Coimbatore, Tamil Nadu, India",2022,3,0
2022-03-15,Potato,RSPuram,Red Nanital,Local,4627.61,5545.75,4980.28,INR/quintal,"Coimbatore, Tamil Nadu, India",2022,3,1
2022-03-16,Potato,Udumalpet,Other,Local,4999.52,5900.49,5397.19,INR/quintal,"Coimbatore, Tamil Nadu, India",2022,3,2
2022-03-17,Potato,Udumalpet,Other,Local,4687.11,5697.06,5092.2,INR/quintal,"Coimbatore, Tamil Nadu, India",2022,3,3
2022-03-18,Potato,RSPuram,Red Nanital,Local,4760.0,5889.43,5280.36,INR/quintal,"Coimbatore, Tamil Nadu, India",2022,3,4
2022-03-19,Potato,Singanallur,Other,Local,4307.28,5293.01,4795.09,INR/quintal,"Coimbatore, Tamil Nadu, India",2022,3,5
2022-03-20,Potato,Mettupalayam,Red Nanital,Local,4682.31,5583.35,5057.65,INR/quintal,"Coimbatore, Tamil Nadu, India",2022,3,6
2022-03-21,Potato,Udumalpet,Other,Local,4402.76,5389.63,4859.85,INR/quintal,"Coimbatore, Tamil Nadu, India",2022,3,0
2022-03-22,Potato,Udumalpet,Red Nanital,Local,4977.23,5843.67,5362.66,INR/quintal,"Coimbatore, Tamil Nadu, India",2022,3,1
2022-03-23,Potato,Sulur,Other,Local,4925.11,5876.19,5281.42,INR/quintal,"Coimbatore, Tamil Nadu, India",2022,3,2
2022-03-24,Potato,Udumalpet,Red Nanital,Local,4532.82,5584.85,5011.61,INR/quintal,"Coimbatore, Tamil Nadu, India",2022,3,3
2022-03-25,Potato,Mettupalayam,Other,Local,4960.23,5973.2,5320.51,INR/quintal,"Coimbatore, Tamil Nadu, India",2022,3,4
2022-03-26,Potato,RSPuram,Red Nanital,Local,4546.19,5551.24,5066.71,INR/quintal,"Coimbatore, Tamil Nadu, India",2022,3,5
2022-03-27,Potato,RSPuram,Other,Local,4865.17,5898.49,5266.7,INR/quintal,"Coimbatore, Tamil Nadu, India",2022,3,6
2022-03-28,Potato,Mettupalayam,Red Nanital,Local,5083.19,6042.81,5450.38,INR/quintal,"Coimbatore, Tamil Nadu, India",2022,3,0
2022-03-29,Potato,Mettupalayam,Red Nanital,Local,4817.3,5731.92,5209.33,INR/quintal,"Coimbatore, Tamil Nadu, India",2022,3,1
2022-03-30,Potato,Udumalpet,Other,Local,4551.73,5660.9,5063.66,INR/quintal,"Coimbatore, Tamil Nadu, India",2022,3,2
2022-03-31,Potato,Sulur,Red Nanital,Local,4884.31,5743.26,5303.11,INR/quintal,"Coimbatore, Tamil Nadu, India",2022,3,3
2022-04-01,Potato,RSPuram,Other,Local,4752.44,5775.89,5244.31,INR/quintal,"Coimbatore, Tamil Nadu, India",2022,4,4
2022-04-02,Potato,Singanallur,Other,Local,4806.69,5800.96,5255.05,INR/quintal,"Coimbatore, Tamil Nadu, India",2022,4,5
2022-04-03,Potato,RSPuram,Other,Local,5354.08,6375.74,5735.57,INR/quintal,"Coimbatore, Tamil Nadu, India",2022,4,6
2022-04-04,Potato,RSPuram,Red Nanital,Local,4618.81,5658.84,5000.49,INR/quintal,"Coimbatore, Tamil Nadu, India",2022,4,0
2022-04-05,Potato,Sulur,Other,Local,4672.26,5806.4,5204.23,INR/quintal,"Coimbatore, Tamil Nadu, India",2022,4,1
2022-04-06,Potato,Singanallur,Red Nanital,Local,4660.62,5721.17,5187.76,INR/quintal,"Coimbatore, Tamil Nadu, India",2022,4,2
2022-04-07,Potato,Udumalpet,Other,Local,4691.95,5824.44,5208.8,INR/quintal,"Coimbatore, Tamil Nadu, India",2022,4,3
2022-04-08,Potato,Mettupalayam,Red Nanital,Local,4627.53,5557.86,5066.89,INR/quintal,"Coimbatore, Tamil Nadu, India",2022,4,4
2022-04-09,Potato,Singanallur,Red Nanital,Local,4894.32,5808.47,5262.0,INR/quintal,"Coimbatore, Tamil Nadu, India",2022,4,5
2022-04-10,Potato,Mettupalayam,Red Nanital,Local,4506.62,5566.32,4915.53,INR/quintal,"Coimbatore, Tamil Nadu, India",2022,4,6
2022-04-11,Potato,RSPuram,Other,Local,4936.74,5956.71,5395.08,INR/quintal,"Coimbatore, Tamil Nadu, India",2022,4,0
2022-04-12,Potato,Sulur,Red Nanital,Local,4709.08,5693.32,5162.48,INR/quintal,"Coimbatore, Tamil Nadu, India",2022,4,1
2022-04-13,Potato,Udumalpet,Other,Local,4661.2,5615.96,5113.68,INR/quintal,"Coimbatore, Tamil Nadu, India",2022,4,2
2022-04-14,Potato,RSPuram,Red Nanital,Local,4804.71,5985.01,5339.02,INR/quintal,"Coimbatore, Tamil Nadu, India",2022,4,3
2022-04-15,Potato,Singanallur,Red Nanital,Local,4193.17,5023.88,4544.75,INR/quintal,"Coimbatore, Tamil Nadu, India",2022,4,4
2022-04-16,Potato,Singanallur,Red Nanital,Local,4582.92,5432.34,4967.52,INR/quintal,"Coimbatore, Tamil Nadu, India",2022,4,5
2022-04-17,Potato,Sulur,Red Nanital,Local,4414.49,5285.92,4764.83,INR/quintal,"Coimbatore, Tamil Nadu, India",2022,4,6
2022-04-18,Potato,Sulur,Other,Local,4872.12,5765.46,5280.02,INR/quintal,"Coimbatore, Tamil Nadu, India",2022,4,0
2022-04-19,Potato,Udumalpet,Other,Local,4955.39,5971.81,5321.57,INR/quintal,"Coimbatore, Tamil Nadu, India",2022,4,1
2022-04-20,Potato,Mettupalayam,Red Nanital,Local,4555.84,5430.77,5012.79,INR/quintal,"Coimbatore, Tamil Nadu, India",2022,4,2
2022-04-21,Potato,Singanallur,Red Nanital,Local,4689.6,5606.37,5171.4,INR/quintal,"Coimbatore, Tamil Nadu, India",2022,4,3
2022-04-22,Potato,Sulur,Other,Local,4591.3,5596.84,5070.22,INR/quintal,"Coimbatore, Tamil Nadu, India",2022,4,4
2022-04-23,Potato,Sulur,Other,Local,4622.07,5772.63,5124.86,INR/quintal,"Coimbatore, Tamil Nadu, India",2022,4,5
2022-04-24,Potato,Singanallur,Other,Local,4731.74,5854.36,5270.38,INR/quintal,"Coimbatore, Tamil Nadu, India",2022,4,6
2022-04-25,Potato,Sulur,Other,Local,4875.95,5844.97,5376.48,INR/quintal,"Coimbatore, Tamil Nadu, India",2022,4,0
2022-04-26,Potato,Mettupalayam,Red Nanital,Local,4621.22,5624.83,4985.61,INR/quintal,"Coimbatore, Tamil Nadu, India",2022,4,1
2022-04-27,Potato,Sulur,Other,Local,4479.68,5453.13,4929.18,INR/quintal,"Coimbatore, Tamil Nadu, India",2022,4,2
2022-04-28,Potato,RSPuram,Other,Local,4743.71,5813.34,5216.51,INR/quintal,"Coimbatore, Tamil Nadu, India",2022,4,3
2022-04-29,Potato,Sulur,Red Nanital,Local,4952.99,5809.68,5336.83,INR/quintal,"Coimbatore, Tamil Nadu, India",2022,4,4
2022-04-30,Potato,Singanallur,Other,Local,4836.27,5799.24,5290.49,INR/quintal,"Coimbatore, Tamil Nadu, India",2022,4,5
2022-05-01,Potato,Mettupalayam,Other,Local,4499.04,5438.6,4969.46,INR/quintal,"Coimbatore, Tamil Nadu, India",2022,5,6
2022-05-02,Potato,RSPuram,Other,Local,4596.42,5467.03,4947.21,INR/quintal,"Coimbatore, Tamil Nadu, India",2022,5,0
2022-05-03,Potato,Sulur,Other,Local,4446.61,5430.79,4790.43,INR/quintal,"Coimbatore, Tamil Nadu, India",2022,5,1
2022-05-04,Potato,Udumalpet,Red Nanital,Local,4780.82,5684.27,5174.92,INR/quintal,"Coimbatore, Tamil Nadu, India",2022,5,2
2022-05-05,Potato,RSPuram,Red Nanital,Local,4569.7,5638.88,5104.9,INR/quintal,"Coimbatore, Tamil Nadu, India",2022,5,3
2022-05-06,Potato,Udumalpet,Other,Local,4513.66,5311.93,4868.28,INR/quintal,"Coimbatore, Tamil Nadu, India",2022,5,4
2022-05-07,Potato,Sulur,Red Nanital,Local,4732.17,5704.22,5081.4,INR/quintal,"Coimbatore, Tamil Nadu, India",2022,5,5
2022-05-08,Potato,Mettupalayam,Red Nanital,Local,4990.29,6132.08,5476.79,INR/quintal,"Coimbatore, Tamil Nadu, India",2022,5,6
2022-05-09,Potato,Sulur,Red Nanital,Local,4574.03,5516.93,5086.84,INR/quintal,"Coimbatore, Tamil Nadu, India",2022,5,0
2022-05-10,Potato,Mettupalayam,Red Nanital,Local,4619.96,5437.35,4978.01,INR/quintal,"Coimbatore, Tamil Nadu, India",2022,5,1
2022-05-11,Potato,RSPuram,Other,Local,5107.79,6061.61,5454.85,INR/quintal,"Coimbatore, Tamil Nadu, India",2022,5,2
2022-05-12,Potato,Mettupalayam,Other,Local,4441.16,5376.86,4914.58,INR/quintal,"Coimbatore, Tamil Nadu, India",2022,5,3
2022-05-13,Potato,Udumalpet,Other,Local,4509.51,5570.2,5005.55,INR/quintal,"Coimbatore, Tamil Nadu, India",2022,5,4
2022-05-14,Potato,Sulur,Other,Local,5001.42,5873.6,5401.44,INR/quintal,"Coimbatore, Tamil Nadu, India",2022,5,5
2022-05-15,Potato,RSPuram,Other,Local,4711.39,5519.0,5072.37,INR/quintal,"Coimbatore, Tamil Nadu, India",2022,5,6
2022-05-16,Potato,Singanallur,Other,Local,4571.51,5662.33,5099.89,INR/quintal,"Coimbatore, Tamil Nadu, India",2022,5,0
2022-05-17,Potato,RSPuram,Other,Local,4234.1,5303.39,4665.67,INR/quintal,"Coimbatore, Tamil Nadu, India",2022,5,1
2022-05-18,Potato,Mettupalayam,Other,Local,4291.65,5289.95,4776.56,INR/quintal,"Coimbatore, Tamil Nadu, India",2022,5,2
2022-05-19,Potato,Mettupalayam,Red Nanital,Local,4834.21,5869.98,5254.42,INR/quintal,"Coimbatore, Tamil Nadu, India",2022,5,3
2022-05-20,Potato,Mettupalayam,Red Nanital,Local,4489.94,5360.59,4923.58,INR/quintal,"Coimbatore, Tamil Nadu, India",2022,5,4
2022-05-21,Potato,RSPuram,Other,Local,4304.8,5255.91,4796.42,INR/quintal,"Coimbatore, Tamil Nadu, India",2022,5,5
2022-05-22,Potato,Udumalpet,Other,Local,4280.72,5356.27,4745.17,INR/quintal,"Coimbatore, Tamil Nadu, India",2022,5,6
2022-05-23,Potato,Mettupalayam,Red Nanital,Local,4475.35,5339.06,4913.47,INR/quintal,"Coimbatore, Tamil Nadu, India",2022,5,0
2022-05-24,Potato,RSPuram,Red Nanital,Local,4047.89,4932.73,4501.06,INR/quintal,"Coimbatore, Tamil Nadu, India",2022,5,1
2022-05-25,Potato,Singanallur,Other,Local,4394.35,5328.87,4767.94,INR/quintal,"Coimbatore, Tamil Nadu, India",2022,5,2
2022-05-26,Potato,Mettupalayam,Red Nanital,Local,4348.9,5477.03,4853.31,INR/quintal,"Coimbatore, Tamil Nadu, India",2022,5,3
2022-05-27,Potato,Mettupalayam,Red Nanital,Local,4366.81,5478.39,4853.04,INR/quintal,"Coimbatore, Tamil Nadu, India",2022,5,4
2022-05-28,Potato,Udumalpet,Red Nanital,Local,4564.25,5627.14,5025.21,INR/quintal,"Coimbatore, Tamil Nadu, India",2022,5,5
2022-05-29,Potato,Udumalpet,Other,Local,4551.19,5447.71,4925.74,INR/quintal,"Coimbatore, Tamil Nadu, India",2022,5,6
2022-05-30,Potato,Sulur,Other,Local,4500.29,5382.27,4884.28,INR/quintal,"Coimbatore, Tamil Nadu, India",2022,5,0
2022-05-31,Potato,Singanallur,Other,Local,4266.77,5285.65,4653.62,INR/quintal,"Coimbatore, Tamil Nadu, India",2022,5,1
2022-06-01,Potato,Mettupalayam,Other,Local,4284.76,5232.46,4717.65,INR/quintal,"Coimbatore, Tamil Nadu, India",2022,6,2
2022-06-02,Potato,RSPuram,Other,Local,4392.55,5339.81,4852.85,INR/quintal,"Coimbatore, Tamil Nadu, India",2022,6,3
2022-06-03,Potato,Singanallur,Other,Local,4106.23,5071.72,4591.13,INR/quintal,"Coimbatore, Tamil Nadu, India",2022,6,4
2022-06-04,Potato,RSPuram,Red Nanital,Local,4704.88,5615.04,5100.46,INR/quintal,"Coimbatore, Tamil Nadu, India",2022,6,5
2022-06-05,Potato,RSPuram,Red Nanital,Local,4373.44,5426.44,4857.87,INR/quintal,"Coimbatore, Tamil Nadu, India",2022,6,6
2022-06-06,Potato,Mettupalayam,Other,Local,4005.83,5134.34,4527.15,INR/quintal,"Coimbatore, Tamil Nadu, India",2022,6,0
2022-06-07,Potato,Mettupalayam,Red Nanital,Local,4367.55,5294.89,4810.04,INR/quintal,"Coimbatore, Tamil Nadu, India",2022,6,1
2022-06-08,Potato,Udumalpet,Other,Local,4418.96,5340.74,4817.61,INR/quintal,"Coimbatore, Tamil Nadu, India",2022,6,2
2022-06-09,Potato,Singanallur,Other,Local,4254.69,5308.52,4712.64,INR/quintal,"Coimbatore, Tamil Nadu, India",2022,6,3
2022-06-10,Potato,Udumalpet,Red Nanital,Local,4653.72,5689.25,5117.64,INR/quintal,"Coimbatore, Tamil Nadu, India",2022,6,4
2022-06-11,Potato,Sulur,Red Nanital,Local,4180.26,5339.28,4710.12,INR/quintal,"Coimbatore, Tamil Nadu, India",2022,6,5
2022-06-12,Potato,Mettupalayam,Red Nanital,Local,4504.87,5567.1,5010.24,INR/quintal,"Coimbatore, Tamil Nadu, India",2022,6,6
2022-06-13,Potato,Mettupalayam,Other,Local,4472.98,5427.79,4835.02,INR/quintal,"Coimbatore, Tamil Nadu, India",2022,6,0
2022-06-14,Potato,Udumalpet,Red Nanital,Local,4217.7,5062.57,4565.14,INR/quintal,"Coimbatore, Tamil Nadu, India",2022,6,1
2022-06-15,Potato,RSPuram,Other,Local,4192.91,5256.73,4682.54,INR/quintal,"Coimbatore, Tamil Nadu, India",2022,6,2
2022-06-16,Potato,Sulur,Red Nanital,Local,4233.28,5163.22,4631.69,INR/quintal,"Coimbatore, Tamil Nadu, India",2022,6,3
2022-06-17,Potato,Udumalpet,Other,Local,4098.71,5138.96,4536.68,INR/quintal,"Coimbatore, Tamil Nadu, India",2022,6,4
2022-06-18,Potato,Udumalpet,Other,Local,4350.43,5223.28,4728.4,INR/quintal,"Coimbatore, Tamil Nadu, India",2022,6,5
2022-06-19,Potato,Singanallur,Red Nanital,Local,4307.7,5404.53,4770.95,INR/quintal,"Coimbatore, Tamil Nadu, India",2022,6,6
2022-06-20,Potato,Sulur,Other,Local,4125.28,5166.87,4627.84,INR/quintal,"Coimbatore, Tamil Nadu, India",2022,6,0
2022-06-21,Potato,Udumalpet,Other,Local,4503.83,5419.98,4858.62,INR/quintal,"Coimbatore, Tamil Nadu, India",2022,6,1
2022-06-22,Potato,Udumalpet,Red Nanital,Local,4555.29,5546.85,5026.33,INR/quintal,"Coimbatore, Tamil Nadu, India",2022,6,2
2022-06-23,Potato,RSPuram,Other,Local,4138.54,5191.35,4615.78,INR/quintal,"Coimbatore, Tamil Nadu, India",2022,6,3
2022-06-24,Potato,Singanallur,Other,Local,4204.11,5209.22,4563.02,INR/quintal,"Coimbatore, Tamil Nadu, India",2022,6,4
2022-06-25,Potato,Singanallur,Red Nanital,Local,4220.88,5401.88,4750.43,INR/quintal,"Coimbatore, Tamil Nadu, India",2022,6,5
2022-06-26,Potato,Udumalpet,Red Nanital,Local,4387.67,5191.56,4751.93,INR/quintal,"Coimbatore, Tamil Nadu, India",2022,6,6
2022-06-27,Potato,Udumalpet,Other,Local,4197.63,5074.6,4540.14,INR/quintal,"Coimbatore, Tamil Nadu, India",2022,6,0
2022-06-28,Potato,Singanallur,Other,Local,4291.38,5412.95,4821.02,INR/quintal,"Coimbatore, Tamil Nadu, India",2022,6,1
2022-06-29,Potato,RSPuram,Red Nanital,Local,3944.74,4895.53,4447.0,INR/quintal,"Coimbatore, Tamil Nadu, India",2022,6,2
2022-06-30,Potato,Sulur,Other,Local,3920.98,4898.37,4442.75,INR/quintal,"Coimbatore, Tamil Nadu, India",2022,6,3
2022-07-01,Potato,Sulur,Other,Local,4194.93,5336.46,4726.42,INR/quintal,"Coimbatore, Tamil Nadu, India",2022,7,4
2022-07-02,Potato,Sulur,Other,Local,4330.77,5260.24,4720.41,INR/quintal,"Coimbatore, Tamil Nadu, India",2022,7,5
2022-07-03,Potato,RSPuram,Red Nanital,Local,4304.68,5165.5,4749.94,INR/quintal,"Coimbatore, Tamil Nadu, India",2022,7,6
2022-07-04,Potato,Mettupalayam,Red Nanital,Local,3749.79,4620.15,4200.14,INR/quintal,"Coimbatore, Tamil Nadu, India",2022,7,0
2022-07-05,Potato,Mettupalayam,Red Nanital,Local,4046.54,5097.45,4446.62,INR/quintal,"Coimbatore, Tamil Nadu, India",2022,7,1
2022-07-06,Potato,Udumalpet,Red Nanital,Local,4319.02,5368.27,4709.4,INR/quintal,"Coimbatore, Tamil Nadu, India",2022,7,2
2022-07-07,Potato,Udumalpet,Red Nanital,Local,3900.87,4815.16,4325.52,INR/quintal,"Coimbatore, Tamil Nadu, India",2022,7,3
2022-07-08,Potato,Sulur,Red Nanital,Local,4291.03,5236.97,4679.26,INR/quintal,"Coimbatore, Tamil Nadu, India",2022,7,4
2022-07-09,Potato,RSPuram,Red Nanital,Local,4265.05,5294.96,4641.88,INR/quintal,"Coimbatore, Tamil Nadu, India",2022,7,5
2022-07-10,Potato,Sulur,Other,Local,3997.7,5053.25,4478.27,INR/quintal,"Coimbatore, Tamil Nadu, India",2022,7,6
2022-07-11,Potato,Mettupalayam,Other,Local,4218.45,5068.78,4561.79,INR/quintal,"Coimbatore, Tamil Nadu, India",2022,7,0
2022-07-12,Potato,Mettupalayam,Red Nanital,Local,3882.1,4892.67,4270.68,INR/quintal,"Coimbatore, Tamil Nadu, India",2022,7,1
2022-07-13,Potato,RSPuram,Red Nanital,Local,3650.51,4789.54,4181.69,INR/quintal,"Coimbatore, Tamil Nadu, India",2022,7,2
2022-07-14,Potato,RSPuram,Red Nanital,Local,3785.33,4579.77,4158.17,INR/quintal,"Coimbatore, Tamil Nadu, India",2022,7,3
2022-07-15,Potato,Udumalpet,Red Nanital,Local,3766.4,4819.26,4281.79,INR/quintal,"Coimbatore, Tamil Nadu, India",2022,7,4
2022-07-16,Potato,RSPuram,Other,Local,3698.54,4845.38,4207.57,INR/quintal,"Coimbatore, Tamil Nadu, India",2022,7,5
2022-07-17,Potato,Udumalpet,Other,Local,3617.65,4603.96,4001.01,INR/quintal,"Coimbatore, Tamil Nadu, India",2022,7,6
2022-07-18,Potato,Mettupalayam,Other,Local,3461.68,4459.9,3962.18,INR/quintal,"Coimbatore, Tamil Nadu, India",2022,7,0
2022-07-19,Potato,Udumalpet,Other,Local,3916.5,4958.52,4333.91,INR/quintal,"Coimbatore, Tamil Nadu, India",2022,7,1
2022-07-20,Potato,Mettupalayam,Red Nanital,Local,3711.25,4830.68,4229.55,INR/quintal,"Coimbatore, Tamil Nadu, India",2022,7,2
2022-07-21,Potato,Singanallur,Other,Local,4427.13,5320.25,4782.28,INR/quintal,"Coimbatore, Tamil Nadu, India",2022,7,3
2022-07-22,Potato,RSPuram,Other,Local,3740.44,4703.67,4105.7,INR/quintal,"Coimbatore, Tamil Nadu, India",2022,7,4
2022-07-23,Potato,RSPuram,Red Nanital,Local,3701.72,4782.59,4223.13,INR/quintal,"Coimbatore, Tamil Nadu, India",2022,7,5
2022-07-24,Potato,RSPuram,Other,Local,3782.19,4952.08,4309.24,INR/quintal,"Coimbatore, Tamil Nadu, India",2022,7,6
2022-07-25,Potato,Singanallur,Red Nanital,Local,3542.34,4712.32,4070.88,INR/quintal,"Coimbatore, Tamil Nadu, India",2022,7,0
2022-07-26,Potato,Udumalpet,Other,Local,3706.42,4754.35,4141.51,INR/quintal,"Coimbatore, Tamil Nadu, India",2022,7,1
2022-07-27,Potato,Mettupalayam,Red Nanital,Local,4338.36,5388.77,4732.24,INR/quintal,"Coimbatore, Tamil Nadu, India",2022,7,2
2022-07-28,Potato,Sulur,Red Nanital,Local,3639.16,4763.03,4156.99,INR/quintal,"Coimbatore, Tamil Nadu, India",2022,7,3
2022-07-29,Potato,Singanallur,Red Nanital,Local,3447.93,4615.92,3956.63,INR/quintal,"Coimbatore, Tamil Nadu, India",2022,7,4
2022-07-30,Potato,RSPuram,Other,Local,3979.52,4880.26,4332.35,INR/quintal,"Coimbatore, Tamil Nadu, India",2022,7,5
2022-07-31,Potato,Sulur,Other,Local,3330.48,4478.28,3849.26,INR/quintal,"Coimbatore, Tamil Nadu, India",2022,7,6
2022-08-01,Potato,Mettupalayam,Red Nanital,Local,3762.24,4830.17,4275.85,INR/quintal,"Coimbatore, Tamil Nadu, India",2022,8,0
2022-08-02,Potato,Singanallur,Other,Local,3661.15,4698.93,4145.32,INR/quintal,"Coimbatore, Tamil Nadu, India",2022,8,1
2022-08-03,Potato,Sulur,Other,Local,3630.57,4628.13,4035.87,INR/quintal,"Coimbatore, Tamil Nadu, India",2022,8,2
2022-08-04,Potato,Mettupalayam,Red Nanital,Local,3839.07,4621.13,4202.4,INR/quintal,"Coimbatore, Tamil Nadu, India",2022,8,3
2022-08-05,Potato,Singanallur,Other,Local,3640.62,4502.9,4081.54,INR/quintal,"Coimbatore, Tamil Nadu, India",2022,8,4
2022-08-06,Potato,Sulur,Red Nanital,Local,3781.88,4875.84,4313.24,INR/quintal,"Coimbatore, Tamil Nadu, India",2022,8,5
2022-08-07,Potato,Singanallur,Other,Local,3589.42,4629.54,3980.44,INR/quintal,"Coimbatore, Tamil Nadu, India",2022,8,6
2022-08-08,Potato,Sulur,Red Nanital,Local,3594.72,4418.14,3967.69,INR/quintal,"Coimbatore, Tamil Nadu, India",2022,8,0
2022-08-09,Potato,Sulur,Other,Local,3570.71,4548.42,3986.99,INR/quintal,"Coimbatore, Tamil Nadu, India",2022,8,1
2022-08-10,Potato,Sulur,Other,Local,3562.75,4641.1,4030.15,INR/quintal,"Coimbatore, Tamil Nadu, India",2022,8,2
2022-08-11,Potato,RSPuram,Other,Local,3629.64,4592.04,4084.99,INR/quintal,"Coimbatore, Tamil Nadu, India",2022,8,3
2022-08-12,Potato,RSPuram,Other,Local,3512.79,4520.78,3900.35,INR/quintal,"Coimbatore, Tamil Nadu, India",2022,8,4
2022-08-13,Potato,Sulur,Red Nanital,Local,3673.11,4718.2,4163.68,INR/quintal,"Coimbatore, Tamil Nadu, India",2022,8,5
2022-08-14,Potato,Udumalpet,Other,Local,3541.97,4551.62,3975.56,INR/quintal,"Coimbatore, Tamil Nadu, India",2022,8,6
2022-08-15,Potato,Singanallur,Red Nanital,Local,3481.28,4299.51,3873.03,INR/quintal,"Coimbatore, Tamil Nadu, India",2022,8,0
2022-08-16,Potato,Udumalpet,Red Nanital,Local,3630.98,4569.91,4091.44,INR/quintal,"Coimbatore, Tamil Nadu, India",2022,8,1
2022-08-17,Potato,Singanallur,Red Nanital,Local,3433.87,4392.0,3916.55,INR/quintal,"Coimbatore, Tamil Nadu, India",2022,8,2
2022-08-18,Potato,Singanallur,Other,Local,3643.05,4645.6,4122.63,INR/quintal,"Coimbatore, Tamil Nadu, India",2022,8,3
2022-08-19,Potato,Udumalpet,Other,Local,3934.07,4884.07,4372.23,INR/quintal,"Coimbatore, Tamil Nadu, India",2022,8,4
2022-08-20,Potato,Mettupalayam,Red Nanital,Local,3601.91,4519.54,3973.84,INR/quintal,"Coimbatore, Tamil Nadu, India",2022,8,5
2022-08-21,Potato,Mettupalayam,Red Nanital,Local,3512.08,4427.17,3865.79,INR/quintal,"Coimbatore, Tamil Nadu, India",2022,8,6
2022-08-22,Potato,Singanallur,Other,Local,3620.85,4511.06,4035.41,INR/quintal,"Coimbatore, Tamil Nadu, India",2022,8,0
2022-08-23,Potato,Sulur,Other,Local,3671.15,4613.82,4047.88,INR/quintal,"Coimbatore, Tamil Nadu, India",2022,8,1
2022-08-24,Potato,Udumalpet,Other,Local,3167.47,4168.31,3676.85,INR/quintal,"Coimbatore, Tamil Nadu, India",2022,8,2
2022-08-25,Potato,Singanallur,Other,Local,3473.81,4577.52,3931.27,INR/quintal,"Coimbatore, Tamil Nadu, India",2022,8,3
2022-08-26,Potato,Mettupalayam,Other,Local,3414.18,4402.03,3805.82,INR/quintal,"Coimbatore, Tamil Nadu, India",2022,8,4
2022-08-27,Potato,Singanallur,Other,Local,3575.74,4581.79,4025.66,INR/quintal,"Coimbatore, Tamil Nadu, India",2022,8,5
2022-08-28,Potato,Sulur,Red Nanital,Local,3382.23,4419.3,3809.34,INR/quintal,"Coimbatore, Tamil Nadu, India",2022,8,6
2022-08-29,Potato,Sulur,Red Nanital,Local,3434.8,4407.33,3785.8,INR/quintal,"Coimbatore, Tamil Nadu, India",2022,8,0
2022-08-30,Potato,RSPuram,Red Nanital,Local,3601.78,4366.78,3941.15,INR/quintal,"Coimbatore, Tamil Nadu, India",2022,8,1
2022-08-31,Potato,RSPuram,Red Nanital,Local,3821.97,4805.64,4195.26,INR/quintal,"Coimbatore, Tamil Nadu, India",2022,8,2
2022-09-01,Potato,RSPuram,Red Nanital,Local,3210.54,4109.4,3578.59,INR/quintal,"Coimbatore, Tamil Nadu, India",2022,9,3
2022-09-02,Potato,Sulur,Other,Local,3523.77,4553.8,4057.1,INR/quintal,"Coimbatore, Tamil Nadu, India",2022,9,4
2022-09-03,Potato,Udumalpet,Red Nanital,Local,3341.7,4380.53,3789.79,INR/quintal,"Coimbatore, Tamil Nadu, India",2022,9,5
2022-09-04,Potato,Singanallur,Other,Local,3110.91,4241.14,3627.13,INR/quintal,"Coimbatore, Tamil Nadu, India",2022,9,6
2022-09-05,Potato,Sulur,Other,Local,3431.5,4571.06,3944.87,INR/quintal,"Coimbatore, Tamil Nadu, India",2022,9,0
2022-09-06,Potato,Udumalpet,Red Nanital,Local,3512.04,4597.33,3970.2,INR/quintal,"Coimbatore, Tamil Nadu, India",2022,9,1
2022-09-07,Potato,Singanallur,Red Nanital,Local,3392.31,4334.59,3778.8,INR/quintal,"Coimbatore, Tamil Nadu, India",2022,9,2
2022-09-08,Potato,Mettupalayam,Other,Local,3099.51,4102.38,3551.62,INR/quintal,"Coimbatore, Tamil Nadu, India",2022,9,3
2022-09-09,Potato,Singanallur,Red Nanital,Local,3445.49,4280.16,3799.89,INR/quintal,"Coimbatore, Tamil Nadu, India",2022,9,4
2022-09-10,Potato,Sulur,Other,Local,3347.33,4140.0,3699.8,INR/quintal,"Coimbatore, Tamil Nadu, India",2022,9,5
2022-09-11,Potato,Mettupalayam,Red Nanital,Local,3544.0,4541.69,3992.97,INR/quintal,"Coimbatore, Tamil Nadu, India",2022,9,6
2022-09-12,Potato,RSPuram,Other,Local,3363.37,4506.81,3895.01,INR/quintal,"Coimbatore, Tamil Nadu, India",2022,9,0
2022-09-13,Potato,Udumalpet,Other,Local,3384.14,4285.29,3818.14,INR/quintal,"Coimbatore, Tamil Nadu, India",2022,9,1
2022-09-14,Potato,RSPuram,Red Nanital,Local,3328.95,4318.37,3833.56,INR/quintal,"Coimbatore, Tamil Nadu, India",2022,9,2
2022-09-15,Potato,RSPuram,Red Nanital,Local,3596.21,4608.69,4049.09,INR/quintal,"Coimbatore, Tamil Nadu, India",2022,9,3
2022-09-16,Potato,RSPuram,Red Nanital,Local,3605.13,4458.65,3967.67,INR/quintal,"Coimbatore, Tamil Nadu, India",2022,9,4
2022-09-17,Potato,Udumalpet,Other,Local,3623.43,4495.77,4057.97,INR/quintal,"Coimbatore, Tamil Nadu, India",2022,9,5
2022-09-18,Potato,Singanallur,Other,Local,3526.8,4395.11,3964.78,INR/quintal,"Coimbatore, Tamil Nadu, India",2022,9,6
2022-09-19,Potato,Sulur,Red Nanital,Local,3164.38,4264.9,3643.69,INR/quintal,"Coimbatore, Tamil Nadu, India",2022,9,0
2022-09-20,Potato,Udumalpet,Red Nanital,Local,3721.66,4568.53,4152.03,INR/quintal,"Coimbatore, Tamil Nadu, India",2022,9,1
2022-09-21,Potato,Sulur,Other,Local,3328.09,4137.0,3719.29,INR/quintal,"Coimbatore, Tamil Nadu, India",2022,9,2
2022-09-22,Potato,Mettupalayam,Other,Local,3354.49,4448.24,3891.36,INR/quintal,"Coimbatore, Tamil Nadu, India",2022,9,3
2022-09-23,Potato,Udumalpet,Other,Local,3275.89,4361.34,3738.79,INR/quintal,"Coimbatore, Tamil Nadu, India",2022,9,4
2022-09-24,Potato,Singanallur,Red Nanital,Local,3562.67,4473.15,3940.52,INR/quintal,"Coimbatore, Tamil Nadu, India",2022,9,5
2022-09-25,Potato,Sulur,Other,Local,3289.18,4279.71,3813.89,INR/quintal,"Coimbatore, Tamil Nadu, India",2022,9,6
2022-09-26,Potato,Singanallur,Other,Local,3222.91,4354.0,3749.99,INR/quintal,"Coimbatore, Tamil Nadu, India",2022,9,0
2022-09-27,Potato,Sulur,Other,Local,3459.26,4412.22,3804.46,INR/quintal,"Coimbatore, Tamil Nadu, India",2022,9,1
2022-09-28,Potato,Udumalpet,Other,Local,3184.94,4115.69,3673.42,INR/quintal,"Coimbatore, Tamil Nadu, India",2022,9,2
2022-09-29,Potato,Singanallur,Other,Local,3516.46,4599.19,3962.99,INR/quintal,"Coimbatore, Tamil Nadu, India",2022,9,3
2022-09-30,Potato,Singanallur,Red Nanital,Local,3422.67,4499.4,3922.29,INR/quintal,"Coimbatore, Tamil Nadu, India",2022,9,4
2022-10-01,Potato,RSPuram,Red Nanital,Local,3225.87,4175.48,3705.95,INR/quintal,"Coimbatore, Tamil Nadu, India",2022,10,5
2022-10-02,Potato,Sulur,Red Nanital,Local,3195.06,4313.09,3698.48,INR/quintal,"Coimbatore, Tamil Nadu, India",2022,10,6
2022-10-03,Potato,Singanallur,Other,Local,3672.32,4618.89,4029.71,INR/quintal,"Coimbatore, Tamil Nadu, India",2022,10,0
2022-10-04,Potato,Udumalpet,Other,Local,3522.13,4536.7,3925.38,INR/quintal,"Coimbatore, Tamil Nadu, India",2022,10,1
2022-10-05,Potato,Udumalpet,Red Nanital,Local,3331.72,4132.88,3669.26,INR/quintal,"Coimbatore, Tamil Nadu, India",2022,10,2
2022-10-06,Potato,Sulur,Red Nanital,Local,3371.23,4386.68,3767.19,INR/quintal,"Coimbatore, Tamil Nadu, India",2022,10,3
2022-10-07,Potato,Sulur,Red Nanital,Local,3697.96,4570.06,4037.46,INR/quintal,"Coimbatore, Tamil Nadu, India",2022,10,4
2022-10-08,Potato,Udumalpet,Red Nanital,Local,3453.02,4508.95,3920.24,INR/quintal,"Coimbatore, Tamil Nadu, India",2022,10,5
2022-10-09,Potato,Singanallur,Other,Local,3260.82,4400.57,3793.18,INR/quintal,"Coimbatore, Tamil Nadu, India",2022,10,6
2022-10-10,Potato,Udumalpet,Other,Local,3374.18,4215.64,3749.09,INR/quintal,"Coimbatore, Tamil Nadu, India",2022,10,0
2022-10-11,Potato,Udumalpet,Other,Local,3072.95,4045.54,3515.72,INR/quintal,"Coimbatore, Tamil Nadu, India",2022,10,1
2022-10-12,Potato,Sulur,Other,Local,3355.12,4402.92,3829.14,INR/quintal,"Coimbatore, Tamil Nadu, India",2022,10,2
2022-10-13,Potato,Singanallur,Other,Local,3286.18,4393.08,3803.46,INR/quintal,"Coimbatore, Tamil Nadu, India",2022,10,3
2022-10-14,Potato,Singanallur,Other,Local,3320.5,4387.05,3813.06,INR/quintal,"Coimbatore, Tamil Nadu, India",2022,10,4
2022-10-15,Potato,Mettupalayam,Other,Local,3195.72,4083.25,3659.98,INR/quintal,"Coimbatore, Tamil Nadu, India",2022,10,5
2022-10-16,Potato,Udumalpet,Other,Local,3622.72,4551.95,4048.61,INR/quintal,"Coimbatore, Tamil Nadu, India",2022,10,6
2022-10-17,Potato,RSPuram,Red Nanital,Local,3179.87,4080.51,3538.69,INR/quintal,"Coimbatore, Tamil Nadu, India",2022,10,0
2022-10-18,Potato,Singanallur,Other,Local,3317.8,4324.67,3744.19,INR/quintal,"Coimbatore, Tamil Nadu, India",2022,10,1
2022-10-19,Potato,Udumalpet,Other,Local,3485.08,4364.36,3945.63,INR/quintal,"Coimbatore, Tamil Nadu, India",2022,10,2
2022-10-20,Potato,Mettupalayam,Red Nanital,Local,3184.59,4225.7,3663.39,INR/quintal,"Coimbatore, Tamil Nadu, India",2022,10,3
2022-10-21,Potato,Sulur,Red Nanital,Local,3475.95,4596.52,3967.99,INR/quintal,"Coimbatore, Tamil Nadu, India",2022,10,4
2022-10-22,Potato,Udumalpet,Red Nanital,Local,3477.13,4319.74,3834.65,INR/quintal,"Coimbatore, Tamil Nadu, India",2022,10,5
2022-10-23,Potato,Mettupalayam,Other,Local,3348.46,4462.96,3864.43,INR/quintal,"Coimbatore, Tamil Nadu, India",2022,10,6
2022-10-24,Potato,Udumalpet,Other,Local,3296.54,4273.78,3730.29,INR/quintal,"Coimbatore, Tamil Nadu, India",2022,10,0
2022-10-25,Potato,RSPuram,Other,Local,3272.58,4115.18,3659.26,INR/quintal,"Coimbatore, Tamil Nadu, India",2022,10,1
2022-10-26,Potato,Udumalpet,Red Nanital,Local,3721.14,4572.97,4115.35,INR/quintal,"Coimbatore, Tamil Nadu, India",2022,10,2
2022-10-27,Potato,RSPuram,Other,Local,3357.94,4321.82,3804.78,INR/quintal,"Coimbatore, Tamil Nadu, India",2022,10,3
2022-10-28,Potato,Sulur,Red Nanital,Local,3512.8,4400.67,3975.44,INR/quintal,"Coimbatore, Tamil Nadu, India",2022,10,4
2022-10-29,Potato,RSPuram,Other,Local,3544.02,4524.89,3937.1,INR/quintal,"Coimbatore, Tamil Nadu, India",2022,10,5
2022-10-30,Potato,Singanallur,Red Nanital,Local,3464.14,4458.92,3858.68,INR/quintal,"Coimbatore, Tamil Nadu, India",2022,10,6
2022-10-31,Potato,RSPuram,Other,Local,3395.66,4340.83,3797.12,INR/quintal,"Coimbatore, Tamil Nadu, India",2022,10,0
2022-11-01,Potato,Sulur,Red Nanital,Local,3435.89,4596.55,3955.68,INR/quintal,"Coimbatore, Tamil Nadu, India",2022,11,1
2022-11-02,Potato,Mettupalayam,Red Nanital,Local,3415.51,4443.79,3940.68,INR/quintal,"Coimbatore, Tamil Nadu, India",2022,11,2
2022-11-03,Potato,RSPuram,Red Nanital,Local,3629.46,4634.88,4091.88,INR/quintal,"Coimbatore, Tamil Nadu, India",2022,11,3
2022-11-04,Potato,Mettupalayam,Red Nanital,Local,3305.26,4335.89,3680.88,INR/quintal,"Coimbatore, Tamil Nadu, India",2022,11,4
2022-11-05,Potato,Mettupalayam,Red Nanital,Local,3550.66,4539.66,3959.57,INR/quintal,"Coimbatore, Tamil Nadu, India",2022,11,5
2022-11-06,Potato,Udumalpet,Other,Local,3463.71,4474.46,3867.9,INR/quintal,"Coimbatore, Tamil Nadu, India",2022,11,6
2022-11-07,Potato,RSPuram,Other,Local,3450.38,4470.69,3847.4,INR/quintal,"Coimbatore, Tamil Nadu, India",2022,11,0
2022-11-08,Potato,RSPuram,Red Nanital,Local,3171.41,4085.1,3620.29,INR/quintal,"Coimbatore, Tamil Nadu, India",2022,11,1
2022-11-09,Potato,Mettupalayam,Other,Local,3726.24,4739.62,4193.63,INR/quintal,"Coimbatore, Tamil Nadu, India",2022,11,2
2022-11-10,Potato,Sulur,Other,Local,3768.58,4636.19,4109.9,INR/quintal,"Coimbatore, Tamil Nadu, India",2022,11,3
2022-11-11,Potato,RSPuram,Red Nanital,Local,3642.58,4627.23,4018.94,INR/quintal,"Coimbatore, Tamil Nadu, India",2022,11,4
2022-11-12,Potato,Udumalpet,Red Nanital,Local,3748.62,4810.84,4218.52,INR/quintal,"Coimbatore, Tamil Nadu, India",2022,11,5
2022-11-13,Potato,RSPuram,Other,Local,3529.04,4569.66,3957.59,INR/quintal,"Coimbatore, Tamil Nadu, India",2022,11,6
2022-11-14,Potato,Mettupalayam,Other,Local,3487.37,4497.99,3879.9,INR/quintal,"Coimbatore, Tamil Nadu, India",2022,11,0
2022-11-15,Potato,RSPuram,Other,Local,3493.24,4408.74,3983.43,INR/quintal,"Coimbatore, Tamil Nadu, India",2022,11,1
2022-11-16,Potato,Singanallur,Red Nanital,Local,3297.06,4406.98,3835.63,INR/quintal,"Coimbatore, Tamil Nadu, India",2022,11,2
2022-11-17,Potato,RSPuram,Other,Local,3480.72,4480.98,3888.4,INR/quintal,"Coimbatore, Tamil Nadu, India",2022,11,3
2022-11-18,Potato,Udumalpet,Other,Local,3706.12,4535.33,4067.56,INR/quintal,"Coimbatore, Tamil Nadu, India",2022,11,4
2022-11-19,Potato,RSPuram,Red Nanital,Local,3627.93,4576.08,4037.84,INR/quintal,"Coimbatore, Tamil Nadu, India",2022,11,5
2022-11-20,Potato,Udumalpet,Red Nanital,Local,3341.22,4209.39,3773.86,INR/quintal,"Coimbatore, Tamil Nadu, India",2022,11,6
2022-11-21,Potato,Udumalpet,Other,Local,3305.61,4169.32,3664.53,INR/quintal,"Coimbatore, Tamil Nadu, India",2022,11,0
2022-11-22,Potato,RSPuram,Red Nanital,Local,3674.0,4624.38,4080.12,INR/quintal,"Coimbatore, Tamil Nadu, India",2022,11,1
2022-11-23,Potato,RSPuram,Other,Local,3942.66,5006.79,4372.45,INR/quintal,"Coimbatore, Tamil Nadu, India",2022,11,2
2022-11-24,Potato,Mettupalayam,Other,Local,3927.44,4924.52,4356.56,INR/quintal,"Coimbatore, Tamil Nadu, India",2022,11,3
2022-11-25,Potato,RSPuram,Red Nanital,Local,3671.38,4527.49,4085.28,INR/quintal,"Coimbatore, Tamil Nadu, India",2022,11,4
2022-11-26,Potato,RSPuram,Other,Local,3591.18,4667.4,4100.81,INR/quintal,"Coimbatore, Tamil Nadu, India",2022,11,5
2022-11-27,Potato,Singanallur,Other,Local,3806.13,4813.05,4251.75,INR/quintal,"Coimbatore, Tamil Nadu, India",2022,11,6
2022-11-28,Potato,Sulur,Other,Local,3655.69,4682.97,4088.1,INR/quintal,"Coimbatore, Tamil Nadu, India",2022,11,0
2022-11-29,Potato,Mettupalayam,Other,Local,3357.68,4332.78,3874.26,INR/quintal,"Coimbatore, Tamil Nadu, India",2022,11,1
2022-11-30,Potato,Sulur,Red Nanital,Local,3636.17,4726.88,4155.52,INR/quintal,"Coimbatore, Tamil Nadu, India",2022,11,2
2022-12-01,Potato,Udumalpet,Red Nanital,Local,3820.82,4781.76,4180.51,INR/quintal,"Coimbatore, Tamil Nadu, India",2022,12,3
2022-12-02,Potato,Mettupalayam,Other,Local,3842.86,4942.77,4376.38,INR/quintal,"Coimbatore, Tamil Nadu, India",2022,12,4
2022-12-03,Potato,Singanallur,Other,Local,3890.36,4997.51,4428.78,INR/quintal,"Coimbatore, Tamil Nadu, India",2022,12,5
2022-12-04,Potato,Udumalpet,Red Nanital,Local,3864.45,4796.54,4257.93,INR/quintal,"Coimbatore, Tamil Nadu, India",2022,12,6
2022-12-05,Potato,RSPuram,Red Nanital,Local,3411.87,4529.15,3931.86,INR/quintal,"Coimbatore, Tamil Nadu, India",2022,12,0
2022-12-06,Potato,Sulur,Other,Local,4123.99,5061.09,4595.01,INR/quintal,"Coimbatore, Tamil Nadu, India",2022,12,1
2022-12-07,Potato,Singanallur,Red Nanital,Local,4014.06,4833.94,4387.38,INR/quintal,"Coimbatore, Tamil Nadu, India",2022,12,2
2022-12-08,Potato,RSPuram,Other,Local,4171.39,5137.38,4565.35,INR/quintal,"Coimbatore, Tamil Nadu, India",2022,12,3
2022-12-09,Potato,Sulur,Red Nanital,Local,3572.28,4588.25,4090.63,INR/quintal,"Coimbatore, Tamil Nadu, India",2022,12,4
2022-12-10,Potato,Udumalpet,Other,Local,4215.99,5102.28,4587.57,INR/quintal,"Coimbatore, Tamil Nadu, India",2022,12,5
2022-12-11,Potato,RSPuram,Other,Local,3741.08,4703.98,4247.46,INR/quintal,"Coimbatore, Tamil Nadu, India",2022,12,6
2022-12-12,Potato,Sulur,Other,Local,3681.39,4649.1,4207.43,INR/quintal,"Coimbatore, Tamil Nadu, India",2022,12,0
2022-12-13,Potato,Mettupalayam,Red Nanital,Local,3773.15,4895.85,4276.58,INR/quintal,"Coimbatore, Tamil Nadu, India",2022,12,1
2022-12-14,Potato,RSPuram,Other,Local,3820.92,4612.83,4163.32,INR/quintal,"Coimbatore, Tamil Nadu, India",2022,12,2
2022-12-15,Potato,Mettupalayam,Other,Local,3935.13,4938.99,4357.04,INR/quintal,"Coimbatore, Tamil Nadu, India",2022,12,3
2022-12-16,Potato,RSPuram,Other,Local,4303.76,5332.79,4687.11,INR/quintal,"Coimbatore, Tamil Nadu, India",2022,12,4
2022-12-17,Potato,Mettupalayam,Other,Local,3955.19,4820.6,4407.25,INR/quintal,"Coimbatore, Tamil Nadu, India",2022,12,5
2022-12-18,Potato,Mettupalayam,Other,Local,3913.88,4791.53,4255.1,INR/quintal,"Coimbatore, Tamil Nadu, India",2022,12,6
2022-12-19,Potato,RSPuram,Other,Local,4101.26,5066.69,4501.78,INR/quintal,"Coimbatore, Tamil Nadu, India",2022,12,0
2022-12-20,Potato,RSPuram,Red Nanital,Local,3770.91,4700.01,4196.74,INR/quintal,"Coimbatore, Tamil Nadu, India",2022,12,1
2022-12-21,Potato,RSPuram,Red Nanital,Local,3489.01,4402.34,3882.18,INR/quintal,"Coimbatore, Tamil Nadu, India",2022,12,2
2022-12-22,Potato,Singanallur,Red Nanital,Local,4334.45,5210.15,4681.19,INR/quintal,"Coimbatore, Tamil Nadu, India",2022,12,3
2022-12-23,Potato,Mettupalayam,Red Nanital,Local,4131.27,5106.39,4514.24,INR/quintal,"Coimbatore, Tamil Nadu, India",2022,12,4
2022-12-24,Potato,Udumalpet,Other,Local,3749.29,4698.23,4241.74,INR/quintal,"Coimbatore, Tamil Nadu, India",2022,12,5
2022-12-25,Potato,RSPuram,Other,Local,3887.0,5011.05,4375.66,INR/quintal,"Coimbatore, Tamil Nadu, India",2022,12,6
2022-12-26,Potato,RSPuram,Red Nanital,Local,3596.46,4634.52,4000.44,INR/quintal,"Coimbatore, Tamil Nadu, India",2022,12,0
2022-12-27,Potato,Singanallur,Other,Local,4513.56,5652.62,5033.26,INR/quintal,"Coimbatore, Tamil Nadu, India",2022,12,1
2022-12-28,Potato,Sulur,Red Nanital,Local,3908.26,4842.64,4385.44,INR/quintal,"Coimbatore, Tamil Nadu, India",2022,12,2
2022-12-29,Potato,Sulur,Red Nanital,Local,4274.8,5125.61,4625.85,INR/quintal,"Coimbatore, Tamil Nadu, India",2022,12,3
2022-12-30,Potato,Udumalpet,Red Nanital,Local,3908.02,5022.96,4384.97,INR/quintal,"Coimbatore, Tamil Nadu, India",2022,12,4
2022-12-31,Potato,RSPuram,Other,Local,4234.88,5245.03,4675.98,INR/quintal,"Coimbatore, Tamil Nadu, India",2022,12,5
2023-01-01,Potato,RSPuram,Other,Local,4095.09,5118.89,4540.41,INR/quintal,"Coimbatore, Tamil Nadu, India",2023,1,6
2023-01-02,Potato,Singanallur,Other,Local,3855.12,4933.41,4361.15,INR/quintal,"Coimbatore, Tamil Nadu, India",2023,1,0
2023-01-03,Potato,Udumalpet,Other,Local,3978.32,5032.53,4407.58,INR/quintal,"Coimbatore, Tamil Nadu, India",2023,1,1
2023-01-04,Potato,Sulur,Red Nanital,Local,4215.57,5150.59,4691.99,INR/quintal,"Coimbatore, Tamil Nadu, India",2023,1,2
2023-01-05,Potato,Mettupalayam,Other,Local,3973.28,4917.95,4478.57,INR/quintal,"Coimbatore, Tamil Nadu, India",2023,1,3
2023-01-06,Potato,Singanallur,Red Nanital,Local,4223.2,5210.24,4636.28,INR/quintal,"Coimbatore, Tamil Nadu, India",2023,1,4
2023-01-07,Potato,RSPuram,Red Nanital,Local,4002.53,4927.65,4378.03,INR/quintal,"Coimbatore, Tamil Nadu, India",2023,1,5
2023-01-08,Potato,Sulur,Other,Local,4068.58,5110.6,4580.61,INR/quintal,"Coimbatore, Tamil Nadu, India",2023,1,6
2023-01-09,Potato,RSPuram,Red Nanital,Local,4716.45,5706.37,5221.86,INR/quintal,"Coimbatore, Tamil Nadu, India",2023,1,0
2023-01-10,Potato,Singanallur,Other,Local,4566.78,5528.43,4914.3,INR/quintal,"Coimbatore, Tamil Nadu, India",2023,1,1
2023-01-11,Potato,Sulur,Red Nanital,Local,4396.7,5287.08,4873.09,INR/quintal,"Coimbatore, Tamil Nadu, India",2023,1,2
2023-01-12,Potato,Singanallur,Red Nanital,Local,3917.24,5028.04,4400.98,INR/quintal,"Coimbatore, Tamil Nadu, India",2023,1,3
2023-01-13,Potato,Singanallur,Other,Local,4398.53,5523.43,4901.64,INR/quintal,"Coimbatore, Tamil Nadu, India",2023,1,4
2023-01-14,Potato,Mettupalayam,Red Nanital,Local,4132.03,5029.55,4542.17,INR/quintal,"Coimbatore, Tamil Nadu, India",2023,1,5
2023-01-15,Potato,Singanallur,Other,Local,4398.5,5158.82,4744.97,INR/quintal,"Coimbatore, Tamil Nadu, India",2023,1,6
2023-01-16,Potato,Mettupalayam,Red Nanital,Local,4223.7,5136.15,4570.26,INR/quintal,"Coimbatore, Tamil Nadu, India",2023,1,0
2023-01-17,Potato,Singanallur,Red Nanital,Local,4155.62,5166.94,4663.71,INR/quintal,"Coimbatore, Tamil Nadu, India",2023,1,1
2023-01-18,Potato,RSPuram,Red Nanital,Local,4346.81,5331.04,4720.22,INR/quintal,"Coimbatore, Tamil Nadu, India",2023,1,2
2023-01-19,Potato,Singanallur,Red Nanital,Local,4324.02,5328.37,4707.32,INR/quintal,"Coimbatore, Tamil Nadu, India",2023,1,3
2023-01-20,Potato,RSPuram,Red Nanital,Local,4448.54,5493.96,4860.8,INR/quintal,"Coimbatore, Tamil Nadu, India",2023,1,4
2023-01-21,Potato,Mettupalayam,Red Nanital,Local,4745.71,5624.56,5178.14,INR/quintal,"Coimbatore, Tamil Nadu, India",2023,1,5
2023-01-22,Potato,Sulur,Red Nanital,Local,4575.29,5738.14,5082.98,INR/quintal,"Coimbatore, Tamil Nadu, India",2023,1,6
2023-01-23,Potato,Singanallur,Red Nanital,Local,4239.29,5224.89,4752.57,INR/quintal,"Coimbatore, Tamil Nadu, India",2023,1,0
2023-01-24,Potato,Udumalpet,Other,Local,4623.17,5673.95,5035.44,INR/quintal,"Coimbatore, Tamil Nadu, India",2023,1,1
2023-01-25,Potato,Sulur,Other,Local,4578.36,5596.44,4985.86,INR/quintal,"Coimbatore, Tamil Nadu, India",2023,1,2
2023-01-26,Potato,Sulur,Red Nanital,Local,4751.29,5800.31,5141.8,INR/quintal,"Coimbatore, Tamil Nadu, India",2023,1,3
2023-01-27,Potato,Singanallur,Red Nanital,Local,4671.4,5780.72,5175.54,INR/quintal,"Coimbatore, Tamil Nadu, India",2023,1,4
2023-01-28,Potato,Mettupalayam,Other,Local,4330.81,5367.17,4775.0,INR/quintal,"Coimbatore, Tamil Nadu, India",2023,1,5
2023-01-29,Potato,Mettupalayam,Other,Local,4734.78,5789.18,5272.16,INR/quintal,"Coimbatore, Tamil Nadu, India",2023,1,6
2023-01-30,Potato,Udumalpet,Other,Local,4400.98,5405.5,4758.58,INR/quintal,"Coimbatore, Tamil Nadu, India",2023,1,0
2023-01-31,Potato,Mettupalayam,Red Nanital,Local,4390.53,5396.61,4864.94,INR/quintal,"Coimbatore, Tamil Nadu, India",2023,1,1
2023-02-01,Potato,Sulur,Other,Local,4342.39,5294.33,4728.1,INR/quintal,"Coimbatore, Tamil Nadu, India",2023,2,2
2023-02-02,Potato,Singanallur,Other,Local,4480.24,5609.28,4971.28,INR/quintal,"Coimbatore, Tamil Nadu, India",2023,2,3
2023-02-03,Potato,Sulur,Other,Local,4434.86,5500.87,4971.94,INR/quintal,"Coimbatore, Tamil Nadu, India",2023,2,4
2023-02-04,Potato,Singanallur,Other,Local,4640.19,5548.4,5119.18,INR/quintal,"Coimbatore, Tamil Nadu, India",2023,2,5
2023-02-05,Potato,Sulur,Red Nanital,Local,4751.16,5682.09,5157.89,INR/quintal,"Coimbatore, Tamil Nadu, India",2023,2,6
2023-02-06,Potato,Sulur,Red Nanital,Local,4698.0,5744.89,5181.74,INR/quintal,"Coimbatore, Tamil Nadu, India",2023,2,0
2023-02-07,Potato,Mettupalayam,Other,Local,4528.27,5509.97,4937.78,INR/quintal,"Coimbatore, Tamil Nadu, India",2023,2,1
2023-02-08,Potato,Singanallur,Other,Local,4301.33,5140.45,4667.97,INR/quintal,"Coimbatore, Tamil Nadu, India",2023,2,2
2023-02-09,Potato,Singanallur,Other,Local,4638.45,5619.56,4977.43,INR/quintal,"Coimbatore, Tamil Nadu, India",2023,2,3
2023-02-10,Potato,Singanallur,Other,Local,4539.4,5435.47,5020.68,INR/quintal,"Coimbatore, Tamil Nadu, India",2023,2,4
2023-02-11,Potato,Singanallur,Other,Local,4410.41,5320.87,4791.22,INR/quintal,"Coimbatore, Tamil Nadu, India",2023,2,5
2023-02-12,Potato,Udumalpet,Red Nanital,Local,4853.31,5798.67,5192.0,INR/quintal,"Coimbatore, Tamil Nadu, India",2023,2,6
2023-02-13,Potato,Singanallur,Red Nanital,Local,4735.16,5606.8,5098.96,INR/quintal,"Coimbatore, Tamil Nadu, India",2023,2,0
2023-02-14,Potato,Mettupalayam,Red Nanital,Local,4905.5,5747.0,5277.75,INR/quintal,"Coimbatore, Tamil Nadu, India",2023,2,1
2023-02-15,Potato,Sulur,Other,Local,4363.26,5428.56,4861.29,INR/quintal,"Coimbatore, Tamil Nadu, India",2023,2,2
2023-02-16,Potato,Udumalpet,Other,Local,4581.42,5404.97,4933.6,INR/quintal,"Coimbatore, Tamil Nadu, India",2023,2,3
2023-02-17,Potato,Singanallur,Other,Local,5012.84,5903.77,5479.28,INR/quintal,"Coimbatore, Tamil Nadu, India",2023,2,4
2023-02-18,Potato,RSPuram,Other,Local,4549.17,5429.68,5013.31,INR/quintal,"Coimbatore, Tamil Nadu, India",2023,2,5
2023-02-19,Potato,Udumalpet,Red Nanital,Local,4444.29,5355.95,4918.95,INR/quintal,"Coimbatore, Tamil Nadu, India",2023,2,6
2023-02-20,Potato,RSPuram,Red Nanital,Local,4262.32,5284.91,4782.41,INR/quintal,"Coimbatore, Tamil Nadu, India",2023,2,0
2023-02-21,Potato,RSPuram,Red Nanital,Local,4714.35,5882.69,5247.05,INR/quintal,"Coimbatore, Tamil Nadu, India",2023,2,1
2023-02-22,Potato,Singanallur,Other,Local,4451.88,5581.63,4947.08,INR/quintal,"Coimbatore, Tamil Nadu, India",2023,2,2
2023-02-23,Potato,Mettupalayam,Other,Local,5009.72,5930.56,5406.87,INR/quintal,"Coimbatore, Tamil Nadu, India",2023,2,3
2023-02-24,Potato,Sulur,Red Nanital,Local,4815.23,5881.76,5252.71,INR/quintal,"Coimbatore, Tamil Nadu, India",2023,2,4
2023-02-25,Potato,Singanallur,Red Nanital,Local,4806.11,5687.18,5217.2,INR/quintal,"Coimbatore, Tamil Nadu, India",2023,2,5
2023-02-26,Potato,Singanallur,Red Nanital,Local,4759.0,5776.62,5296.39,INR/quintal,"Coimbatore, Tamil Nadu, India",2023,2,6
2023-02-27,Potato,Mettupalayam,Other,Local,4558.5,5591.24,4973.6,INR/quintal,"Coimbatore, Tamil Nadu, India",2023,2,0
2023-02-28,Potato,RSPuram,Other,Local,4676.8,5552.84,5029.27,INR/quintal,"Coimbatore, Tamil Nadu, India",2023,2,1
2023-03-01,Potato,Singanallur,Other,Local,4801.61,5797.29,5195.21,INR/quintal,"Coimbatore, Tamil Nadu, India",2023,3,2
2023-03-02,Potato,Singanallur,Other,Local,4720.68,5795.44,5254.28,INR/quintal,"Coimbatore, Tamil Nadu, India",2023,3,3
2023-03-03,Potato,Mettupalayam,Red Nanital,Local,4931.4,5807.18,5389.48,INR/quintal,"Coimbatore, Tamil Nadu, India",2023,3,4
2023-03-04,Potato,Singanallur,Other,Local,4461.24,5520.17,4908.79,INR/quintal,"Coimbatore, Tamil Nadu, India",2023,3,5
2023-03-05,Potato,Mettupalayam,Red Nanital,Local,4538.65,5631.13,5055.27,INR/quintal,"Coimbatore, Tamil Nadu, India",2023,3,6
2023-03-06,Potato,Mettupalayam,Red Nanital,Local,4851.64,6026.54,5383.63,INR/quintal,"Coimbatore, Tamil Nadu, India",2023,3,0
2023-03-07,Potato,Singanallur,Red Nanital,Local,4596.01,5764.94,5117.86,INR/quintal,"Coimbatore, Tamil Nadu, India",2023,3,1
2023-03-08,Potato,Udumalpet,Red Nanital,Local,4955.35,5772.45,5295.7,INR/quintal,"Coimbatore, Tamil Nadu, India",2023,3,2
2023-03-09,Potato,Mettupalayam,Other,Local,4599.59,5498.54,4976.21,INR/quintal,"Coimbatore, Tamil Nadu, India",2023,3,3
2023-03-10,Potato,Udumalpet,Other,Local,4501.44,5542.19,5015.37,INR/quintal,"Coimbatore, Tamil Nadu, India",2023,3,4
2023-03-11,Potato,Sulur,Other,Local,4666.75,5533.0,5075.02,INR/quintal,"Coimbatore, Tamil Nadu, India",2023,3,5
2023-03-12,Potato,RSPuram,Other,Local,4913.0,5862.6,5318.43,INR/quintal,"Coimbatore, Tamil Nadu, India",2023,3,6
2023-03-13,Potato,Udumalpet,Red Nanital,Local,4447.0,5342.25,4812.85,INR/quintal,"Coimbatore, Tamil Nadu, India",2023,3,0
2023-03-14,Potato,Sulur,Red Nanital,Local,4573.61,5543.25,5109.43,INR/quintal,"Coimbatore, Tamil Nadu, India",2023,3,1
2023-03-15,Potato,Singanallur,Red Nanital,Local,4726.78,5666.89,5180.91,INR/quintal,"Coimbatore, Tamil Nadu, India",2023,3,2
2023-03-16,Potato,Singanallur,Red Nanital,Local,4647.12,5662.94,5180.86,INR/quintal,"Coimbatore, Tamil Nadu, India",2023,3,3
2023-03-17,Potato,Mettupalayam,Red Nanital,Local,4838.04,5920.97,5262.57,INR/quintal,"Coimbatore, Tamil Nadu, India",2023,3,4
2023-03-18,Potato,RSPuram,Other,Local,4448.56,5303.34,4837.85,INR/quintal,"Coimbatore, Tamil Nadu, India",2023,3,5
2023-03-19,Potato,Mettupalayam,Red Nanital,Local,4750.25,5714.45,5152.61,INR/quintal,"Coimbatore, Tamil Nadu, India",2023,3,6
2023-03-20,Potato,RSPuram,Other,Local,4948.19,5791.45,5296.31,INR/quintal,"Coimbatore, Tamil Nadu, India",2023,3,0
2023-03-21,Potato,RSPuram,Other,Local,4786.8,5868.06,5277.69,INR/quintal,"Coimbatore, Tamil Nadu, India",2023,3,1
2023-03-22,Potato,RSPuram,Red Nanital,Local,4715.67,5694.02,5053.94,INR/quintal,"Coimbatore, Tamil Nadu, India",2023,3,2
2023-03-23,Potato,Singanallur,Other,Local,4877.96,5937.18,5365.75,INR/quintal,"Coimbatore, Tamil Nadu, India",2023,3,3
2023-03-24,Potato,Mettupalayam,Red Nanital,Local,4824.1,5953.18,5351.24,INR/quintal,"Coimbatore, Tamil Nadu, India",2023,3,4
2023-03-25,Potato,Udumalpet,Red Nanital,Local,4842.87,5669.47,5219.84,INR/quintal,"Coimbatore, Tamil Nadu, India",2023,3,5
2023-03-26,Potato,Udumalpet,Other,Local,4874.66,5993.27,5411.06,INR/quintal,"Coimbatore, Tamil Nadu, India",2023,3,6
2023-03-27,Potato,RSPuram,Other,Local,4777.95,5827.01,5195.8,INR/quintal,"Coimbatore, Tamil Nadu, India",2023,3,0
2023-03-28,Potato,Sulur,Red Nanital,Local,4840.3,5830.1,5265.34,INR/quintal,"Coimbatore, Tamil Nadu, India",2023,3,1
2023-03-29,Potato,Mettupalayam,Red Nanital,Local,4792.56,5776.18,5232.25,INR/quintal,"Coimbatore, Tamil Nadu, India",2023,3,2
2023-03-30,Potato,RSPuram,Other,Local,4688.04,5688.56,5125.73,INR/quintal,"Coimbatore, Tamil Nadu, India",2023,3,3
2023-03-31,Potato,RSPuram,Other,Local,4686.0,5762.13,5194.95,INR/quintal,"Coimbatore, Tamil Nadu, India",2023,3,4
2023-04-01,Potato,Udumalpet,Other,Local,4723.68,5640.31,5187.41,INR/quintal,"Coimbatore, Tamil Nadu, India",2023,4,5
2023-04-02,Potato,RSPuram,Red Nanital,Local,4543.48,5665.9,5023.49,INR/quintal,"Coimbatore, Tamil Nadu, India",2023,4,6
2023-04-03,Potato,Udumalpet,Other,Local,4465.15,5371.51,4935.7,INR/quintal,"Coimbatore, Tamil Nadu, India",2023,4,0
2023-04-04,Potato,RSPuram,Other,Local,4607.32,5563.26,5096.77,INR/quintal,"Coimbatore, Tamil Nadu, India",2023,4,1
2023-04-05,Potato,Sulur,Other,Local,4753.23,5862.05,5260.57,INR/quintal,"Coimbatore, Tamil Nadu, India",2023,4,2
2023-04-06,Potato,RSPuram,Red Nanital,Local,4615.24,5546.93,5123.79,INR/quintal,"Coimbatore, Tamil Nadu, India",2023,4,3
2023-04-07,Potato,RSPuram,Red Nanital,Local,5253.12,6368.07,5716.3,INR/quintal,"Coimbatore, Tamil Nadu, India",2023,4,4
2023-04-08,Potato,Udumalpet,Other,Local,4547.34,5461.39,4926.44,INR/quintal,"Coimbatore, Tamil Nadu, India",2023,4,5
2023-04-09,Potato,Singanallur,Other,Local,4780.76,5793.84,5304.44,INR/quintal,"Coimbatore, Tamil Nadu, India",2023,4,6
2023-04-10,Potato,Mettupalayam,Other,Local,4760.5,5720.0,5236.99,INR/quintal,"Coimbatore, Tamil Nadu, India",2023,4,0
2023-04-11,Potato,RSPuram,Other,Local,4761.87,5636.7,5214.44,INR/quintal,"Coimbatore, Tamil Nadu, India",2023,4,1
2023-04-12,Potato,RSPuram,Other,Local,4979.22,6070.25,5459.6,INR/quintal,"Coimbatore, Tamil Nadu, India",2023,4,2
2023-04-13,Potato,Mettupalayam,Other,Local,4646.63,5623.03,5170.04,INR/quintal,"Coimbatore, Tamil Nadu, India",2023,4,3
2023-04-14,Potato,RSPuram,Red Nanital,Local,4605.83,5657.48,5140.06,INR/quintal,"Coimbatore, Tamil Nadu, India",2023,4,4
2023-04-15,Potato,RSPuram,Other,Local,4536.6,5509.02,5063.88,INR/quintal,"Coimbatore, Tamil Nadu, India",2023,4,5
2023-04-16,Potato,Mettupalayam,Red Nanital,Local,4683.37,5644.06,5186.24,INR/quintal,"Coimbatore, Tamil Nadu, India",2023,4,6
2023-04-17,Potato,Sulur,Red Nanital,Local,4837.5,5988.88,5350.04,INR/quintal,"Coimbatore, Tamil Nadu, India",2023,4,0
2023-04-18,Potato,Udumalpet,Other,Local,5065.39,6158.1,5594.19,INR/quintal,"Coimbatore, Tamil Nadu, India",2023,4,1
2023-04-19,Potato,Mettupalayam,Red Nanital,Local,4358.75,5415.27,4825.42,INR/quintal,"Coimbatore, Tamil Nadu, India",2023,4,2
2023-04-20,Potato,Sulur,Other,Local,4735.16,5651.45,5223.89,INR/quintal,"Coimbatore, Tamil Nadu, India",2023,4,3
2023-04-21,Potato,Sulur,Other,Local,5156.71,6042.71,5560.25,INR/quintal,"Coimbatore, Tamil Nadu, India",2023,4,4
2023-04-22,Potato,RSPuram,Red Nanital,Local,4767.88,5834.68,5224.89,INR/quintal,"Coimbatore, Tamil Nadu, India",2023,4,5
2023-04-23,Potato,RSPuram,Other,Local,4758.72,5775.38,5168.87,INR/quintal,"Coimbatore, Tamil Nadu, India",2023,4,6
2023-04-24,Potato,Singanallur,Red Nanital,Local,4887.58,5929.53,5303.04,INR/quintal,"Coimbatore, Tamil Nadu, India",2023,4,0
2023-04-25,Potato,Mettupalayam,Other,Local,4540.57,5580.92,4947.41,INR/quintal,"Coimbatore, Tamil Nadu, India",2023,4,1
2023-04-26,Potato,Sulur,Red Nanital,Local,4904.12,5815.65,5268.34,INR/quintal,"Coimbatore, Tamil Nadu, India",2023,4,2
2023-04-27,Potato,Sulur,Red Nanital,Local,4864.88,5876.07,5226.33,INR/quintal,"Coimbatore, Tamil Nadu, India",2023,4,3
2023-04-28,Potato,Singanallur,Other,Local,4593.6,5712.08,5110.62,INR/quintal,"Coimbatore, Tamil Nadu, India",2023,4,4
2023-04-29,Potato,Mettupalayam,Other,Local,4211.66,5352.68,4735.65,INR/quintal,"Coimbatore, Tamil Nadu, India",2023,4,5
2023-04-30,Potato,Singanallur,Red Nanital,Local,4595.78,5513.23,5082.22,INR/quintal,"Coimbatore, Tamil Nadu, India",2023,4,6
2023-05-01,Potato,RSPuram,Red Nanital,Local,4912.65,6050.07,5427.49,INR/quintal,"Coimbatore, Tamil Nadu, India",2023,5,0
2023-05-02,Potato,Singanallur,Other,Local,4536.16,5601.67,4942.02,INR/quintal,"Coimbatore, Tamil Nadu, India",2023,5,1
2023-05-03,Potato,Mettupalayam,Red Nanital,Local,4707.5,5894.42,5244.45,INR/quintal,"Coimbatore, Tamil Nadu, India",2023,5,2
2023-05-04,Potato,Sulur,Other,Local,4642.3,5630.16,5098.97,INR/quintal,"Coimbatore, Tamil Nadu, India",2023,5,3
2023-05-05,Potato,Sulur,Red Nanital,Local,4839.79,5842.07,5209.57,INR/quintal,"Coimbatore, Tamil Nadu, India",2023,5,4
2023-05-06,Potato,RSPuram,Red Nanital,Local,4405.49,5426.95,4838.29,INR/quintal,"Coimbatore, Tamil Nadu, India",2023,5,5
2023-05-07,Potato,RSPuram,Red Nanital,Local,4513.06,5624.57,4971.27,INR/quintal,"Coimbatore, Tamil Nadu, India",2023,5,6
2023-05-08,Potato,Udumalpet,Red Nanital,Local,4703.28,5519.38,5053.2,INR/quintal,"Coimbatore, Tamil Nadu, India",2023,5,0
2023-05-09,Potato,Mettupalayam,Red Nanital,Local,4685.62,5499.42,5061.12,INR/quintal,"Coimbatore, Tamil Nadu, India",2023,5,1
2023-05-10,Potato,Sulur,Other,Local,4676.09,5697.29,5076.08,INR/quintal,"Coimbatore, Tamil Nadu, India",2023,5,2
2023-05-11,Potato,Sulur,Other,Local,4625.59,5670.68,5077.79,INR/quintal,"Coimbatore, Tamil Nadu, India",2023,5,3
2023-05-12,Potato,Singanallur,Red Nanital,Local,4487.19,5483.7,4844.49,INR/quintal,"Coimbatore, Tamil Nadu, India",2023,5,4
2023-05-13,Potato,Udumalpet,Red Nanital,Local,4279.09,5165.97,4622.63,INR/quintal,"Coimbatore, Tamil Nadu, India",2023,5,5
2023-05-14,Potato,Udumalpet,Red Nanital,Local,4963.68,5919.09,5317.73,INR/quintal,"Coimbatore, Tamil Nadu, India",2023,5,6
2023-05-15,Potato,Udumalpet,Other,Local,4875.62,5763.81,5224.34,INR/quintal,"Coimbatore, Tamil Nadu, India",2023,5,0
2023-05-16,Potato,Udumalpet,Other,Local,4773.39,5810.1,5217.69,INR/quintal,"Coimbatore, Tamil Nadu, India",2023,5,1
2023-05-17,Potato,Udumalpet,Other,Local,4622.81,5812.65,5155.87,INR/quintal,"Coimbatore, Tamil Nadu, India",2023,5,2
2023-05-18,Potato,Singanallur,Other,Local,4668.71,5705.6,5156.29,INR/quintal,"Coimbatore, Tamil Nadu, India",2023,5,3
2023-05-19,Potato,Mettupalayam,Other,Local,4556.96,5516.64,5009.17,INR/quintal,"Coimbatore, Tamil Nadu, India",2023,5,4
2023-05-20,Potato,RSPuram,Red Nanital,Local,4668.91,5619.06,5149.26,INR/quintal,"Coimbatore, Tamil Nadu, India",2023,5,5
2023-05-21,Potato,Sulur,Other,Local,4530.11,5481.64,4946.03,INR/quintal,"Coimbatore, Tamil Nadu, India",2023,5,6
2023-05-22,Potato,Mettupalayam,Red Nanital,Local,4575.77,5482.47,4952.84,INR/quintal,"Coimbatore, Tamil Nadu, India",2023,5,0
2023-05-23,Potato,RSPuram,Red Nanital,Local,4518.6,5484.73,5034.32,INR/quintal,"Coimbatore, Tamil Nadu, India",2023,5,1
2023-05-24,Potato,Mettupalayam,Other,Local,4751.38,5810.75,5287.61,INR/quintal,"Coimbatore, Tamil Nadu, India",2023,5,2
2023-05-25,Potato,Singanallur,Red Nanital,Local,4437.83,5270.99,4824.77,INR/quintal,"Coimbatore, Tamil Nadu, India",2023,5,3
2023-05-26,Potato,Sulur,Red Nanital,Local,4716.89,5781.46,5192.96,INR/quintal,"Coimbatore, Tamil Nadu, India",2023,5,4
2023-05-27,Potato,Udumalpet,Red Nanital,Local,4491.6,5591.46,5011.34,INR/quintal,"Coimbatore, Tamil Nadu, India",2023,5,5
2023-05-28,Potato,Mettupalayam,Other,Local,4518.1,5558.5,4914.31,INR/quintal,"Coimbatore, Tamil Nadu, India",2023,5,6
2023-05-29,Potato,Udumalpet,Other,Local,4373.4,5206.51,4735.47,INR/quintal,"Coimbatore, Tamil Nadu, India",2023,5,0
2023-05-30,Potato,Sulur,Red Nanital,Local,4743.0,5759.0,5107.83,INR/quintal,"Coimbatore, Tamil Nadu, India",2023,5,1
2023-05-31,Potato,RSPuram,Red Nanital,Local,4756.41,5772.71,5121.73,INR/quintal,"Coimbatore, Tamil Nadu, India",2023,5,2
2023-06-01,Potato,Mettupalayam,Other,Local,4306.9,5412.88,4830.18,INR/quintal,"Coimbatore, Tamil Nadu, India",2023,6,3
2023-06-02,Potato,Udumalpet,Red Nanital,Local,4621.53,5559.34,4961.66,INR/quintal,"Coimbatore, Tamil Nadu, India",2023,6,4
2023-06-03,Potato,Udumalpet,Red Nanital,Local,4474.97,5491.49,4967.13,INR/quintal,"Coimbatore, Tamil Nadu, India",2023,6,5
2023-06-04,Potato,Mettupalayam,Red Nanital,Local,4376.37,5406.49,4792.38,INR/quintal,"Coimbatore, Tamil Nadu, India",2023,6,6
2023-06-05,Potato,Singanallur,Red Nanital,Local,4261.36,5257.16,4724.14,INR/quintal,"Coimbatore, Tamil Nadu, India",2023,6,0
2023-06-06,Potato,RSPuram,Other,Local,4367.59,5303.64,4805.41,INR/quintal,"Coimbatore, Tamil Nadu, India",2023,6,1
2023-06-07,Potato,Mettupalayam,Red Nanital,Local,4232.14,5250.85,4699.86,INR/quintal,"Coimbatore, Tamil Nadu, India",2023,6,2
2023-06-08,Potato,Mettupalayam,Other,Local,4312.19,5327.95,4806.1,INR/quintal,"Coimbatore, Tamil Nadu, India",2023,6,3
2023-06-09,Potato,Mettupalayam,Red Nanital,Local,4156.95,5154.6,4579.96,INR/quintal,"Coimbatore, Tamil Nadu, India",2023,6,4
2023-06-10,Potato,Singanallur,Red Nanital,Local,4061.2,5125.08,4593.25,INR/quintal,"Coimbatore, Tamil Nadu, India",2023,6,5
2023-06-11,Potato,Udumalpet,Red Nanital,Local,4165.44,5125.19,4673.12,INR/quintal,"Coimbatore, Tamil Nadu, India",2023,6,6
2023-06-12,Potato,Udumalpet,Other,Local,4440.58,5421.69,4790.79,INR/quintal,"Coimbatore, Tamil Nadu, India",2023,6,0
2023-06-13,Potato,Sulur,Other,Local,4181.53,5261.94,4645.09,INR/quintal,"Coimbatore, Tamil Nadu, India",2023,6,1
2023-06-14,Potato,RSPuram,Red Nanital,Local,4686.96,5532.97,5087.09,INR/quintal,"Coimbatore, Tamil Nadu, India",2023,6,2
2023-06-15,Potato,RSPuram,Red Nanital,Local,4499.19,5443.47,4989.3,INR/quintal,"Coimbatore, Tamil Nadu, India",2023,6,3
2023-06-16,Potato,Singanallur,Other,Local,4134.95,5108.55,4537.47,INR/quintal,"Coimbatore, Tamil Nadu, India",2023,6,4
2023-06-17,Potato,Mettupalayam,Other,Local,4295.08,5424.65,4801.6,INR/quintal,"Coimbatore, Tamil Nadu, India",2023,6,5
2023-06-18,Potato,Mettupalayam,Other,Local,4512.58,5431.46,4946.06,INR/quintal,"Coimbatore, Tamil Nadu, India",2023,6,6
2023-06-19,Potato,Udumalpet,Red Nanital,Local,4443.71,5441.84,4911.91,INR/quintal,"Coimbatore, Tamil Nadu, India",2023,6,0
2023-06-20,Potato,Mettupalayam,Red Nanital,Local,4301.82,5313.76,4749.22,INR/quintal,"Coimbatore, Tamil Nadu, India",2023,6,1
2023-06-21,Potato,Singanallur,Other,Local,4375.61,5282.35,4858.41,INR/quintal,"Coimbatore, Tamil Nadu, India",2023,6,2
2023-06-22,Potato,RSPuram,Red Nanital,Local,4115.34,5116.28,4617.5,INR/quintal,"Coimbatore, Tamil Nadu, India",2023,6,3
2023-06-23,Potato,Singanallur,Other,Local,4293.37,5314.99,4761.49,INR/quintal,"Coimbatore, Tamil Nadu, India",2023,6,4
2023-06-24,Potato,Sulur,Other,Local,3965.59,5136.87,4501.29,INR/quintal,"Coimbatore, Tamil Nadu, India",2023,6,5
2023-06-25,Potato,Singanallur,Red Nanital,Local,4255.5,5053.7,4600.89,INR/quintal,"Coimbatore, Tamil Nadu, India",2023,6,6
2023-06-26,Potato,Mettupalayam,Red Nanital,Local,4330.56,5307.84,4748.21,INR/quintal,"Coimbatore, Tamil Nadu, India",2023,6,0
2023-06-27,Potato,Udumalpet,Other,Local,4601.32,5544.43,4994.55,INR/quintal,"Coimbatore, Tamil Nadu, India",2023,6,1
2023-06-28,Potato,Mettupalayam,Red Nanital,Local,4372.92,5387.18,4843.17,INR/quintal,"Coimbatore, Tamil Nadu, India",2023,6,2
2023-06-29,Potato,Udumalpet,Other,Local,4164.47,5337.82,4677.91,INR/quintal,"Coimbatore, Tamil Nadu, India",2023,6,3
2023-06-30,Potato,Sulur,Red Nanital,Local,3841.48,4897.12,4281.81,INR/quintal,"Coimbatore, Tamil Nadu, India",2023,6,4
2023-07-01,Potato,Udumalpet,Red Nanital,Local,4307.63,5143.28,4704.62,INR/quintal,"Coimbatore, Tamil Nadu, India",2023,7,5
2023-07-02,Potato,Udumalpet,Red Nanital,Local,4534.72,5447.67,4917.05,INR/quintal,"Coimbatore, Tamil Nadu, India",2023,7,6
2023-07-03,Potato,Mettupalayam,Other,Local,3984.2,4911.2,4473.94,INR/quintal,"Coimbatore, Tamil Nadu, India",2023,7,0
2023-07-04,Potato,Mettupalayam,Other,Local,4034.94,5015.16,4395.69,INR/quintal,"Coimbatore, Tamil Nadu, India",2023,7,1
2023-07-05,Potato,Mettupalayam,Other,Local,4130.65,4932.46,4479.26,INR/quintal,"Coimbatore, Tamil Nadu, India",2023,7,2
2023-07-06,Potato,RSPuram,Other,Local,3850.59,4671.68,4196.28,INR/quintal,"Coimbatore, Tamil Nadu, India",2023,7,3
2023-07-07,Potato,Sulur,Other,Local,3982.67,4945.22,4405.5,INR/quintal,"Coimbatore, Tamil Nadu, India",2023,7,4
2023-07-08,Potato,Udumalpet,Other,Local,4214.21,5158.13,4626.53,INR/quintal,"Coimbatore, Tamil Nadu, India",2023,7,5
2023-07-09,Potato,RSPuram,Red Nanital,Local,3975.65,4922.18,4315.33,INR/quintal,"Coimbatore, Tamil Nadu, India",2023,7,6
2023-07-10,Potato,Mettupalayam,Other,Local,4009.23,5130.02,4527.87,INR/quintal,"Coimbatore, Tamil Nadu, India",2023,7,0
2023-07-11,Potato,Mettupalayam,Red Nanital,Local,3943.91,4908.75,4466.2,INR/quintal,"Coimbatore, Tamil Nadu, India",2023,7,1
2023-07-12,Potato,Sulur,Red Nanital,Local,3864.49,4653.33,4203.24,INR/quintal,"Coimbatore, Tamil Nadu, India",2023,7,2
2023-07-13,Potato,Mettupalayam,Red Nanital,Local,3797.49,4955.99,4332.23,INR/quintal,"Coimbatore, Tamil Nadu, India",2023,7,3
2023-07-14,Potato,Singanallur,Other,Local,4103.62,4988.48,4566.37,INR/quintal,"Coimbatore, Tamil Nadu, India",2023,7,4
2023-07-15,Potato,RSPuram,Red Nanital,Local,4007.56,4941.08,4454.2,INR/quintal,"Coimbatore, Tamil Nadu, India",2023,7,5
2023-07-16,Potato,Udumalpet,Red Nanital,Local,3896.31,4799.49,4243.7,INR/quintal,"Coimbatore, Tamil Nadu, India",2023,7,6
2023-07-17,Potato,Udumalpet,Other,Local,3783.4,4727.42,4199.31,INR/quintal,"Coimbatore, Tamil Nadu, India",2023,7,0
2023-07-18,Potato,Sulur,Other,Local,3964.66,4946.8,4362.78,INR/quintal,"Coimbatore, Tamil Nadu, India",2023,7,1
2023-07-19,Potato,Mettupalayam,Red Nanital,Local,3767.12,4933.47,4292.5,INR/quintal,"Coimbatore, Tamil Nadu, India",2023,7,2
2023-07-20,Potato,RSPuram,Other,Local,3968.43,5038.67,4459.38,INR/quintal,"Coimbatore, Tamil Nadu, India",2023,7,3
2023-07-21,Potato,Udumalpet,Red Nanital,Local,3807.47,4799.22,4225.31,INR/quintal,"Coimbatore, Tamil Nadu, India",2023,7,4
2023-07-22,Potato,Mettupalayam,Other,Local,4048.9,5092.61,4449.8,INR/quintal,"Coimbatore, Tamil Nadu, India",2023,7,5
2023-07-23,Potato,RSPuram,Red Nanital,Local,3736.27,4883.17,4223.81,INR/quintal,"Coimbatore, Tamil Nadu, India",2023,7,6
2023-07-24,Potato,Singanallur,Red Nanital,Local,3663.76,4785.88,4166.86,INR/quintal,"Coimbatore, Tamil Nadu, India",2023,7,0
2023-07-25,Potato,Mettupalayam,Red Nanital,Local,3837.5,4808.22,4207.96,INR/quintal,"Coimbatore, Tamil Nadu, India",2023,7,1
2023-07-26,Potato,RSPuram,Other,Local,3500.24,4501.11,3997.83,INR/quintal,"Coimbatore, Tamil Nadu, India",2023,7,2
2023-07-27,Potato,Udumalpet,Other,Local,3849.22,4794.91,4277.34,INR/quintal,"Coimbatore, Tamil Nadu, India",2023,7,3
2023-07-28,Potato,Mettupalayam,Other,Local,3945.07,4840.41,4308.84,INR/quintal,"Coimbatore, Tamil Nadu, India",2023,7,4
2023-07-29,Potato,Udumalpet,Red Nanital,Local,3748.58,4754.44,4153.8,INR/quintal,"Coimbatore, Tamil Nadu, India",2023,7,5
2023-07-30,Potato,Sulur,Red Nanital,Local,3880.5,4840.75,4253.07,INR/quintal,"Coimbatore, Tamil Nadu, India",2023,7,6
2023-07-31,Potato,Udumalpet,Other,Local,3645.52,4595.81,4064.22,INR/quintal,"Coimbatore, Tamil Nadu, India",2023,7,0
2023-08-01,Potato,Mettupalayam,Red Nanital,Local,3902.8,4938.69,4280.88,INR/quintal,"Coimbatore, Tamil Nadu, India",2023,8,1
2023-08-02,Potato,Udumalpet,Red Nanital,Local,3655.92,4563.89,4037.54,INR/quintal,"Coimbatore, Tamil Nadu, India",2023,8,2
2023-08-03,Potato,Singanallur,Other,Local,3824.53,4808.46,4260.81,INR/quintal,"Coimbatore, Tamil Nadu, India",2023,8,3
2023-08-04,Potato,Sulur,Red Nanital,Local,3857.1,4801.86,4321.33,INR/quintal,"Coimbatore, Tamil Nadu, India",2023,8,4
2023-08-05,Potato,Sulur,Red Nanital,Local,3378.58,4288.27,3790.91,INR/quintal,"Coimbatore, Tamil Nadu, India",2023,8,5
2023-08-06,Potato,Sulur,Other,Local,3734.63,4725.73,4097.54,INR/quintal,"Coimbatore, Tamil Nadu, India",2023,8,6
2023-08-07,Potato,RSPuram,Other,Local,3912.34,4972.97,4350.91,INR/quintal,"Coimbatore, Tamil Nadu, India",2023,8,0
2023-08-08,Potato,Mettupalayam,Red Nanital,Local,3784.9,4634.98,4186.68,INR/quintal,"Coimbatore, Tamil Nadu, India",2023,8,1
2023-08-09,Potato,Udumalpet,Other,Local,4001.27,4952.78,4339.26,INR/quintal,"Coimbatore, Tamil Nadu, India",2023,8,2
2023-08-10,Potato,Sulur,Other,Local,3741.37,4660.75,4196.87,INR/quintal,"Coimbatore, Tamil Nadu, India",2023,8,3
2023-08-11,Potato,Sulur,Other,Local,3255.46,4112.99,3636.83,INR/quintal,"Coimbatore, Tamil Nadu, India",2023,8,4
2023-08-12,Potato,RSPuram,Red Nanital,Local,3452.75,4471.8,3891.2,INR/quintal,"Coimbatore, Tamil Nadu, India",2023,8,5
2023-08-13,Potato,RSPuram,Red Nanital,Local,3869.31,4842.71,4333.35,INR/quintal,"Coimbatore, Tamil Nadu, India",2023,8,6
2023-08-14,Potato,RSPuram,Other,Local,3802.72,4800.13,4241.48,INR/quintal,"Coimbatore, Tamil Nadu, India",2023,8,0
2023-08-15,Potato,Mettupalayam,Red Nanital,Local,3743.15,4751.23,4260.92,INR/quintal,"Coimbatore, Tamil Nadu, India",2023,8,1
2023-08-16,Potato,RSPuram,Red Nanital,Local,3497.34,4669.54,4028.03,INR/quintal,"Coimbatore, Tamil Nadu, India",2023,8,2
2023-08-17,Potato,Mettupalayam,Red Nanital,Local,3418.9,4322.68,3852.61,INR/quintal,"Coimbatore, Tamil Nadu, India",2023,8,3
2023-08-18,Potato,Udumalpet,Red Nanital,Local,3899.71,4915.16,4384.95,INR/quintal,"Coimbatore, Tamil Nadu, India",2023,8,4
2023-08-19,Potato,RSPuram,Red Nanital,Local,3594.33,4543.23,3961.99,INR/quintal,"Coimbatore, Tamil Nadu, India",2023,8,5
2023-08-20,Potato,Sulur,Other,Local,3862.7,4780.78,4277.16,INR/quintal,"Coimbatore, Tamil Nadu, India",2023,8,6
2023-08-21,Potato,RSPuram,Other,Local,3483.82,4525.19,3917.03,INR/quintal,"Coimbatore, Tamil Nadu, India",2023,8,0
2023-08-22,Potato,Singanallur,Other,Local,3492.07,4509.86,4017.93,INR/quintal,"Coimbatore, Tamil Nadu, India",2023,8,1
2023-08-23,Potato,Sulur,Red Nanital,Local,3420.19,4405.07,3820.45,INR/quintal,"Coimbatore, Tamil Nadu, India",2023,8,2
2023-08-24,Potato,RSPuram,Other,Local,4113.27,5109.17,4480.29,INR/quintal,"Coimbatore, Tamil Nadu, India",2023,8,3
2023-08-25,Potato,Udumalpet,Red Nanital,Local,3588.7,4488.64,4011.04,INR/quintal,"Coimbatore, Tamil Nadu, India",2023,8,4
2023-08-26,Potato,Mettupalayam,Other,Local,3285.23,4306.85,3699.76,INR/quintal,"Coimbatore, Tamil Nadu, India",2023,8,5
2023-08-27,Potato,Sulur,Other,Local,3696.69,4674.12,4082.23,INR/quintal,"Coimbatore, Tamil Nadu, India",2023,8,6
2023-08-28,Potato,Mettupalayam,Red Nanital,Local,3253.51,4141.06,3626.22,INR/quintal,"Coimbatore, Tamil Nadu, India",2023,8,0
2023-08-29,Potato,Sulur,Other,Local,3426.84,4448.71,3956.63,INR/quintal,"Coimbatore, Tamil Nadu, India",2023,8,1
2023-08-30,Potato,Sulur,Red Nanital,Local,3710.83,4609.24,4146.74,INR/quintal,"Coimbatore, Tamil Nadu, India",2023,8,2
2023-08-31,Potato,Singanallur,Red Nanital,Local,3437.36,4250.52,3829.63,INR/quintal,"Coimbatore, Tamil Nadu, India",2023,8,3
2023-09-01,Potato,RSPuram,Other,Local,3615.3,4648.41,4031.67,INR/quintal,"Coimbatore, Tamil Nadu, India",2023,9,4
2023-09-02,Potato,Mettupalayam,Red Nanital,Local,3464.4,4284.55,3826.93,INR/quintal,"Coimbatore, Tamil Nadu, India",2023,9,5
2023-09-03,Potato,Mettupalayam,Red Nanital,Local,3508.1,4478.03,3999.55,INR/quintal,"Coimbatore, Tamil Nadu, India",2023,9,6
2023-09-04,Potato,Sulur,Red Nanital,Local,3665.63,4611.59,4163.82,INR/quintal,"Coimbatore, Tamil Nadu, India",2023,9,0
2023-09-05,Potato,Udumalpet,Other,Local,3736.75,4593.44,4127.84,INR/quintal,"Coimbatore, Tamil Nadu, India",2023,9,1
2023-09-06,Potato,Mettupalayam,Red Nanital,Local,3135.62,4093.6,3526.15,INR/quintal,"Coimbatore, Tamil Nadu, India",2023,9,2
2023-09-07,Potato,RSPuram,Other,Local,3517.98,4471.79,3855.56,INR/quintal,"Coimbatore, Tamil Nadu, India",2023,9,3
2023-09-08,Potato,Udumalpet,Red Nanital,Local,3675.75,4663.16,4019.32,INR/quintal,"Coimbatore, Tamil Nadu, India",2023,9,4
2023-09-09,Potato,Singanallur,Red Nanital,Local,3342.79,4225.76,3715.48,INR/quintal,"Coimbatore, Tamil Nadu, India",2023,9,5
2023-09-10,Potato,Mettupalayam,Red Nanital,Local,3911.22,4915.78,4290.62,INR/quintal,"Coimbatore, Tamil Nadu, India",2023,9,6
2023-09-11,Potato,RSPuram,Other,Local,3390.45,4305.06,3805.87,INR/quintal,"Coimbatore, Tamil Nadu, India",2023,9,0
2023-09-12,Potato,Sulur,Other,Local,3581.3,4618.64,4088.85,INR/quintal,"Coimbatore, Tamil Nadu, India",2023,9,1
2023-09-13,Potato,Mettupalayam,Red Nanital,Local,3166.64,4106.66,3594.29,INR/quintal,"Coimbatore, Tamil Nadu, India",2023,9,2
2023-09-14,Potato,Mettupalayam,Red Nanital,Local,3790.28,4716.02,4216.94,INR/quintal,"Coimbatore, Tamil Nadu, India",2023,9,3
2023-09-15,Potato,Sulur,Red Nanital,Local,3504.81,4434.53,3880.67,INR/quintal,"Coimbatore, Tamil Nadu, India",2023,9,4
2023-09-16,Potato,Udumalpet,Red Nanital,Local,3714.59,4760.54,4197.47,INR/quintal,"Coimbatore, Tamil Nadu, India",2023,9,5
2023-09-17,Potato,Sulur,Other,Local,3261.36,4071.9,3641.55,INR/quintal,"Coimbatore, Tamil Nadu, India",2023,9,6
2023-09-18,Potato,Mettupalayam,Red Nanital,Local,3649.7,4824.28,4184.24,INR/quintal,"Coimbatore, Tamil Nadu, India",2023,9,0
2023-09-19,Potato,Mettupalayam,Other,Local,3311.73,4343.2,3708.41,INR/quintal,"Coimbatore, Tamil Nadu, India",2023,9,1
2023-09-20,Potato,Udumalpet,Other,Local,3999.27,4831.82,4385.4,INR/quintal,"Coimbatore, Tamil Nadu, India",2023,9,2
2023-09-21,Potato,RSPuram,Red Nanital,Local,3452.07,4476.91,3969.53,INR/quintal,"Coimbatore, Tamil Nadu, India",2023,9,3
2023-09-22,Potato,Udumalpet,Red Nanital,Local,3342.34,4278.03,3819.12,INR/quintal,"Coimbatore, Tamil Nadu, India",2023,9,4
2023-09-23,Potato,Singanallur,Other,Local,3267.12,4172.13,3647.63,INR/quintal,"Coimbatore, Tamil Nadu, India",2023,9,5
2023-09-24,Potato,Mettupalayam,Other,Local,3525.58,4392.99,3908.94,INR/quintal,"Coimbatore, Tamil Nadu, India",2023,9,6
2023-09-25,Potato,Udumalpet,Other,Local,3529.85,4553.86,3910.41,INR/quintal,"Coimbatore, Tamil Nadu, India",2023,9,0
2023-09-26,Potato,Sulur,Other,Local,3601.24,4429.34,3978.73,INR/quintal,"Coimbatore, Tamil Nadu, India",2023,9,1
2023-09-27,Potato,RSPuram,Other,Local,3273.03,4332.56,3797.52,INR/quintal,"Coimbatore, Tamil Nadu, India",2023,9,2
2023-09-28,Potato,Singanallur,Red Nanital,Local,3669.67,4475.97,4047.3,INR/quintal,"Coimbatore, Tamil Nadu, India",2023,9,3
2023-09-29,Potato,Mettupalayam,Red Nanital,Local,3429.64,4465.34,3886.33,INR/quintal,"Coimbatore, Tamil Nadu, India",2023,9,4
2023-09-30,Potato,Singanallur,Red Nanital,Local,3683.77,4493.68,4043.06,INR/quintal,"Coimbatore, Tamil Nadu, India",2023,9,5
2023-10-01,Potato,Singanallur,Red Nanital,Local,3359.43,4217.04,3719.06,INR/quintal,"Coimbatore, Tamil Nadu, India",2023,10,6
2023-10-02,Potato,Singanallur,Red Nanital,Local,3447.55,4308.0,3887.76,INR/quintal,"Coimbatore, Tamil Nadu, India",2023,10,0
2023-10-03,Potato,RSPuram,Other,Local,3759.15,4786.88,4183.26,INR/quintal,"Coimbatore, Tamil Nadu, India",2023,10,1
2023-10-04,Potato,Mettupalayam,Red Nanital,Local,3292.12,4135.03,3709.91,INR/quintal,"Coimbatore, Tamil Nadu, India",2023,10,2
2023-10-05,Potato,Sulur,Other,Local,3452.72,4462.23,3862.2,INR/quintal,"Coimbatore, Tamil Nadu, India",2023,10,3
2023-10-06,Potato,Sulur,Red Nanital,Local,3398.4,4464.2,3930.75,INR/quintal,"Coimbatore, Tamil Nadu, India",2023,10,4
2023-10-07,Potato,Udumalpet,Other,Local,3653.09,4694.71,4154.75,INR/quintal,"Coimbatore, Tamil Nadu, India",2023,10,5
2023-10-08,Potato,Singanallur,Other,Local,3539.42,4485.12,3921.29,INR/quintal,"Coimbatore, Tamil Nadu, India",2023,10,6
2023-10-09,Potato,Singanallur,Red Nanital,Local,4044.21,5012.41,4426.23,INR/quintal,"Coimbatore, Tamil Nadu, India",2023,10,0
2023-10-10,Potato,Mettupalayam,Red Nanital,Local,3445.36,4516.33,3946.59,INR/quintal,"Coimbatore, Tamil Nadu, India",2023,10,1
2023-10-11,Potato,Udumalpet,Red Nanital,Local,3562.06,4543.13,3945.35,INR/quintal,"Coimbatore, Tamil Nadu, India",2023,10,2
2023-10-12,Potato,Mettupalayam,Red Nanital,Local,3407.41,4261.85,3838.63,INR/quintal,"Coimbatore, Tamil Nadu, India",2023,10,3
2023-10-13,Potato,Udumalpet,Red Nanital,Local,3615.03,4457.45,3967.21,INR/quintal,"Coimbatore, Tamil Nadu, India",2023,10,4
2023-10-14,Potato,Mettupalayam,Red Nanital,Local,3705.16,4645.04,4210.95,INR/quintal,"Coimbatore, Tamil Nadu, India",2023,10,5
2023-10-15,Potato,Mettupalayam,Red Nanital,Local,3717.93,4496.34,4067.11,INR/quintal,"Coimbatore, Tamil Nadu, India",2023,10,6
2023-10-16,Potato,Sulur,Other,Local,3356.6,4314.02,3779.65,INR/quintal,"Coimbatore, Tamil Nadu, India",2023,10,0
2023-10-17,Potato,Singanallur,Other,Local,3573.93,4603.67,3972.15,INR/quintal,"Coimbatore, Tamil Nadu, India",2023,10,1
2023-10-18,Potato,Udumalpet,Red Nanital,Local,3836.54,4887.71,4247.1,INR/quintal,"Coimbatore, Tamil Nadu, India",2023,10,2
2023-10-19,Potato,Singanallur,Red Nanital,Local,3621.08,4543.8,4033.07,INR/quintal,"Coimbatore, Tamil Nadu, India",2023,10,3
2023-10-20,Potato,Singanallur,Red Nanital,Local,3507.47,4389.77,3963.72,INR/quintal,"Coimbatore, Tamil Nadu, India",2023,10,4
2023-10-21,Potato,RSPuram,Other,Local,3294.9,4248.15,3728.58,INR/quintal,"Coimbatore, Tamil Nadu, India",2023,10,5
2023-10-22,Potato,RSPuram,Red Nanital,Local,3506.8,4475.18,3892.64,INR/quintal,"Coimbatore, Tamil Nadu, India",2023,10,6
2023-10-23,Potato,RSPuram,Red Nanital,Local,3642.61,4735.58,4127.56,INR/quintal,"Coimbatore, Tamil Nadu, India",2023,10,0
2023-10-24,Potato,Sulur,Red Nanital,Local,3517.17,4611.22,4016.76,INR/quintal,"Coimbatore, Tamil Nadu, India",2023,10,1
2023-10-25,Potato,Sulur,Other,Local,3685.88,4640.34,4024.11,INR/quintal,"Coimbatore, Tamil Nadu, India",2023,10,2
2023-10-26,Potato,Singanallur,Red Nanital,Local,3581.51,4555.13,3919.08,INR/quintal,"Coimbatore, Tamil Nadu, India",2023,10,3
2023-10-27,Potato,Udumalpet,Red Nanital,Local,3122.87,4096.73,3661.39,INR/quintal,"Coimbatore, Tamil Nadu, India",2023,10,4
2023-10-28,Potato,Sulur,Red Nanital,Local,3724.44,4806.02,4222.82,INR/quintal,"Coimbatore, Tamil Nadu, India",2023,10,5
2023-10-29,Potato,Sulur,Other,Local,3485.49,4668.48,4011.86,INR/quintal,"Coimbatore, Tamil Nadu, India",2023,10,6
2023-10-30,Potato,Mettupalayam,Red Nanital,Local,3447.35,4398.22,3931.3,INR/quintal,"Coimbatore, Tamil Nadu, India",2023,10,0
2023-10-31,Potato,Sulur,Red Nanital,Local,3544.88,4574.96,4065.24,INR/quintal,"Coimbatore, Tamil Nadu, India",2023,10,1
2023-11-01,Potato,Singanallur,Other,Local,3593.75,4722.07,4132.27,INR/quintal,"Coimbatore, Tamil Nadu, India",2023,11,2
2023-11-02,Potato,Singanallur,Other,Local,3515.73,4523.15,3970.7,INR/quintal,"Coimbatore, Tamil Nadu, India",2023,11,3
2023-11-03,Potato,RSPuram,Other,Local,3531.48,4596.26,3963.78,INR/quintal,"Coimbatore, Tamil Nadu, India",2023,11,4
2023-11-04,Potato,RSPuram,Red Nanital,Local,3476.78,4394.04,3904.71,INR/quintal,"Coimbatore, Tamil Nadu, India",2023,11,5
2023-11-05,Potato,Mettupalayam,Other,Local,4076.02,5148.18,4542.34,INR/quintal,"Coimbatore, Tamil Nadu, India",2023,11,6
2023-11-06,Potato,Singanallur,Other,Local,3425.51,4300.76,3848.24,INR/quintal,"Coimbatore, Tamil Nadu, India",2023,11,0
2023-11-07,Potato,Mettupalayam,Other,Local,3778.36,4704.63,4151.69,INR/quintal,"Coimbatore, Tamil Nadu, India",2023,11,1
2023-11-08,Potato,Sulur,Red Nanital,Local,3623.68,4561.29,3968.77,INR/quintal,"Coimbatore, Tamil Nadu, India",2023,11,2
2023-11-09,Potato,Mettupalayam,Red Nanital,Local,3933.42,4782.14,4345.4,INR/quintal,"Coimbatore, Tamil Nadu, India",2023,11,3
2023-11-10,Potato,Sulur,Other,Local,3142.87,4188.09,3616.72,INR/quintal,"Coimbatore, Tamil Nadu, India",2023,11,4
2023-11-11,Potato,Singanallur,Other,Local,3699.0,4701.81,4183.54,INR/quintal,"Coimbatore, Tamil Nadu, India",2023,11,5
2023-11-12,Potato,Sulur,Other,Local,3675.61,4675.11,4049.09,INR/quintal,"Coimbatore, Tamil Nadu, India",2023,11,6
2023-11-13,Potato,Sulur,Red Nanital,Local,3646.15,4431.41,4004.75,INR/quintal,"Coimbatore, Tamil Nadu, India",2023,11,0
2023-11-14,Potato,Sulur,Other,Local,3746.12,4868.35,4227.36,INR/quintal,"Coimbatore, Tamil Nadu, India",2023,11,1
2023-11-15,Potato,Udumalpet,Red Nanital,Local,3495.52,4433.29,4011.12,INR/quintal,"Coimbatore, Tamil Nadu, India",2023,11,2
2023-11-16,Potato,Singanallur,Other,Local,3491.86,4682.75,4027.75,INR/quintal,"Coimbatore, Tamil Nadu, India",2023,11,3
2023-11-17,Potato,Sulur,Other,Local,3835.44,4731.32,4207.33,INR/quintal,"Coimbatore, Tamil Nadu, India",2023,11,4
2023-11-18,Potato,Udumalpet,Other,Local,4023.01,4907.03,4422.23,INR/quintal,"Coimbatore, Tamil Nadu, India",2023,11,5
2023-11-19,Potato,RSPuram,Other,Local,3415.82,4420.34,3778.43,INR/quintal,"Coimbatore, Tamil Nadu, India",2023,11,6
2023-11-20,Potato,Mettupalayam,Other,Local,3352.29,4275.65,3727.97,INR/quintal,"Coimbatore, Tamil Nadu, India",2023,11,0
2023-11-21,Potato,Udumalpet,Other,Local,3929.51,4804.62,4371.37,INR/quintal,"Coimbatore, Tamil Nadu, India",2023,11,1
2023-11-22,Potato,Udumalpet,Red Nanital,Local,3690.71,4615.82,4076.1,INR/quintal,"Coimbatore, Tamil Nadu, India",2023,11,2
2023-11-23,Potato,Sulur,Other,Local,3799.73,4939.57,4330.01,INR/quintal,"Coimbatore, Tamil Nadu, India",2023,11,3
2023-11-24,Potato,Mettupalayam,Red Nanital,Local,3859.91,4854.58,4397.68,INR/quintal,"Coimbatore, Tamil Nadu, India",2023,11,4
2023-11-25,Potato,Singanallur,Red Nanital,Local,3752.25,4703.25,4164.13,INR/quintal,"Coimbatore, Tamil Nadu, India",2023,11,5
2023-11-26,Potato,Udumalpet,Other,Local,3993.13,4825.03,4394.89,INR/quintal,"Coimbatore, Tamil Nadu, India",2023,11,6
2023-11-27,Potato,Sulur,Other,Local,4144.35,5005.25,4501.93,INR/quintal,"Coimbatore, Tamil Nadu, India",2023,11,0
2023-11-28,Potato,Mettupalayam,Other,Local,3906.13,4751.59,4255.34,INR/quintal,"Coimbatore, Tamil Nadu, India",2023,11,1
2023-11-29,Potato,Sulur,Red Nanital,Local,3876.16,4918.73,4303.72,INR/quintal,"Coimbatore, Tamil Nadu, India",2023,11,2
2023-11-30,Potato,Sulur,Red Nanital,Local,3823.13,4733.22,4319.79,INR/quintal,"Coimbatore, Tamil Nadu, India",2023,11,3
2023-12-01,Potato,Singanallur,Other,Local,4185.26,5032.24,4577.95,INR/quintal,"Coimbatore, Tamil Nadu, India",2023,12,4
2023-12-02,Potato,Singanallur,Other,Local,3627.42,4511.83,4037.96,INR/quintal,"Coimbatore, Tamil Nadu, India",2023,12,5
2023-12-03,Potato,Sulur,Red Nanital,Local,3777.52,4623.34,4146.96,INR/quintal,"Coimbatore, Tamil Nadu, India",2023,12,6
2023-12-04,Potato,Singanallur,Red Nanital,Local,3618.12,4563.88,4092.64,INR/quintal,"Coimbatore, Tamil Nadu, India",2023,12,0
2023-12-05,Potato,Mettupalayam,Red Nanital,Local,4105.81,5068.86,4506.47,INR/quintal,"Coimbatore, Tamil Nadu, India",2023,12,1
2023-12-06,Potato,Mettupalayam,Red Nanital,Local,3744.41,4824.59,4181.0,INR/quintal,"Coimbatore, Tamil Nadu, India",2023,12,2
2023-12-07,Potato,Udumalpet,Red Nanital,Local,4073.03,5096.08,4463.59,INR/quintal,"Coimbatore, Tamil Nadu, India",2023,12,3
2023-12-08,Potato,Mettupalayam,Red Nanital,Local,3998.21,5018.12,4438.33,INR/quintal,"Coimbatore, Tamil Nadu, India",2023,12,4
2023-12-09,Potato,Mettupalayam,Red Nanital,Local,3712.32,4650.63,4227.79,INR/quintal,"Coimbatore, Tamil Nadu, India",2023,12,5
2023-12-10,Potato,RSPuram,Red Nanital,Local,4648.57,5621.41,5019.44,INR/quintal,"Coimbatore, Tamil Nadu, India",2023,12,6
2023-12-11,Potato,RSPuram,Red Nanital,Local,3922.66,5036.05,4455.39,INR/quintal,"Coimbatore, Tamil Nadu, India",2023,12,0
2023-12-12,Potato,Udumalpet,Red Nanital,Local,3932.44,4792.61,4290.72,INR/quintal,"Coimbatore, Tamil Nadu, India",2023,12,1
2023-12-13,Potato,Singanallur,Other,Local,4313.06,5232.96,4651.88,INR/quintal,"Coimbatore, Tamil Nadu, India",2023,12,2
2023-12-14,Potato,Udumalpet,Other,Local,4015.1,5046.0,4541.68,INR/quintal,"Coimbatore, Tamil Nadu, India",2023,12,3
2023-12-15,Potato,Mettupalayam,Other,Local,3859.67,4910.27,4350.24,INR/quintal,"Coimbatore, Tamil Nadu, India",2023,12,4
2023-12-16,Potato,Udumalpet,Red Nanital,Local,3874.97,4942.52,4385.96,INR/quintal,"Coimbatore, Tamil Nadu, India",2023,12,5
2023-12-17,Potato,RSPuram,Red Nanital,Local,3770.17,4886.22,4295.42,INR/quintal,"Coimbatore, Tamil Nadu, India",2023,12,6
2023-12-18,Potato,RSPuram,Other,Local,4062.7,4917.26,4411.28,INR/quintal,"Coimbatore, Tamil Nadu, India",2023,12,0
2023-12-19,Potato,Sulur,Other,Local,4054.51,5173.02,4591.93,INR/quintal,"Coimbatore, Tamil Nadu, India",2023,12,1
2023-12-20,Potato,Udumalpet,Other,Local,3506.08,4411.42,3918.61,INR/quintal,"Coimbatore, Tamil Nadu, India",2023,12,2
2023-12-21,Potato,Sulur,Red Nanital,Local,4198.24,5147.47,4671.25,INR/quintal,"Coimbatore, Tamil Nadu, India",2023,12,3
2023-12-22,Potato,Sulur,Other,Local,4095.53,5148.57,4610.53,INR/quintal,"Coimbatore, Tamil Nadu, India",2023,12,4
2023-12-23,Potato,Singanallur,Red Nanital,Local,4273.21,5419.07,4768.21,INR/quintal,"Coimbatore, Tamil Nadu, India",2023,12,5
2023-12-24,Potato,Sulur,Other,Local,4233.7,5086.87,4585.07,INR/quintal,"Coimbatore, Tamil Nadu, India",2023,12,6
2023-12-25,Potato,Mettupalayam,Other,Local,4273.48,5315.68,4758.44,INR/quintal,"Coimbatore, Tamil Nadu, India",2023,12,0
2023-12-26,Potato,Sulur,Other,Local,3935.36,4861.86,4299.57,INR/quintal,"Coimbatore, Tamil Nadu, India",2023,12,1
2023-12-27,Potato,Sulur,Red Nanital,Local,4283.78,5351.26,4697.78,INR/quintal,"Coimbatore, Tamil Nadu, India",2023,12,2
2023-12-28,Potato,Sulur,Red Nanital,Local,4129.99,5050.15,4547.81,INR/quintal,"Coimbatore, Tamil Nadu, India",2023,12,3
2023-12-29,Potato,Singanallur,Red Nanital,Local,4285.43,5464.81,4806.35,INR/quintal,"Coimbatore, Tamil Nadu, India",2023,12,4
2023-12-30,Potato,Singanallur,Red Nanital,Local,4464.69,5469.89,4820.35,INR/quintal,"Coimbatore, Tamil Nadu, India",2023,12,5
2023-12-31,Potato,Udumalpet,Other,Local,4039.96,5049.59,4458.19,INR/quintal,"Coimbatore, Tamil Nadu, India",2023,12,6
2024-01-01,Potato,RSPuram,Red Nanital,Local,3950.97,5080.13,4470.47,INR/quintal,"Coimbatore, Tamil Nadu, India",2024,1,0
2024-01-02,Potato,Singanallur,Other,Local,3929.45,4904.46,4452.5,INR/quintal,"Coimbatore, Tamil Nadu, India",2024,1,1
2024-01-03,Potato,Singanallur,Other,Local,4355.96,5208.54,4737.25,INR/quintal,"Coimbatore, Tamil Nadu, India",2024,1,2
2024-01-04,Potato,Sulur,Red Nanital,Local,4155.05,5186.71,4608.22,INR/quintal,"Coimbatore, Tamil Nadu, India",2024,1,3
2024-01-05,Potato,RSPuram,Other,Local,4398.81,5415.48,4907.87,INR/quintal,"Coimbatore, Tamil Nadu, India",2024,1,4
2024-01-06,Potato,Sulur,Red Nanital,Local,4185.93,4997.84,4570.95,INR/quintal,"Coimbatore, Tamil Nadu, India",2024,1,5
2024-01-07,Potato,RSPuram,Other,Local,3717.07,4772.35,4230.51,INR/quintal,"Coimbatore, Tamil Nadu, India",2024,1,6
2024-01-08,Potato,Singanallur,Other,Local,4488.44,5370.98,4925.47,INR/quintal,"Coimbatore, Tamil Nadu, India",2024,1,0
2024-01-09,Potato,Mettupalayam,Other,Local,4351.58,5384.9,4884.11,INR/quintal,"Coimbatore, Tamil Nadu, India",2024,1,1
2024-01-10,Potato,Udumalpet,Red Nanital,Local,4585.2,5530.07,5024.93,INR/quintal,"Coimbatore, Tamil Nadu, India",2024,1,2
2024-01-11,Potato,Mettupalayam,Other,Local,4161.95,5279.23,4648.92,INR/quintal,"Coimbatore, Tamil Nadu, India",2024,1,3
2024-01-12,Potato,Singanallur,Other,Local,4375.02,5192.45,4752.41,INR/quintal,"Coimbatore, Tamil Nadu, India",2024,1,4
2024-01-13,Potato,RSPuram,Other,Local,4483.96,5587.06,5020.96,INR/quintal,"Coimbatore, Tamil Nadu, India",2024,1,5
2024-01-14,Potato,RSPuram,Red Nanital,Local,4242.45,5150.05,4608.55,INR/quintal,"Coimbatore, Tamil Nadu, India",2024,1,6
2024-01-15,Potato,Udumalpet,Other,Local,4536.98,5362.68,4899.62,INR/quintal,"Coimbatore, Tamil Nadu, India",2024,1,0
2024-01-16,Potato,Mettupalayam,Red Nanital,Local,4307.69,5314.48,4809.92,INR/quintal,"Coimbatore, Tamil Nadu, India",2024,1,1
2024-01-17,Potato,RSPuram,Other,Local,4149.22,5200.98,4675.82,INR/quintal,"Coimbatore, Tamil Nadu, India",2024,1,2
2024-01-18,Potato,RSPuram,Other,Local,4731.0,5657.56,5165.81,INR/quintal,"Coimbatore, Tamil Nadu, India",2024,1,3
2024-01-19,Potato,Udumalpet,Red Nanital,Local,4142.83,5138.58,4663.39,INR/quintal,"Coimbatore, Tamil Nadu, India",2024,1,4
2024-01-20,Potato,RSPuram,Other,Local,4370.08,5360.51,4709.37,INR/quintal,"Coimbatore, Tamil Nadu, India",2024,1,5
2024-01-21,Potato,Mettupalayam,Other,Local,4558.67,5545.15,4991.82,INR/quintal,"Coimbatore, Tamil Nadu, India",2024,1,6
2024-01-22,Potato,RSPuram,Red Nanital,Local,4281.26,5199.67,4763.79,INR/quintal,"Coimbatore, Tamil Nadu, India",2024,1,0
2024-01-23,Potato,RSPuram,Red Nanital,Local,4510.01,5321.61,4854.69,INR/quintal,"Coimbatore, Tamil Nadu, India",2024,1,1
2024-01-24,Potato,Singanallur,Red Nanital,Local,4421.2,5409.39,4779.9,INR/quintal,"Coimbatore, Tamil Nadu, India",2024,1,2
2024-01-25,Potato,Mettupalayam,Red Nanital,Local,4369.35,5247.35,4730.39,INR/quintal,"Coimbatore, Tamil Nadu, India",2024,1,3
2024-01-26,Potato,Singanallur,Red Nanital,Local,4678.61,5587.24,5104.06,INR/quintal,"Coimbatore, Tamil Nadu, India",2024,1,4
2024-01-27,Potato,Udumalpet,Other,Local,4469.91,5447.21,4900.33,INR/quintal,"Coimbatore, Tamil Nadu, India",2024,1,5
2024-01-28,Potato,RSPuram,Red Nanital,Local,4451.17,5412.05,4989.2,INR/quintal,"Coimbatore, Tamil Nadu, India",2024,1,6
2024-01-29,Potato,Udumalpet,Other,Local,4566.67,5529.59,5002.77,INR/quintal,"Coimbatore, Tamil Nadu, India",2024,1,0
2024-01-30,Potato,Singanallur,Red Nanital,Local,4702.35,5709.8,5126.25,INR/quintal,"Coimbatore, Tamil Nadu, India",2024,1,1
2024-01-31,Potato,Udumalpet,Other,Local,4657.52,5715.84,5133.72,INR/quintal,"Coimbatore, Tamil Nadu, India",2024,1,2
2024-02-01,Potato,Singanallur,Other,Local,4397.16,5361.56,4936.8,INR/quintal,"Coimbatore, Tamil Nadu, India",2024,2,3
2024-02-02,Potato,Sulur,Red Nanital,Local,4579.49,5545.43,5000.31,INR/quintal,"Coimbatore, Tamil Nadu, India",2024,2,4
2024-02-03,Potato,Sulur,Other,Local,4643.92,5602.43,5047.43,INR/quintal,"Coimbatore, Tamil Nadu, India",2024,2,5
2024-02-04,Potato,Mettupalayam,Other,Local,4810.41,5832.73,5200.85,INR/quintal,"Coimbatore, Tamil Nadu, India",2024,2,6
2024-02-05,Potato,Mettupalayam,Other,Local,4797.96,5763.78,5299.13,INR/quintal,"Coimbatore, Tamil Nadu, India",2024,2,0
2024-02-06,Potato,Udumalpet,Red Nanital,Local,4743.1,5687.8,5097.89,INR/quintal,"Coimbatore, Tamil Nadu, India",2024,2,1
2024-02-07,Potato,Sulur,Other,Local,5006.44,5975.18,5404.69,INR/quintal,"Coimbatore, Tamil Nadu, India",2024,2,2
2024-02-08,Potato,RSPuram,Other,Local,4541.0,5642.32,4982.33,INR/quintal,"Coimbatore, Tamil Nadu, India",2024,2,3
2024-02-09,Potato,Singanallur,Other,Local,4928.92,5913.02,5270.19,INR/quintal,"Coimbatore, Tamil Nadu, India",2024,2,4
2024-02-10,Potato,Udumalpet,Red Nanital,Local,4743.44,5861.56,5201.96,INR/quintal,"Coimbatore, Tamil Nadu, India",2024,2,5
2024-02-11,Potato,Singanallur,Red Nanital,Local,4554.82,5462.52,4967.87,INR/quintal,"Coimbatore, Tamil Nadu, India",2024,2,6
2024-02-12,Potato,Udumalpet,Other,Local,4811.38,5737.23,5285.87,INR/quintal,"Coimbatore, Tamil Nadu, India",2024,2,0
2024-02-13,Potato,Singanallur,Red Nanital,Local,4871.83,6035.52,5376.79,INR/quintal,"Coimbatore, Tamil Nadu, India",2024,2,1
2024-02-14,Potato,Singanallur,Other,Local,4821.94,5799.64,5305.22,INR/quintal,"Coimbatore, Tamil Nadu, India",2024,2,2
2024-02-15,Potato,Udumalpet,Other,Local,4734.91,5657.86,5096.96,INR/quintal,"Coimbatore, Tamil Nadu, India",2024,2,3
2024-02-16,Potato,Sulur,Red Nanital,Local,4718.33,5733.9,5074.72,INR/quintal,"Coimbatore, Tamil Nadu, India",2024,2,4
2024-02-17,Potato,Sulur,Red Nanital,Local,4636.24,5506.96,4983.99,INR/quintal,"Coimbatore, Tamil Nadu, India",2024,2,5
2024-02-18,Potato,RSPuram,Other,Local,4797.49,5716.28,5148.0,INR/quintal,"Coimbatore, Tamil Nadu, India",2024,2,6
2024-02-19,Potato,Mettupalayam,Other,Local,4725.51,5667.93,5077.42,INR/quintal,"Coimbatore, Tamil Nadu, India",2024,2,0
2024-02-20,Potato,RSPuram,Other,Local,4959.38,6087.31,5450.08,INR/quintal,"Coimbatore, Tamil Nadu, India",2024,2,1
2024-02-21,Potato,Sulur,Other,Local,4964.16,5885.25,5363.18,INR/quintal,"Coimbatore, Tamil Nadu, India",2024,2,2
2024-02-22,Potato,Sulur,Other,Local,4969.0,5855.5,5408.67,INR/quintal,"Coimbatore, Tamil Nadu, India",2024,2,3
2024-02-23,Potato,Singanallur,Other,Local,4528.94,5690.03,5030.86,INR/quintal,"Coimbatore, Tamil Nadu, India",2024,2,4
2024-02-24,Potato,RSPuram,Red Nanital,Local,4616.79,5624.32,5059.49,INR/quintal,"Coimbatore, Tamil Nadu, India",2024,2,5
2024-02-25,Potato,Mettupalayam,Red Nanital,Local,5048.49,6109.89,5493.44,INR/quintal,"Coimbatore, Tamil Nadu, India",2024,2,6
2024-02-26,Potato,Sulur,Red Nanital,Local,4592.31,5626.68,5112.71,INR/quintal,"Coimbatore, Tamil Nadu, India",2024,2,0
2024-02-27,Potato,Mettupalayam,Red Nanital,Local,4726.93,5721.76,5158.38,INR/quintal,"Coimbatore, Tamil Nadu, India",2024,2,1
2024-02-28,Potato,Udumalpet,Other,Local,4951.09,6033.08,5456.81,INR/quintal,"Coimbatore, Tamil Nadu, India",2024,2,2
2024-02-29,Potato,Singanallur,Other,Local,4967.88,5928.54,5327.79,INR/quintal,"Coimbatore, Tamil Nadu, India",2024,2,3
2024-03-01,Potato,Mettupalayam,Other,Local,4364.78,5272.64,4857.51,INR/quintal,"Coimbatore, Tamil Nadu, India",2024,3,4
2024-03-02,Potato,Udumalpet,Red Nanital,Local,4803.23,5890.39,5273.65,INR/quintal,"Coimbatore, Tamil Nadu, India",2024,3,5
2024-03-03,Potato,Sulur,Red Nanital,Local,4500.93,5406.81,4873.5,INR/quintal,"Coimbatore, Tamil Nadu, India",2024,3,6
2024-03-04,Potato,Udumalpet,Other,Local,5006.98,5936.18,5431.27,INR/quintal,"Coimbatore, Tamil Nadu, India",2024,3,0
2024-03-05,Potato,Sulur,Red Nanital,Local,4668.95,5774.66,5195.24,INR/quintal,"Coimbatore, Tamil Nadu, India",2024,3,1
2024-03-06,Potato,Udumalpet,Other,Local,4757.08,5590.73,5139.4,INR/quintal,"Coimbatore, Tamil Nadu, India",2024,3,2
2024-03-07,Potato,Udumalpet,Red Nanital,Local,4830.12,5753.17,5284.7,INR/quintal,"Coimbatore, Tamil Nadu, India",2024,3,3
2024-03-08,Potato,Sulur,Red Nanital,Local,4764.02,5867.63,5212.72,INR/quintal,"Coimbatore, Tamil Nadu, India",2024,3,4
2024-03-09,Potato,Singanallur,Red Nanital,Local,4917.81,5766.81,5348.98,INR/quintal,"Coimbatore, Tamil Nadu, India",2024,3,5
2024-03-10,Potato,Mettupalayam,Red Nanital,Local,5093.99,5920.75,5501.2,INR/quintal,"Coimbatore, Tamil Nadu, India",2024,3,6
2024-03-11,Potato,Udumalpet,Other,Local,5192.63,6148.29,5593.14,INR/quintal,"Coimbatore, Tamil Nadu, India",2024,3,0
2024-03-12,Potato,Udumalpet,Red Nanital,Local,5077.02,5971.58,5490.61,INR/quintal,"Coimbatore, Tamil Nadu, India",2024,3,1
2024-03-13,Potato,Mettupalayam,Other,Local,4988.04,6046.42,5527.41,INR/quintal,"Coimbatore, Tamil Nadu, India",2024,3,2
2024-03-14,Potato,Mettupalayam,Other,Local,4848.54,5713.28,5281.34,INR/quintal,"Coimbatore, Tamil Nadu, India",2024,3,3
2024-03-15,Potato,Sulur,Red Nanital,Local,5111.64,6028.84,5516.08,INR/quintal,"Coimbatore, Tamil Nadu, India",2024,3,4
2024-03-16,Potato,RSPuram,Red Nanital,Local,4763.94,5848.24,5270.11,INR/quintal,"Coimbatore, Tamil Nadu, India",2024,3,5
2024-03-17,Potato,Mettupalayam,Other,Local,4930.38,6010.27,5379.46,INR/quintal,"Coimbatore, Tamil Nadu, India",2024,3,6
2024-03-18,Potato,Singanallur,Other,Local,5050.18,5898.95,5444.89,INR/quintal,"Coimbatore, Tamil Nadu, India",2024,3,0
2024-03-19,Potato,Singanallur,Other,Local,4947.8,5851.99,5382.18,INR/quintal,"Coimbatore, Tamil Nadu, India",2024,3,1
2024-03-20,Potato,Mettupalayam,Other,Local,4683.88,5539.5,5049.09,INR/quintal,"Coimbatore, Tamil Nadu, India",2024,3,2
2024-03-21,Potato,RSPuram,Red Nanital,Local,4521.5,5578.39,5006.8,INR/quintal,"Coimbatore, Tamil Nadu, India",2024,3,3
2024-03-22,Potato,Udumalpet,Red Nanital,Local,4783.82,5701.29,5280.75,INR/quintal,"Coimbatore, Tamil Nadu, India",2024,3,4
2024-03-23,Potato,Singanallur,Other,Local,4674.06,5663.28,5213.69,INR/quintal,"Coimbatore, Tamil Nadu, India",2024,3,5
2024-03-24,Potato,RSPuram,Red Nanital,Local,5106.21,6074.81,5569.14,INR/quintal,"Coimbatore, Tamil Nadu, India",2024,3,6
2024-03-25,Potato,RSPuram,Other,Local,5053.1,6049.25,5483.48,INR/quintal,"Coimbatore, Tamil Nadu, India",2024,3,0
2024-03-26,Potato,Udumalpet,Other,Local,4770.7,5757.37,5295.14,INR/quintal,"Coimbatore, Tamil Nadu, India",2024,3,1
2024-03-27,Potato,Singanallur,Other,Local,4876.72,5737.74,5252.03,INR/quintal,"Coimbatore, Tamil Nadu, India",2024,3,2
2024-03-28,Potato,Mettupalayam,Red Nanital,Local,5007.01,6046.17,5485.39,INR/quintal,"Coimbatore, Tamil Nadu, India",2024,3,3
2024-03-29,Potato,Singanallur,Red Nanital,Local,4732.82,5817.44,5219.99,INR/quintal,"Coimbatore, Tamil Nadu, India",2024,3,4
2024-03-30,Potato,Singanallur,Other,Local,5184.51,6125.15,5657.81,INR/quintal,"Coimbatore, Tamil Nadu, India",2024,3,5
2024-03-31,Potato,Sulur,Other,Local,4861.85,5900.37,5334.11,INR/quintal,"Coimbatore, Tamil Nadu, India",2024,3,6
2024-04-01,Potato,Singanallur,Red Nanital,Local,4916.57,5899.9,5353.97,INR/quintal,"Coimbatore, Tamil Nadu, India",2024,4,0
2024-04-02,Potato,Mettupalayam,Other,Local,5013.72,5968.91,5482.41,INR/quintal,"Coimbatore, Tamil Nadu, India",2024,4,1
2024-04-03,Potato,Sulur,Red Nanital,Local,4931.25,5801.96,5359.04,INR/quintal,"Coimbatore, Tamil Nadu, India",2024,4,2
2024-04-04,Potato,RSPuram,Red Nanital,Local,5006.19,5806.46,5389.7,INR/quintal,"Coimbatore, Tamil Nadu, India",2024,4,3
2024-04-05,Potato,Sulur,Other,Local,5126.99,6093.97,5483.01,INR/quintal,"Coimbatore, Tamil Nadu, India",2024,4,4
2024-04-06,Potato,Singanallur,Red Nanital,Local,5103.44,5946.14,5523.01,INR/quintal,"Coimbatore, Tamil Nadu, India",2024,4,5
2024-04-07,Potato,Mettupalayam,Red Nanital,Local,4690.42,5792.34,5216.45,INR/quintal,"Coimbatore, Tamil Nadu, India",2024,4,6
2024-04-08,Potato,RSPuram,Red Nanital,Local,5000.5,5844.73,5384.86,INR/quintal,"Coimbatore, Tamil Nadu, India",2024,4,0
2024-04-09,Potato,Mettupalayam,Red Nanital,Local,5065.07,5839.12,5425.53,INR/quintal,"Coimbatore, Tamil Nadu, India",2024,4,1
2024-04-10,Potato,Udumalpet,Other,Local,5223.56,6137.17,5571.38,INR/quintal,"Coimbatore, Tamil Nadu, India",2024,4,2
2024-04-11,Potato,Udumalpet,Red Nanital,Local,5175.89,6005.15,5568.66,INR/quintal,"Coimbatore, Tamil Nadu, India",2024,4,3
2024-04-12,Potato,Singanallur,Other,Local,5195.88,6300.18,5668.03,INR/quintal,"Coimbatore, Tamil Nadu, India",2024,4,4
2024-04-13,Potato,Sulur,Red Nanital,Local,4889.86,6042.48,5407.34,INR/quintal,"Coimbatore, Tamil Nadu, India",2024,4,5
2024-04-14,Potato,Sulur,Other,Local,4789.62,5565.53,5140.46,INR/quintal,"Coimbatore, Tamil Nadu, India",2024,4,6
2024-04-15,Potato,RSPuram,Red Nanital,Local,4589.26,5498.27,5054.48,INR/quintal,"Coimbatore, Tamil Nadu, India",2024,4,0
2024-04-16,Potato,Udumalpet,Other,Local,4810.16,5735.17,5299.35,INR/quintal,"Coimbatore, Tamil Nadu, India",2024,4,1
2024-04-17,Potato,Mettupalayam,Other,Local,4948.9,5856.61,5337.04,INR/quintal,"Coimbatore, Tamil Nadu, India",2024,4,2
2024-04-18,Potato,Sulur,Other,Local,4776.24,5665.83,5186.88,INR/quintal,"Coimbatore, Tamil Nadu, India",2024,4,3
2024-04-19,Potato,Sulur,Red Nanital,Local,4787.34,5661.81,5229.79,INR/quintal,"Coimbatore, Tamil Nadu, India",2024,4,4
2024-04-20,Potato,Sulur,Red Nanital,Local,4612.28,5466.17,5038.05,INR/quintal,"Coimbatore, Tamil Nadu, India",2024,4,5
2024-04-21,Potato,Udumalpet,Other,Local,4900.94,5921.59,5326.16,INR/quintal,"Coimbatore, Tamil Nadu, India",2024,4,6
2024-04-22,Potato,Singanallur,Red Nanital,Local,5004.16,5797.76,5380.0,INR/quintal,"Coimbatore, Tamil Nadu, India",2024,4,0
2024-04-23,Potato,Sulur,Other,Local,4813.15,5753.22,5230.24,INR/quintal,"Coimbatore, Tamil Nadu, India",2024,4,1
2024-04-24,Potato,Sulur,Other,Local,5035.31,6010.55,5480.35,INR/quintal,"Coimbatore, Tamil Nadu, India",2024,4,2
2024-04-25,Potato,RSPuram,Other,Local,5241.08,6229.53,5635.59,INR/quintal,"Coimbatore, Tamil Nadu, India",2024,4,3
2024-04-26,Potato,RSPuram,Other,Local,4724.68,5805.4,5241.69,INR/quintal,"Coimbatore, Tamil Nadu, India",2024,4,4
2024-04-27,Potato,RSPuram,Red Nanital,Local,4835.9,5769.36,5275.04,INR/quintal,"Coimbatore, Tamil Nadu, India",2024,4,5
2024-04-28,Potato,Singanallur,Other,Local,4715.96,5876.62,5229.44,INR/quintal,"Coimbatore, Tamil Nadu, India",2024,4,6
2024-04-29,Potato,RSPuram,Other,Local,5009.68,5897.9,5349.61,INR/quintal,"Coimbatore, Tamil Nadu, India",2024,4,0
2024-04-30,Potato,Udumalpet,Red Nanital,Local,4513.11,5643.66,5036.76,INR/quintal,"Coimbatore, Tamil Nadu, India",2024,4,1
2024-05-01,Potato,Singanallur,Other,Local,4524.15,5458.95,4944.05,INR/quintal,"Coimbatore, Tamil Nadu, India",2024,5,2
2024-05-02,Potato,Sulur,Other,Local,4742.54,5671.59,5199.5,INR/quintal,"Coimbatore, Tamil Nadu, India",2024,5,3
2024-05-03,Potato,Mettupalayam,Other,Local,4790.08,5789.48,5194.46,INR/quintal,"Coimbatore, Tamil Nadu, India",2024,5,4
2024-05-04,Potato,RSPuram,Other,Local,5077.19,5971.53,5433.15,INR/quintal,"Coimbatore, Tamil Nadu, India",2024,5,5
2024-05-05,Potato,Udumalpet,Red Nanital,Local,4378.48,5472.57,4824.54,INR/quintal,"Coimbatore, Tamil Nadu, India",2024,5,6
2024-05-06,Potato,Mettupalayam,Red Nanital,Local,4978.54,5923.96,5424.81,INR/quintal,"Coimbatore, Tamil Nadu, India",2024,5,0
2024-05-07,Potato,Sulur,Other,Local,4663.94,5711.17,5058.57,INR/quintal,"Coimbatore, Tamil Nadu, India",2024,5,1
2024-05-08,Potato,Mettupalayam,Red Nanital,Local,4611.6,5657.02,5068.89,INR/quintal,"Coimbatore, Tamil Nadu, India",2024,5,2
2024-05-09,Potato,Singanallur,Red Nanital,Local,4840.25,5839.83,5273.41,INR/quintal,"Coimbatore, Tamil Nadu, India",2024,5,3
2024-05-10,Potato,Udumalpet,Red Nanital,Local,5024.59,6055.47,5494.57,INR/quintal,"Coimbatore, Tamil Nadu, India",2024,5,4
2024-05-11,Potato,Udumalpet,Red Nanital,Local,4882.45,5942.2,5307.7,INR/quintal,"Coimbatore, Tamil Nadu, India",2024,5,5
2024-05-12,Potato,Singanallur,Other,Local,5182.81,6151.23,5658.8,INR/quintal,"Coimbatore, Tamil Nadu, India",2024,5,6
2024-05-13,Potato,Mettupalayam,Red Nanital,Local,4681.48,5596.21,5128.67,INR/quintal,"Coimbatore, Tamil Nadu, India",2024,5,0
2024-05-14,Potato,Singanallur,Other,Local,5350.66,6339.59,5701.26,INR/quintal,"Coimbatore, Tamil Nadu, India",2024,5,1
2024-05-15,Potato,Mettupalayam,Other,Local,4826.75,5912.23,5338.19,INR/quintal,"Coimbatore, Tamil Nadu, India",2024,5,2
2024-05-16,Potato,Singanallur,Other,Local,4770.84,5665.91,5158.99,INR/quintal,"Coimbatore, Tamil Nadu, India",2024,5,3
2024-05-17,Potato,Udumalpet,Red Nanital,Local,4537.81,5565.62,5043.06,INR/quintal,"Coimbatore, Tamil Nadu, India",2024,5,4
2024-05-18,Potato,RSPuram,Red Nanital,Local,4796.41,5644.88,5188.25,INR/quintal,"Coimbatore, Tamil Nadu, India",2024,5,5
2024-05-19,Potato,Singanallur,Red Nanital,Local,4909.77,5923.91,5410.57,INR/quintal,"Coimbatore, Tamil Nadu, India",2024,5,6
2024-05-20,Potato,Mettupalayam,Other,Local,4364.6,5509.76,4865.39,INR/quintal,"Coimbatore, Tamil Nadu, India",2024,5,0
2024-05-21,Potato,Singanallur,Other,Local,4604.19,5669.47,5030.74,INR/quintal,"Coimbatore, Tamil Nadu, India",2024,5,1
2024-05-22,Potato,Udumalpet,Red Nanital,Local,4718.68,5737.05,5215.88,INR/quintal,"Coimbatore, Tamil Nadu, India",2024,5,2
2024-05-23,Potato,Mettupalayam,Red Nanital,Local,5023.5,6055.73,5534.6,INR/quintal,"Coimbatore, Tamil Nadu, India",2024,5,3
2024-05-24,Potato,Mettupalayam,Red Nanital,Local,4650.93,5528.95,5036.65,INR/quintal,"Coimbatore, Tamil Nadu, India",2024,5,4
2024-05-25,Potato,Udumalpet,Red Nanital,Local,4819.75,5944.64,5290.84,INR/quintal,"Coimbatore, Tamil Nadu, India",2024,5,5
2024-05-26,Potato,Udumalpet,Red Nanital,Local,4294.66,5195.79,4771.03,INR/quintal,"Coimbatore, Tamil Nadu, India",2024,5,6
2024-05-27,Potato,Singanallur,Other,Local,4600.84,5613.52,5114.78,INR/quintal,"Coimbatore, Tamil Nadu, India",2024,5,0
2024-05-28,Potato,Udumalpet,Other,Local,4607.4,5693.59,5043.16,INR/quintal,"Coimbatore, Tamil Nadu, India",2024,5,1
2024-05-29,Potato,Singanallur,Other,Local,4622.63,5466.29,4999.1,INR/quintal,"Coimbatore, Tamil Nadu, India",2024,5,2
2024-05-30,Potato,Sulur,Other,Local,4822.79,5780.76,5195.52,INR/quintal,"Coimbatore, Tamil Nadu, India",2024,5,3
2024-05-31,Potato,RSPuram,Red Nanital,Local,4562.17,5736.59,5090.44,INR/quintal,"Coimbatore, Tamil Nadu, India",2024,5,4
2024-06-01,Potato,Udumalpet,Red Nanital,Local,4457.67,5402.2,4875.02,INR/quintal,"Coimbatore, Tamil Nadu, India",2024,6,5
2024-06-02,Potato,Sulur,Red Nanital,Local,4594.0,5604.05,5062.68,INR/quintal,"Coimbatore, Tamil Nadu, India",2024,6,6
2024-06-03,Potato,RSPuram,Other,Local,4355.33,5183.36,4746.38,INR/quintal,"Coimbatore, Tamil Nadu, India",2024,6,0
2024-06-04,Potato,Mettupalayam,Red Nanital,Local,4731.66,5690.84,5128.47,INR/quintal,"Coimbatore, Tamil Nadu, India",2024,6,1
2024-06-05,Potato,RSPuram,Red Nanital,Local,4366.51,5406.66,4889.75,INR/quintal,"Coimbatore, Tamil Nadu, India",2024,6,2
2024-06-06,Potato,Sulur,Red Nanital,Local,4678.52,5672.65,5076.93,INR/quintal,"Coimbatore, Tamil Nadu, India",2024,6,3
2024-06-07,Potato,Sulur,Other,Local,4725.26,5789.38,5163.61,INR/quintal,"Coimbatore, Tamil Nadu, India",2024,6,4
2024-06-08,Potato,Sulur,Red Nanital,Local,4394.04,5265.13,4784.1,INR/quintal,"Coimbatore, Tamil Nadu, India",2024,6,5
2024-06-09,Potato,Udumalpet,Red Nanital,Local,4174.88,5288.92,4638.93,INR/quintal,"Coimbatore, Tamil Nadu, India",2024,6,6
2024-06-10,Potato,Sulur,Other,Local,4313.21,5179.58,4665.93,INR/quintal,"Coimbatore, Tamil Nadu, India",2024,6,0
2024-06-11,Potato,RSPuram,Red Nanital,Local,4563.73,5536.2,4965.73,INR/quintal,"Coimbatore, Tamil Nadu, India",2024,6,1
2024-06-12,Potato,Sulur,Other,Local,4260.59,5232.35,4707.41,INR/quintal,"Coimbatore, Tamil Nadu, India",2024,6,2
2024-06-13,Potato,Udumalpet,Other,Local,4179.41,5256.5,4615.74,INR/quintal,"Coimbatore, Tamil Nadu, India",2024,6,3
2024-06-14,Potato,Singanallur,Red Nanital,Local,4290.34,5174.78,4639.34,INR/quintal,"Coimbatore, Tamil Nadu, India",2024,6,4
2024-06-15,Potato,Sulur,Other,Local,4409.32,5407.97,4798.41,INR/quintal,"Coimbatore, Tamil Nadu, India",2024,6,5
2024-06-16,Potato,Mettupalayam,Other,Local,4554.27,5496.63,5009.85,INR/quintal,"Coimbatore, Tamil Nadu, India",2024,6,6
2024-06-17,Potato,Mettupalayam,Red Nanital,Local,4588.14,5605.79,4961.44,INR/quintal,"Coimbatore, Tamil Nadu, India",2024,6,0
2024-06-18,Potato,RSPuram,Red Nanital,Local,4134.26,5280.09,4642.84,INR/quintal,"Coimbatore, Tamil Nadu, India",2024,6,1
2024-06-19,Potato,Udumalpet,Red Nanital,Local,4390.25,5333.52,4806.28,INR/quintal,"Coimbatore, Tamil Nadu, India",2024,6,2
2024-06-20,Potato,Sulur,Other,Local,4397.05,5348.28,4824.23,INR/quintal,"Coimbatore, Tamil Nadu, India",2024,6,3
2024-06-21,Potato,Sulur,Red Nanital,Local,4599.85,5492.38,5076.52,INR/quintal,"Coimbatore, Tamil Nadu, India",2024,6,4
2024-06-22,Potato,Udumalpet,Red Nanital,Local,4084.49,5120.4,4521.49,INR/quintal,"Coimbatore, Tamil Nadu, India",2024,6,5
2024-06-23,Potato,RSPuram,Other,Local,3958.48,4951.38,4407.66,INR/quintal,"Coimbatore, Tamil Nadu, India",2024,6,6
2024-06-24,Potato,Mettupalayam,Other,Local,4180.8,5090.07,4640.6,INR/quintal,"Coimbatore, Tamil Nadu, India",2024,6,0
2024-06-25,Potato,RSPuram,Red Nanital,Local,4294.7,5359.86,4778.92,INR/quintal,"Coimbatore, Tamil Nadu, India",2024,6,1
2024-06-26,Potato,Mettupalayam,Other,Local,4330.67,5499.45,4850.61,INR/quintal,"Coimbatore, Tamil Nadu, India",2024,6,2
2024-06-27,Potato,Udumalpet,Red Nanital,Local,4282.7,5214.42,4689.52,INR/quintal,"Coimbatore, Tamil Nadu, India",2024,6,3
2024-06-28,Potato,Mettupalayam,Other,Local,4351.59,5346.62,4716.22,INR/quintal,"Coimbatore, Tamil Nadu, India",2024,6,4
2024-06-29,Potato,Udumalpet,Red Nanital,Local,3926.78,4932.49,4462.32,INR/quintal,"Coimbatore, Tamil Nadu, India",2024,6,5
2024-06-30,Potato,Sulur,Other,Local,4131.44,5164.83,4621.99,INR/quintal,"Coimbatore, Tamil Nadu, India",2024,6,6
2024-07-01,Potato,RSPuram,Red Nanital,Local,4129.6,5049.32,4586.01,INR/quintal,"Coimbatore, Tamil Nadu, India",2024,7,0
2024-07-02,Potato,Udumalpet,Red Nanital,Local,4176.39,4985.05,4541.87,INR/quintal,"Coimbatore, Tamil Nadu, India",2024,7,1
2024-07-03,Potato,Sulur,Red Nanital,Local,4460.5,5351.25,4867.01,INR/quintal,"Coimbatore, Tamil Nadu, India",2024,7,2
2024-07-04,Potato,Sulur,Other,Local,4081.94,5142.58,4579.63,INR/quintal,"Coimbatore, Tamil Nadu, India",2024,7,3
2024-07-05,Potato,Sulur,Other,Local,4106.43,5202.63,4628.76,INR/quintal,"Coimbatore, Tamil Nadu, India",2024,7,4
2024-07-06,Potato,RSPuram,Other,Local,3998.0,4847.34,4409.06,INR/quintal,"Coimbatore, Tamil Nadu, India",2024,7,5
2024-07-07,Potato,RSPuram,Red Nanital,Local,4346.23,5377.09,4807.71,INR/quintal,"Coimbatore, Tamil Nadu, India",2024,7,6
2024-07-08,Potato,Singanallur,Other,Local,4490.04,5464.0,4867.83,INR/quintal,"Coimbatore, Tamil Nadu, India",2024,7,0
2024-07-09,Potato,Sulur,Red Nanital,Local,4152.44,5192.72,4609.28,INR/quintal,"Coimbatore, Tamil Nadu, India",2024,7,1
2024-07-10,Potato,Sulur,Red Nanital,Local,4716.64,5632.89,5089.9,INR/quintal,"Coimbatore, Tamil Nadu, India",2024,7,2
2024-07-11,Potato,Mettupalayam,Red Nanital,Local,4265.25,5197.19,4743.1,INR/quintal,"Coimbatore, Tamil Nadu, India",2024,7,3
2024-07-12,Potato,Sulur,Red Nanital,Local,3965.21,4996.26,4411.59,INR/quintal,"Coimbatore, Tamil Nadu, India",2024,7,4
2024-07-13,Potato,Mettupalayam,Other,Local,4052.11,5063.9,4545.32,INR/quintal,"Coimbatore, Tamil Nadu, India",2024,7,5
2024-07-14,Potato,RSPuram,Red Nanital,Local,3709.35,4797.07,4168.22,INR/quintal,"Coimbatore, Tamil Nadu, India",2024,7,6
2024-07-15,Potato,Sulur,Red Nanital,Local,4075.62,5248.72,4590.27,INR/quintal,"Coimbatore, Tamil Nadu, India",2024,7,0
2024-07-16,Potato,Mettupalayam,Other,Local,4109.02,5143.63,4562.88,INR/quintal,"Coimbatore, Tamil Nadu, India",2024,7,1
2024-07-17,Potato,Mettupalayam,Red Nanital,Local,4122.12,5115.11,4553.61,INR/quintal,"Coimbatore, Tamil Nadu, India",2024,7,2
2024-07-18,Potato,Udumalpet,Red Nanital,Local,3903.75,4926.52,4329.22,INR/quintal,"Coimbatore, Tamil Nadu, India",2024,7,3
2024-07-19,Potato,Singanallur,Other,Local,4235.56,5236.84,4624.66,INR/quintal,"Coimbatore, Tamil Nadu, India",2024,7,4
2024-07-20,Potato,Singanallur,Red Nanital,Local,4157.45,5048.55,4574.64,INR/quintal,"Coimbatore, Tamil Nadu, India",2024,7,5
2024-07-21,Potato,Sulur,Other,Local,4003.49,4937.15,4352.09,INR/quintal,"Coimbatore, Tamil Nadu, India",2024,7,6
2024-07-22,Potato,RSPuram,Other,Local,4018.56,5010.15,4364.08,INR/quintal,"Coimbatore, Tamil Nadu, India",2024,7,0
2024-07-23,Potato,Singanallur,Other,Local,3818.51,4704.66,4193.18,INR/quintal,"Coimbatore, Tamil Nadu, India",2024,7,1
2024-07-24,Potato,Mettupalayam,Other,Local,4053.42,4947.8,4463.52,INR/quintal,"Coimbatore, Tamil Nadu, India",2024,7,2
2024-07-25,Potato,RSPuram,Other,Local,4186.29,5147.21,4683.14,INR/quintal,"Coimbatore, Tamil Nadu, India",2024,7,3
2024-07-26,Potato,Udumalpet,Other,Local,4088.15,4987.31,4455.34,INR/quintal,"Coimbatore, Tamil Nadu, India",2024,7,4
2024-07-27,Potato,Singanallur,Red Nanital,Local,3752.3,4848.56,4256.87,INR/quintal,"Coimbatore, Tamil Nadu, India",2024,7,5
2024-07-28,Potato,Singanallur,Red Nanital,Local,3743.37,4527.64,4085.25,INR/quintal,"Coimbatore, Tamil Nadu, India",2024,7,6
2024-07-29,Potato,Udumalpet,Red Nanital,Local,3986.16,4847.53,4433.97,INR/quintal,"Coimbatore, Tamil Nadu, India",2024,7,0
2024-07-30,Potato,RSPuram,Other,Local,3937.46,4894.41,4421.37,INR/quintal,"Coimbatore, Tamil Nadu, India",2024,7,1
2024-07-31,Potato,Udumalpet,Other,Local,4131.03,5010.91,4502.85,INR/quintal,"Coimbatore, Tamil Nadu, India",2024,7,2
2024-08-01,Potato,RSPuram,Other,Local,4038.64,5185.18,4569.77,INR/quintal,"Coimbatore, Tamil Nadu, India",2024,8,3
2024-08-02,Potato,RSPuram,Red Nanital,Local,3771.7,4683.27,4131.89,INR/quintal,"Coimbatore, Tamil Nadu, India",2024,8,4
2024-08-03,Potato,Sulur,Red Nanital,Local,4000.85,5053.39,4492.29,INR/quintal,"Coimbatore, Tamil Nadu, India",2024,8,5
2024-08-04,Potato,Singanallur,Other,Local,3486.48,4541.51,3979.94,INR/quintal,"Coimbatore, Tamil Nadu, India",2024,8,6
2024-08-05,Potato,Singanallur,Red Nanital,Local,3895.09,5015.52,4380.26,INR/quintal,"Coimbatore, Tamil Nadu, India",2024,8,0
2024-08-06,Potato,RSPuram,Other,Local,3771.3,4669.97,4230.28,INR/quintal,"Coimbatore, Tamil Nadu, India",2024,8,1
2024-08-07,Potato,Mettupalayam,Other,Local,3634.79,4695.6,4037.91,INR/quintal,"Coimbatore, Tamil Nadu, India",2024,8,2
2024-08-08,Potato,Udumalpet,Other,Local,3742.52,4793.41,4257.42,INR/quintal,"Coimbatore, Tamil Nadu, India",2024,8,3
2024-08-09,Potato,RSPuram,Red Nanital,Local,4083.92,5087.07,4486.36,INR/quintal,"Coimbatore, Tamil Nadu, India",2024,8,4
2024-08-10,Potato,Singanallur,Other,Local,4288.17,5302.75,4664.54,INR/quintal,"Coimbatore, Tamil Nadu, India",2024,8,5
2024-08-11,Potato,Singanallur,Other,Local,3850.61,4773.65,4334.68,INR/quintal,"Coimbatore, Tamil Nadu, India",2024,8,6
2024-08-12,Potato,Singanallur,Red Nanital,Local,3847.3,4813.7,4244.29,INR/quintal,"Coimbatore, Tamil Nadu, India",2024,8,0
2024-08-13,Potato,Singanallur,Other,Local,3981.33,4893.38,4420.14,INR/quintal,"Coimbatore, Tamil Nadu, India",2024,8,1
2024-08-14,Potato,Mettupalayam,Red Nanital,Local,3836.06,4691.04,4188.11,INR/quintal,"Coimbatore, Tamil Nadu, India",2024,8,2
2024-08-15,Potato,Mettupalayam,Other,Local,3816.82,4939.72,4337.67,INR/quintal,"Coimbatore, Tamil Nadu, India",2024,8,3
2024-08-16,Potato,Sulur,Other,Local,3814.04,4884.66,4257.59,INR/quintal,"Coimbatore, Tamil Nadu, India",2024,8,4
2024-08-17,Potato,Singanallur,Red Nanital,Local,3918.96,4939.52,4308.09,INR/quintal,"Coimbatore, Tamil Nadu, India",2024,8,5
2024-08-18,Potato,Singanallur,Red Nanital,Local,3619.84,4642.72,4047.96,INR/quintal,"Coimbatore, Tamil Nadu, India",2024,8,6
2024-08-19,Potato,Sulur,Red Nanital,Local,3767.0,4801.47,4189.88,INR/quintal,"Coimbatore, Tamil Nadu, India",2024,8,0
2024-08-20,Potato,RSPuram,Other,Local,3660.28,4628.94,4132.82,INR/quintal,"Coimbatore, Tamil Nadu, India",2024,8,1
2024-08-21,Potato,Sulur,Red Nanital,Local,3642.55,4557.67,4006.61,INR/quintal,"Coimbatore, Tamil Nadu, India",2024,8,2
2024-08-22,Potato,Udumalpet,Other,Local,3799.85,4752.7,4207.11,INR/quintal,"Coimbatore, Tamil Nadu, India",2024,8,3
2024-08-23,Potato,RSPuram,Red Nanital,Local,3646.77,4679.81,4050.36,INR/quintal,"Coimbatore, Tamil Nadu, India",2024,8,4
2024-08-24,Potato,RSPuram,Other,Local,3754.07,4789.71,4203.89,INR/quintal,"Coimbatore, Tamil Nadu, India",2024,8,5
2024-08-25,Potato,RSPuram,Red Nanital,Local,3570.9,4577.79,3951.52,INR/quintal,"Coimbatore, Tamil Nadu, India",2024,8,6
2024-08-26,Potato,Singanallur,Other,Local,3840.66,4807.68,4224.12,INR/quintal,"Coimbatore, Tamil Nadu, India",2024,8,0
2024-08-27,Potato,Mettupalayam,Red Nanital,Local,3788.95,4716.94,4137.18,INR/quintal,"Coimbatore, Tamil Nadu, India",2024,8,1
2024-08-28,Potato,Singanallur,Other,Local,3652.17,4558.83,4122.46,INR/quintal,"Coimbatore, Tamil Nadu, India",2024,8,2
2024-08-29,Potato,Mettupalayam,Other,Local,4055.16,4995.28,4452.24,INR/quintal,"Coimbatore, Tamil Nadu, India",2024,8,3
2024-08-30,Potato,Udumalpet,Red Nanital,Local,3800.6,4636.14,4139.36,INR/quintal,"Coimbatore, Tamil Nadu, India",2024,8,4
2024-08-31,Potato,Singanallur,Other,Local,3577.22,4609.07,4114.64,INR/quintal,"Coimbatore, Tamil Nadu, India",2024,8,5
2024-09-01,Potato,Singanallur,Other,Local,3819.34,4775.1,4195.44,INR/quintal,"Coimbatore, Tamil Nadu, India",2024,9,6
2024-09-02,Potato,Udumalpet,Red Nanital,Local,3537.93,4628.53,3996.13,INR/quintal,"Coimbatore, Tamil Nadu, India",2024,9,0
2024-09-03,Potato,Sulur,Other,Local,3657.99,4584.25,4116.03,INR/quintal,"Coimbatore, Tamil Nadu, India",2024,9,1
2024-09-04,Potato,Sulur,Other,Local,3318.82,4214.61,3697.92,INR/quintal,"Coimbatore, Tamil Nadu, India",2024,9,2
2024-09-05,Potato,Mettupalayam,Other,Local,3783.61,4769.88,4267.33,INR/quintal,"Coimbatore, Tamil Nadu, India",2024,9,3
2024-09-06,Potato,Mettupalayam,Other,Local,3826.58,4891.72,4299.13,INR/quintal,"Coimbatore, Tamil Nadu, India",2024,9,4
2024-09-07,Potato,Udumalpet,Red Nanital,Local,3663.7,4619.68,4173.25,INR/quintal,"Coimbatore, Tamil Nadu, India",2024,9,5
2024-09-08,Potato,Udumalpet,Other,Local,3781.78,4870.77,4215.52,INR/quintal,"Coimbatore, Tamil Nadu, India",2024,9,6
2024-09-09,Potato,Singanallur,Red Nanital,Local,3790.37,4641.59,4142.8,INR/quintal,"Coimbatore, Tamil Nadu, India",2024,9,0
2024-09-10,Potato,RSPuram,Other,Local,3353.45,4462.81,3842.09,INR/quintal,"Coimbatore, Tamil Nadu, India",2024,9,1
2024-09-11,Potato,RSPuram,Red Nanital,Local,3549.42,4507.46,4046.46,INR/quintal,"Coimbatore, Tamil Nadu, India",2024,9,2
2024-09-12,Potato,RSPuram,Red Nanital,Local,3463.16,4473.72,3949.63,INR/quintal,"Coimbatore, Tamil Nadu, India",2024,9,3
2024-09-13,Potato,Mettupalayam,Red Nanital,Local,3490.84,4304.43,3862.56,INR/quintal,"Coimbatore, Tamil Nadu, India",2024,9,4
2024-09-14,Potato,RSPuram,Red Nanital,Local,3719.95,4816.37,4219.75,INR/quintal,"Coimbatore, Tamil Nadu, India",2024,9,5
2024-09-15,Potato,Udumalpet,Other,Local,3366.22,4257.69,3810.09,INR/quintal,"Coimbatore, Tamil Nadu, India",2024,9,6
2024-09-16,Potato,RSPuram,Other,Local,3665.56,4658.81,4148.05,INR/quintal,"Coimbatore, Tamil Nadu, India",2024,9,0
2024-09-17,Potato,Mettupalayam,Red Nanital,Local,3655.31,4614.23,4143.95,INR/quintal,"Coimbatore, Tamil Nadu, India",2024,9,1
2024-09-18,Potato,Mettupalayam,Other,Local,3324.88,4317.85,3779.89,INR/quintal,"Coimbatore, Tamil Nadu, India",2024,9,2
2024-09-19,Potato,Sulur,Other,Local,3802.63,4633.28,4176.44,INR/quintal,"Coimbatore, Tamil Nadu, India",2024,9,3
2024-09-20,Potato,RSPuram,Red Nanital,Local,3834.89,4795.99,4294.51,INR/quintal,"Coimbatore, Tamil Nadu, India",2024,9,4
2024-09-21,Potato,RSPuram,Other,Local,3646.13,4634.35,4129.82,INR/quintal,"Coimbatore, Tamil Nadu, India",2024,9,5
2024-09-22,Potato,Sulur,Other,Local,3565.49,4531.29,3997.85,INR/quintal,"Coimbatore, Tamil Nadu, India",2024,9,6
2024-09-23,Potato,Udumalpet,Red Nanital,Local,3755.08,4644.64,4152.26,INR/quintal,"Coimbatore, Tamil Nadu, India",2024,9,0
2024-09-24,Potato,Singanallur,Red Nanital,Local,3596.88,4519.93,4013.47,INR/quintal,"Coimbatore, Tamil Nadu, India",2024,9,1
2024-09-25,Potato,Udumalpet,Other,Local,3661.43,4647.7,4186.73,INR/quintal,"Coimbatore, Tamil Nadu, India",2024,9,2
2024-09-26,Potato,Singanallur,Other,Local,3766.19,4765.78,4243.08,INR/quintal,"Coimbatore, Tamil Nadu, India",2024,9,3
2024-09-27,Potato,Udumalpet,Red Nanital,Local,3833.21,4751.32,4254.63,INR/quintal,"Coimbatore, Tamil Nadu, India",2024,9,4
2024-09-28,Potato,Udumalpet,Red Nanital,Local,3742.85,4867.21,4245.74,INR/quintal,"Coimbatore, Tamil Nadu, India",2024,9,5
2024-09-29,Potato,RSPuram,Other,Local,3549.76,4603.14,4030.88,INR/quintal,"Coimbatore, Tamil Nadu, India",2024,9,6
2024-09-30,Potato,RSPuram,Red Nanital,Local,3260.13,4281.02,3751.5,INR/quintal,"Coimbatore, Tamil Nadu, India",2024,9,0
2024-10-01,Potato,Mettupalayam,Other,Local,3761.19,4585.75,4125.5,INR/quintal,"Coimbatore, Tamil Nadu, India",2024,10,1
2024-10-02,Potato,RSPuram,Other,Local,3390.62,4341.13,3801.78,INR/quintal,"Coimbatore, Tamil Nadu, India",2024,10,2
2024-10-03,Potato,Udumalpet,Other,Local,3793.55,4846.9,4215.15,INR/quintal,"Coimbatore, Tamil Nadu, India",2024,10,3
2024-10-04,Potato,Sulur,Red Nanital,Local,3668.45,4618.82,4088.5,INR/quintal,"Coimbatore, Tamil Nadu, India",2024,10,4
2024-10-05,Potato,Singanallur,Red Nanital,Local,3892.38,4928.86,4417.52,INR/quintal,"Coimbatore, Tamil Nadu, India",2024,10,5
2024-10-06,Potato,Mettupalayam,Red Nanital,Local,3304.0,4252.97,3729.64,INR/quintal,"Coimbatore, Tamil Nadu, India",2024,10,6
2024-10-07,Potato,Singanallur,Other,Local,3470.89,4394.78,3941.55,INR/quintal,"Coimbatore, Tamil Nadu, India",2024,10,0
2024-10-08,Potato,RSPuram,Red Nanital,Local,3585.21,4630.64,4021.71,INR/quintal,"Coimbatore, Tamil Nadu, India",2024,10,1
2024-10-09,Potato,Singanallur,Red Nanital,Local,3603.55,4454.54,3988.6,INR/quintal,"Coimbatore, Tamil Nadu, India",2024,10,2
2024-10-10,Potato,RSPuram,Other,Local,3891.72,4768.92,4345.93,INR/quintal,"Coimbatore, Tamil Nadu, India",2024,10,3
2024-10-11,Potato,Singanallur,Other,Local,3920.7,4936.05,4367.7,INR/quintal,"Coimbatore, Tamil Nadu, India",2024,10,4
2024-10-12,Potato,Udumalpet,Other,Local,3783.85,4557.01,4134.09,INR/quintal,"Coimbatore, Tamil Nadu, India",2024,10,5
2024-10-13,Potato,Singanallur,Other,Local,3437.62,4479.28,3964.49,INR/quintal,"Coimbatore, Tamil Nadu, India",2024,10,6
2024-10-14,Potato,RSPuram,Red Nanital,Local,3480.99,4466.34,3889.53,INR/quintal,"Coimbatore, Tamil Nadu, India",2024,10,0
2024-10-15,Potato,Udumalpet,Red Nanital,Local,3818.54,4682.99,4199.64,INR/quintal,"Coimbatore, Tamil Nadu, India",2024,10,1
2024-10-16,Potato,Sulur,Red Nanital,Local,3564.98,4529.46,4044.89,INR/quintal,"Coimbatore, Tamil Nadu, India",2024,10,2
2024-10-17,Potato,RSPuram,Other,Local,3687.59,4680.56,4141.97,INR/quintal,"Coimbatore, Tamil Nadu, India",2024,10,3
2024-10-18,Potato,RSPuram,Other,Local,3840.0,4631.39,4202.64,INR/quintal,"Coimbatore, Tamil Nadu, India",2024,10,4
2024-10-19,Potato,Sulur,Red Nanital,Local,3063.23,4056.69,3551.94,INR/quintal,"Coimbatore, Tamil Nadu, India",2024,10,5
2024-10-20,Potato,Mettupalayam,Other,Local,3798.01,4815.04,4189.97,INR/quintal,"Coimbatore, Tamil Nadu, India",2024,10,6
2024-10-21,Potato,Mettupalayam,Other,Local,3769.12,4916.84,4294.07,INR/quintal,"Coimbatore, Tamil Nadu, India",2024,10,0
2024-10-22,Potato,RSPuram,Other,Local,3243.83,4251.71,3726.39,INR/quintal,"Coimbatore, Tamil Nadu, India",2024,10,1
2024-10-23,Potato,Mettupalayam,Other,Local,3782.94,4824.1,4288.62,INR/quintal,"Coimbatore, Tamil Nadu, India",2024,10,2
2024-10-24,Potato,RSPuram,Other,Local,3366.44,4493.2,3882.32,INR/quintal,"Coimbatore, Tamil Nadu, India",2024,10,3
2024-10-25,Potato,Singanallur,Red Nanital,Local,3441.83,4385.36,3832.92,INR/quintal,"Coimbatore, Tamil Nadu, India",2024,10,4
2024-10-26,Potato,Sulur,Other,Local,3742.22,4705.46,4281.2,INR/quintal,"Coimbatore, Tamil Nadu, India",2024,10,5
2024-10-27,Potato,Singanallur,Other,Local,3552.84,4600.82,4026.66,INR/quintal,"Coimbatore, Tamil Nadu, India",2024,10,6
2024-10-28,Potato,Udumalpet,Red Nanital,Local,3508.18,4455.28,3862.99,INR/quintal,"Coimbatore, Tamil Nadu, India",2024,10,0
2024-10-29,Potato,Udumalpet,Red Nanital,Local,3637.21,4490.94,4062.0,INR/quintal,"Coimbatore, Tamil Nadu, India",2024,10,1
2024-10-30,Potato,Udumalpet,Other,Local,3599.51,4711.86,4136.19,INR/quintal,"Coimbatore, Tamil Nadu, India",2024,10,2
2024-10-31,Potato,Mettupalayam,Red Nanital,Local,3520.81,4665.24,4027.79,INR/quintal,"Coimbatore, Tamil Nadu, India",2024,10,3
2024-11-01,Potato,Sulur,Other,Local,3619.9,4496.23,4064.65,INR/quintal,"Coimbatore, Tamil Nadu, India",2024,11,4
2024-11-02,Potato,RSPuram,Other,Local,3506.25,4391.14,3867.31,INR/quintal,"Coimbatore, Tamil Nadu, India",2024,11,5
2024-11-03,Potato,Mettupalayam,Other,Local,3718.06,4688.54,4064.06,INR/quintal,"Coimbatore, Tamil Nadu, India",2024,11,6
2024-11-04,Potato,Sulur,Red Nanital,Local,3269.03,4363.8,3803.42,INR/quintal,"Coimbatore, Tamil Nadu, India",2024,11,0
2024-11-05,Potato,Sulur,Other,Local,3763.63,4791.6,4154.46,INR/quintal,"Coimbatore, Tamil Nadu, India",2024,11,1
2024-11-06,Potato,Mettupalayam,Other,Local,3900.63,4888.31,4266.6,INR/quintal,"Coimbatore, Tamil Nadu, India",2024,11,2
2024-11-07,Potato,Sulur,Red Nanital,Local,3705.93,4769.92,4124.27,INR/quintal,"Coimbatore, Tamil Nadu, India",2024,11,3
2024-11-08,Potato,RSPuram,Red Nanital,Local,3439.02,4469.98,3894.87,INR/quintal,"Coimbatore, Tamil Nadu, India",2024,11,4
2024-11-09,Potato,Udumalpet,Other,Local,3671.89,4663.99,4026.88,INR/quintal,"Coimbatore, Tamil Nadu, India",2024,11,5
2024-11-10,Potato,Mettupalayam,Red Nanital,Local,3452.71,4485.57,3894.77,INR/quintal,"Coimbatore, Tamil Nadu, India",2024,11,6
2024-11-11,Potato,Sulur,Other,Local,3603.3,4744.74,4119.73,INR/quintal,"Coimbatore, Tamil Nadu, India",2024,11,0
2024-11-12,Potato,RSPuram,Red Nanital,Local,3826.89,4876.23,4217.38,INR/quintal,"Coimbatore, Tamil Nadu, India",2024,11,1
2024-11-13,Potato,Mettupalayam,Red Nanital,Local,3344.32,4488.89,3860.73,INR/quintal,"Coimbatore, Tamil Nadu, India",2024,11,2
2024-11-14,Potato,Singanallur,Red Nanital,Local,3787.89,4711.5,4248.15,INR/quintal,"Coimbatore, Tamil Nadu, India",2024,11,3
2024-11-15,Potato,Mettupalayam,Other,Local,3566.15,4502.4,4081.09,INR/quintal,"Coimbatore, Tamil Nadu, India",2024,11,4
2024-11-16,Potato,Sulur,Other,Local,3475.94,4578.23,3967.31,INR/quintal,"Coimbatore, Tamil Nadu, India",2024,11,5
2024-11-17,Potato,Sulur,Red Nanital,Local,3803.87,4878.8,4220.59,INR/quintal,"Coimbatore, Tamil Nadu, India",2024,11,6
2024-11-18,Potato,Singanallur,Red Nanital,Local,3677.5,4622.68,4173.55,INR/quintal,"Coimbatore, Tamil Nadu, India",2024,11,0
2024-11-19,Potato,Mettupalayam,Red Nanital,Local,3848.24,4789.36,4368.72,INR/quintal,"Coimbatore, Tamil Nadu, India",2024,11,1
2024-11-20,Potato,Singanallur,Other,Local,3889.14,4773.93,4260.26,INR/quintal,"Coimbatore, Tamil Nadu, India",2024,11,2
2024-11-21,Potato,Udumalpet,Other,Local,3632.05,4579.33,4049.45,INR/quintal,"Coimbatore, Tamil Nadu, India",2024,11,3
2024-11-22,Potato,RSPuram,Other,Local,3979.75,5037.47,4417.85,INR/quintal,"Coimbatore, Tamil Nadu, India",2024,11,4
2024-11-23,Potato,RSPuram,Other,Local,3798.98,4641.16,4187.87,INR/quintal,"Coimbatore, Tamil Nadu, India",2024,11,5
2024-11-24,Potato,Mettupalayam,Other,Local,3660.09,4632.57,4068.8,INR/quintal,"Coimbatore, Tamil Nadu, India",2024,11,6
2024-11-25,Potato,Sulur,Red Nanital,Local,3876.47,4797.05,4329.69,INR/quintal,"Coimbatore, Tamil Nadu, India",2024,11,0
2024-11-26,Potato,Udumalpet,Other,Local,3973.77,4941.5,4342.7,INR/quintal,"Coimbatore, Tamil Nadu, India",2024,11,1
2024-11-27,Potato,Sulur,Red Nanital,Local,4249.17,5196.89,4589.86,INR/quintal,"Coimbatore, Tamil Nadu, India",2024,11,2
2024-11-28,Potato,Udumalpet,Red Nanital,Local,4220.78,5273.89,4676.81,INR/quintal,"Coimbatore, Tamil Nadu, India",2024,11,3
2024-11-29,Potato,Singanallur,Red Nanital,Local,4125.19,4972.04,4507.91,INR/quintal,"Coimbatore, Tamil Nadu, India",2024,11,4
2024-11-30,Potato,Sulur,Other,Local,4400.28,5403.85,4767.31,INR/quintal,"Coimbatore, Tamil Nadu, India",2024,11,5
2024-12-01,Potato,Udumalpet,Other,Local,3810.26,4776.12,4199.98,INR/quintal,"Coimbatore, Tamil Nadu, India",2024,12,6
2024-12-02,Potato,Singanallur,Red Nanital,Local,4027.92,4962.38,4408.23,INR/quintal,"Coimbatore, Tamil Nadu, India",2024,12,0
2024-12-03,Potato,RSPuram,Red Nanital,Local,3829.65,4991.03,4348.74,INR/quintal,"Coimbatore, Tamil Nadu, India",2024,12,1
2024-12-04,Potato,Sulur,Red Nanital,Local,3951.08,5063.78,4434.7,INR/quintal,"Coimbatore, Tamil Nadu, India",2024,12,2
2024-12-05,Potato,Singanallur,Other,Local,4041.0,4949.98,4470.21,INR/quintal,"Coimbatore, Tamil Nadu, India",2024,12,3
2024-12-06,Potato,RSPuram,Other,Local,4068.1,5073.84,4427.37,INR/quintal,"Coimbatore, Tamil Nadu, India",2024,12,4
2024-12-07,Potato,Mettupalayam,Other,Local,3964.16,4996.17,4496.2,INR/quintal,"Coimbatore, Tamil Nadu, India",2024,12,5
2024-12-08,Potato,Udumalpet,Other,Local,4156.53,5077.72,4576.92,INR/quintal,"Coimbatore, Tamil Nadu, India",2024,12,6
2024-12-09,Potato,Singanallur,Red Nanital,Local,4044.41,5107.01,4513.49,INR/quintal,"Coimbatore, Tamil Nadu, India",2024,12,0
2024-12-10,Potato,Singanallur,Red Nanital,Local,4257.94,5142.15,4630.17,INR/quintal,"Coimbatore, Tamil Nadu, India",2024,12,1
2024-12-11,Potato,Udumalpet,Red Nanital,Local,3758.7,4892.52,4267.24,INR/quintal,"Coimbatore, Tamil Nadu, India",2024,12,2
2024-12-12,Potato,RSPuram,Red Nanital,Local,3894.09,4840.03,4251.58,INR/quintal,"Coimbatore, Tamil Nadu, India",2024,12,3
2024-12-13,Potato,Sulur,Other,Local,4088.33,5044.92,4511.05,INR/quintal,"Coimbatore, Tamil Nadu, India",2024,12,4
2024-12-14,Potato,Mettupalayam,Other,Local,4194.67,5112.55,4683.03,INR/quintal,"Coimbatore, Tamil Nadu, India",2024,12,5
2024-12-15,Potato,Singanallur,Other,Local,4130.02,5189.49,4651.0,INR/quintal,"Coimbatore, Tamil Nadu, India",2024,12,6
2024-12-16,Potato,Udumalpet,Other,Local,4160.07,5053.2,4573.8,INR/quintal,"Coimbatore, Tamil Nadu, India",2024,12,0
2024-12-17,Potato,Sulur,Red Nanital,Local,4134.18,5167.32,4634.14,INR/quintal,"Coimbatore, Tamil Nadu, India",2024,12,1
2024-12-18,Potato,Mettupalayam,Red Nanital,Local,4269.99,5320.61,4720.04,INR/quintal,"Coimbatore, Tamil Nadu, India",2024,12,2
2024-12-19,Potato,Mettupalayam,Other,Local,4073.42,4975.71,4531.8,INR/quintal,"Coimbatore, Tamil Nadu, India",2024,12,3
2024-12-20,Potato,Mettupalayam,Other,Local,4114.17,5198.86,4618.64,INR/quintal,"Coimbatore, Tamil Nadu, India",2024,12,4
2024-12-21,Potato,Sulur,Red Nanital,Local,4457.93,5596.68,4961.77,INR/quintal,"Coimbatore, Tamil Nadu, India",2024,12,5
2024-12-22,Potato,Sulur,Red Nanital,Local,3990.39,5067.51,4458.87,INR/quintal,"Coimbatore, Tamil Nadu, India",2024,12,6
2024-12-23,Potato,RSPuram,Other,Local,4289.98,5164.06,4654.76,INR/quintal,"Coimbatore, Tamil Nadu, India",2024,12,0
2024-12-24,Potato,Udumalpet,Other,Local,4100.94,5119.83,4576.17,INR/quintal,"Coimbatore, Tamil Nadu, India",2024,12,1
2024-12-25,Potato,Sulur,Red Nanital,Local,4100.58,5233.03,4606.36,INR/quintal,"Coimbatore, Tamil Nadu, India",2024,12,2
2024-12-26,Potato,Mettupalayam,Red Nanital,Local,4539.49,5566.05,4990.74,INR/quintal,"Coimbatore, Tamil Nadu, India",2024,12,3
2024-12-27,Potato,Mettupalayam,Red Nanital,Local,4396.15,5320.93,4867.23,INR/quintal,"Coimbatore, Tamil Nadu, India",2024,12,4
2024-12-28,Potato,Singanallur,Red Nanital,Local,4219.15,5233.79,4701.99,INR/quintal,"Coimbatore, Tamil Nadu, India",2024,12,5
2024-12-29,Potato,Udumalpet,Other,Local,4183.67,5167.3,4578.67,INR/quintal,"Coimbatore, Tamil Nadu, India",2024,12,6
2024-12-30,Potato,Mettupalayam,Red Nanital,Local,4400.08,5395.62,4752.85,INR/quintal,"Coimbatore, Tamil Nadu, India",2024,12,0
2024-12-31,Potato,Sulur,Red Nanital,Local,4283.01,5311.03,4676.02,INR/quintal,"Coimbatore, Tamil Nadu, India",2024,12,1
2025-01-01,Potato,Sulur,Red Nanital,Local,4258.51,5263.67,4673.64,INR/quintal,"Coimbatore, Tamil Nadu, India",2025,1,2
2025-01-02,Potato,Mettupalayam,Red Nanital,Local,4513.82,5450.11,4989.85,INR/quintal,"Coimbatore, Tamil Nadu, India",2025,1,3
2025-01-03,Potato,Sulur,Other,Local,4467.52,5450.56,4881.73,INR/quintal,"Coimbatore, Tamil Nadu, India",2025,1,4
2025-01-04,Potato,Sulur,Red Nanital,Local,4363.11,5431.04,4882.63,INR/quintal,"Coimbatore, Tamil Nadu, India",2025,1,5
2025-01-05,Potato,RSPuram,Other,Local,4339.35,5273.18,4851.39,INR/quintal,"Coimbatore, Tamil Nadu, India",2025,1,6
2025-01-06,Potato,Udumalpet,Other,Local,4717.02,5696.04,5148.64,INR/quintal,"Coimbatore, Tamil Nadu, India",2025,1,0
2025-01-07,Potato,RSPuram,Red Nanital,Local,4278.86,5166.15,4624.41,INR/quintal,"Coimbatore, Tamil Nadu, India",2025,1,1
2025-01-08,Potato,Mettupalayam,Red Nanital,Local,4407.51,5401.33,4891.35,INR/quintal,"Coimbatore, Tamil Nadu, India",2025,1,2
2025-01-09,Potato,Singanallur,Other,Local,4076.41,5219.71,4598.23,INR/quintal,"Coimbatore, Tamil Nadu, India",2025,1,3
2025-01-10,Potato,Mettupalayam,Other,Local,4462.1,5422.57,4965.63,INR/quintal,"Coimbatore, Tamil Nadu, India",2025,1,4
2025-01-11,Potato,Mettupalayam,Other,Local,4255.58,5216.26,4745.26,INR/quintal,"Coimbatore, Tamil Nadu, India",2025,1,5
2025-01-12,Potato,RSPuram,Other,Local,4527.8,5470.89,4952.75,INR/quintal,"Coimbatore, Tamil Nadu, India",2025,1,6
2025-01-13,Potato,Singanallur,Red Nanital,Local,4041.54,5088.63,4503.39,INR/quintal,"Coimbatore, Tamil Nadu, India",2025,1,0
2025-01-14,Potato,Singanallur,Other,Local,3916.51,4919.66,4415.72,INR/quintal,"Coimbatore, Tamil Nadu, India",2025,1,1
2025-01-15,Potato,Udumalpet,Other,Local,4152.65,4982.0,4518.23,INR/quintal,"Coimbatore, Tamil Nadu, India",2025,1,2
2025-01-16,Potato,Udumalpet,Other,Local,4438.09,5451.51,4918.15,INR/quintal,"Coimbatore, Tamil Nadu, India",2025,1,3
2025-01-17,Potato,Sulur,Red Nanital,Local,4573.28,5661.94,5086.97,INR/quintal,"Coimbatore, Tamil Nadu, India",2025,1,4
2025-01-18,Potato,Udumalpet,Other,Local,4634.29,5517.38,5049.77,INR/quintal,"Coimbatore, Tamil Nadu, India",2025,1,5
2025-01-19,Potato,Sulur,Other,Local,4541.99,5342.82,4920.34,INR/quintal,"Coimbatore, Tamil Nadu, India",2025,1,6
2025-01-20,Potato,RSPuram,Other,Local,4699.76,5601.79,5148.71,INR/quintal,"Coimbatore, Tamil Nadu, India",2025,1,0
2025-01-21,Potato,RSPuram,Other,Local,4802.12,5636.5,5151.4,INR/quintal,"Coimbatore, Tamil Nadu, India",2025,1,1
2025-01-22,Potato,Udumalpet,Red Nanital,Local,4536.94,5607.61,4969.85,INR/quintal,"Coimbatore, Tamil Nadu, India",2025,1,2
2025-01-23,Potato,Mettupalayam,Red Nanital,Local,4643.28,5619.45,4983.46,INR/quintal,"Coimbatore, Tamil Nadu, India",2025,1,3
2025-01-24,Potato,RSPuram,Other,Local,4586.4,5707.57,5048.91,INR/quintal,"Coimbatore, Tamil Nadu, India",2025,1,4
2025-01-25,Potato,Sulur,Other,Local,4586.62,5632.88,5087.02,INR/quintal,"Coimbatore, Tamil Nadu, India",2025,1,5
2025-01-26,Potato,Udumalpet,Other,Local,4544.82,5534.98,4926.87,INR/quintal,"Coimbatore, Tamil Nadu, India",2025,1,6
2025-01-27,Potato,Singanallur,Other,Local,4711.38,5558.46,5118.68,INR/quintal,"Coimbatore, Tamil Nadu, India",2025,1,0
2025-01-28,Potato,Sulur,Red Nanital,Local,4647.65,5640.57,5066.7,INR/quintal,"Coimbatore, Tamil Nadu, India",2025,1,1
2025-01-29,Potato,RSPuram,Other,Local,4395.1,5378.04,4851.53,INR/quintal,"Coimbatore, Tamil Nadu, India",2025,1,2
2025-01-30,Potato,Sulur,Red Nanital,Local,4527.46,5410.44,4884.82,INR/quintal,"Coimbatore, Tamil Nadu, India",2025,1,3
2025-01-31,Potato,Mettupalayam,Red Nanital,Local,4246.76,5205.45,4769.86,INR/quintal,"Coimbatore, Tamil Nadu, India",2025,1,4
2025-02-01,Potato,Udumalpet,Other,Local,4741.17,5634.39,5142.2,INR/quintal,"Coimbatore, Tamil Nadu, India",2025,2,5
2025-02-02,Potato,RSPuram,Other,Local,4543.42,5495.12,5012.49,INR/quintal,"Coimbatore, Tamil Nadu, India",2025,2,6
2025-02-03,Potato,Sulur,Other,Local,4719.33,5520.62,5070.77,INR/quintal,"Coimbatore, Tamil Nadu, India",2025,2,0
2025-02-04,Potato,Singanallur,Other,Local,4865.77,5814.29,5274.34,INR/quintal,"Coimbatore, Tamil Nadu, India",2025,2,1
2025-02-05,Potato,Mettupalayam,Red Nanital,Local,4475.15,5395.51,4924.17,INR/quintal,"Coimbatore, Tamil Nadu, India",2025,2,2
2025-02-06,Potato,RSPuram,Red Nanital,Local,4503.18,5529.43,4888.63,INR/quintal,"Coimbatore, Tamil Nadu, India",2025,2,3
2025-02-07,Potato,Singanallur,Other,Local,4464.75,5631.03,5001.16,INR/quintal,"Coimbatore, Tamil Nadu, India",2025,2,4
2025-02-08,Potato,Sulur,Other,Local,4768.45,5733.48,5213.01,INR/quintal,"Coimbatore, Tamil Nadu, India",2025,2,5
2025-02-09,Potato,Singanallur,Red Nanital,Local,4758.38,5790.95,5231.25,INR/quintal,"Coimbatore, Tamil Nadu, India",2025,2,6
2025-02-10,Potato,Singanallur,Red Nanital,Local,4768.87,5545.92,5111.32,INR/quintal,"Coimbatore, Tamil Nadu, India",2025,2,0
2025-02-11,Potato,RSPuram,Red Nanital,Local,4763.56,5718.14,5182.31,INR/quintal,"Coimbatore, Tamil Nadu, India",2025,2,1
2025-02-12,Potato,Singanallur,Red Nanital,Local,4726.07,5565.17,5100.58,INR/quintal,"Coimbatore, Tamil Nadu, India",2025,2,2
2025-02-13,Potato,Singanallur,Red Nanital,Local,5070.53,6089.69,5572.43,INR/quintal,"Coimbatore, Tamil Nadu, India",2025,2,3
2025-02-14,Potato,Sulur,Other,Local,4832.58,5907.24,5250.98,INR/quintal,"Coimbatore, Tamil Nadu, India",2025,2,4
2025-02-15,Potato,Mettupalayam,Red Nanital,Local,4645.86,5645.45,5008.72,INR/quintal,"Coimbatore, Tamil Nadu, India",2025,2,5
2025-02-16,Potato,RSPuram,Other,Local,5007.99,5990.46,5399.91,INR/quintal,"Coimbatore, Tamil Nadu, India",2025,2,6
2025-02-17,Potato,Udumalpet,Red Nanital,Local,4682.91,5653.93,5216.03,INR/quintal,"Coimbatore, Tamil Nadu, India",2025,2,0
2025-02-18,Potato,RSPuram,Other,Local,5195.12,6126.65,5607.95,INR/quintal,"Coimbatore, Tamil Nadu, India",2025,2,1
2025-02-19,Potato,Udumalpet,Red Nanital,Local,4804.05,5789.71,5244.87,INR/quintal,"Coimbatore, Tamil Nadu, India",2025,2,2
2025-02-20,Potato,Mettupalayam,Red Nanital,Local,4728.42,5756.18,5218.5,INR/quintal,"Coimbatore, Tamil Nadu, India",2025,2,3
2025-02-21,Potato,Singanallur,Other,Local,4953.62,5854.21,5377.88,INR/quintal,"Coimbatore, Tamil Nadu, India",2025,2,4
2025-02-22,Potato,Singanallur,Red Nanital,Local,5100.47,6032.12,5438.61,INR/quintal,"Coimbatore, Tamil Nadu, India",2025,2,5
2025-02-23,Potato,Sulur,Other,Local,5087.74,5987.72,5463.9,INR/quintal,"Coimbatore, Tamil Nadu, India",2025,2,6
2025-02-24,Potato,Udumalpet,Red Nanital,Local,5100.1,6018.3,5479.8,INR/quintal,"Coimbatore, Tamil Nadu, India",2025,2,0
2025-02-25,Potato,Singanallur,Red Nanital,Local,4849.0,5916.56,5305.9,INR/quintal,"Coimbatore, Tamil Nadu, India",2025,2,1
2025-02-26,Potato,Udumalpet,Red Nanital,Local,5050.02,6100.09,5447.45,INR/quintal,"Coimbatore, Tamil Nadu, India",2025,2,2
2025-02-27,Potato,Udumalpet,Other,Local,4883.29,5968.76,5329.8,INR/quintal,"Coimbatore, Tamil Nadu, India",2025,2,3
2025-02-28,Potato,Mettupalayam,Other,Local,5194.8,6283.87,5639.89,INR/quintal,"Coimbatore, Tamil Nadu, India",2025,2,4
2025-03-01,Potato,RSPuram,Other,Local,5009.86,6047.5,5467.06,INR/quintal,"Coimbatore, Tamil Nadu, India",2025,3,5
2025-03-02,Potato,RSPuram,Other,Local,4564.44,5446.87,4980.86,INR/quintal,"Coimbatore, Tamil Nadu, India",2025,3,6
2025-03-03,Potato,RSPuram,Red Nanital,Local,5072.49,6112.12,5514.69,INR/quintal,"Coimbatore, Tamil Nadu, India",2025,3,0
2025-03-04,Potato,RSPuram,Other,Local,4965.72,6056.8,5461.54,INR/quintal,"Coimbatore, Tamil Nadu, India",2025,3,1
2025-03-05,Potato,RSPuram,Other,Local,5002.4,5921.51,5460.07,INR/quintal,"Coimbatore, Tamil Nadu, India",2025,3,2
2025-03-06,Potato,Sulur,Red Nanital,Local,4767.19,5722.81,5277.67,INR/quintal,"Coimbatore, Tamil Nadu, India",2025,3,3
2025-03-07,Potato,Mettupalayam,Other,Local,4882.21,5840.83,5380.0,INR/quintal,"Coimbatore, Tamil Nadu, India",2025,3,4
2025-03-08,Potato,Mettupalayam,Red Nanital,Local,5200.06,6100.68,5552.78,INR/quintal,"Coimbatore, Tamil Nadu, India",2025,3,5
2025-03-09,Potato,Mettupalayam,Other,Local,4613.3,5558.4,4977.66,INR/quintal,"Coimbatore, Tamil Nadu, India",2025,3,6
2025-03-10,Potato,Singanallur,Other,Local,4926.47,5879.59,5409.03,INR/quintal,"Coimbatore, Tamil Nadu, India",2025,3,0
2025-03-11,Potato,RSPuram,Other,Local,4829.69,5863.93,5328.42,INR/quintal,"Coimbatore, Tamil Nadu, India",2025,3,1
2025-03-12,Potato,Sulur,Red Nanital,Local,5223.98,6284.8,5625.4,INR/quintal,"Coimbatore, Tamil Nadu, India",2025,3,2
2025-03-13,Potato,RSPuram,Other,Local,4866.07,5957.75,5372.32,INR/quintal,"Coimbatore, Tamil Nadu, India",2025,3,3
2025-03-14,Potato,Mettupalayam,Red Nanital,Local,5153.91,6150.32,5661.58,INR/quintal,"Coimbatore, Tamil Nadu, India",2025,3,4
2025-03-15,Potato,RSPuram,Other,Local,4891.91,5807.43,5371.54,INR/quintal,"Coimbatore, Tamil Nadu, India",2025,3,5
2025-03-16,Potato,Sulur,Red Nanital,Local,4798.96,5754.2,5152.24,INR/quintal,"Coimbatore, Tamil Nadu, India",2025,3,6
2025-03-17,Potato,Sulur,Other,Local,4965.98,6051.07,5504.22,INR/quintal,"Coimbatore, Tamil Nadu, India",2025,3,0
2025-03-18,Potato,Mettupalayam,Other,Local,4839.97,5795.4,5279.92,INR/quintal,"Coimbatore, Tamil Nadu, India",2025,3,1
2025-03-19,Potato,Singanallur,Red Nanital,Local,4839.77,5829.82,5195.0,INR/quintal,"Coimbatore, Tamil Nadu, India",2025,3,2
2025-03-20,Potato,Udumalpet,Other,Local,4955.19,5971.95,5438.57,INR/quintal,"Coimbatore, Tamil Nadu, India",2025,3,3
2025-03-21,Potato,Udumalpet,Other,Local,4988.02,6101.03,5519.92,INR/quintal,"Coimbatore, Tamil Nadu, India",2025,3,4
2025-03-22,Potato,Singanallur,Other,Local,4965.78,6079.21,5454.23,INR/quintal,"Coimbatore, Tamil Nadu, India",2025,3,5
2025-03-23,Potato,Udumalpet,Other,Local,4848.0,5801.11,5354.9,INR/quintal,"Coimbatore, Tamil Nadu, India",2025,3,6
2025-03-24,Potato,RSPuram,Other,Local,4505.4,5539.35,5041.1,INR/quintal,"Coimbatore, Tamil Nadu, India",2025,3,0
2025-03-25,Potato,Singanallur,Other,Local,5000.91,6063.5,5420.82,INR/quintal,"Coimbatore, Tamil Nadu, India",2025,3,1
2025-03-26,Potato,Mettupalayam,Other,Local,4961.36,5751.34,5332.52,INR/quintal,"Coimbatore, Tamil Nadu, India",2025,3,2
2025-03-27,Potato,RSPuram,Other,Local,5091.62,6205.99,5600.72,INR/quintal,"Coimbatore, Tamil Nadu, India",2025,3,3
2025-03-28,Potato,Mettupalayam,Other,Local,4698.85,5699.15,5233.35,INR/quintal,"Coimbatore, Tamil Nadu, India",2025,3,4
2025-03-29,Potato,Mettupalayam,Other,Local,4702.06,5696.96,5176.65,INR/quintal,"Coimbatore, Tamil Nadu, India",2025,3,5
2025-03-30,Potato,Mettupalayam,Other,Local,5060.1,6019.73,5458.35,INR/quintal,"Coimbatore, Tamil Nadu, India",2025,3,6
2025-03-31,Potato,Singanallur,Red Nanital,Local,5224.65,6141.59,5620.84,INR/quintal,"Coimbatore, Tamil Nadu, India",2025,3,0
2025-04-01,Potato,RSPuram,Red Nanital,Local,5085.41,6137.71,5541.41,INR/quintal,"Coimbatore, Tamil Nadu, India",2025,4,1
2025-04-02,Potato,Singanallur,Other,Local,4798.36,5940.93,5316.37,INR/quintal,"Coimbatore, Tamil Nadu, India",2025,4,2
2025-04-03,Potato,RSPuram,Red Nanital,Local,5152.63,6066.61,5506.81,INR/quintal,"Coimbatore, Tamil Nadu, India",2025,4,3
2025-04-04,Potato,Sulur,Other,Local,4766.22,5816.94,5286.11,INR/quintal,"Coimbatore, Tamil Nadu, India",2025,4,4
2025-04-05,Potato,Singanallur,Other,Local,4908.53,6000.52,5391.97,INR/quintal,"Coimbatore, Tamil Nadu, India",2025,4,5
2025-04-06,Potato,RSPuram,Red Nanital,Local,5070.65,6028.28,5581.92,INR/quintal,"Coimbatore, Tamil Nadu, India",2025,4,6
2025-04-07,Potato,Sulur,Other,Local,4801.63,5944.19,5313.2,INR/quintal,"Coimbatore, Tamil Nadu, India",2025,4,0
2025-04-08,Potato,Sulur,Other,Local,4856.37,5871.8,5241.26,INR/quintal,"Coimbatore, Tamil Nadu, India",2025,4,1
2025-04-09,Potato,RSPuram,Red Nanital,Local,5170.75,6124.58,5677.63,INR/quintal,"Coimbatore, Tamil Nadu, India",2025,4,2
2025-04-10,Potato,Sulur,Red Nanital,Local,4803.36,5930.55,5313.46,INR/quintal,"Coimbatore, Tamil Nadu, India",2025,4,3
2025-04-11,Potato,Mettupalayam,Other,Local,4828.93,5984.53,5357.11,INR/quintal,"Coimbatore, Tamil Nadu, India",2025,4,4
2025-04-12,Potato,Udumalpet,Other,Local,5264.02,6196.53,5609.33,INR/quintal,"Coimbatore, Tamil Nadu, India",2025,4,5
2025-04-13,Potato,Singanallur,Red Nanital,Local,4921.67,5976.54,5402.77,INR/quintal,"Coimbatore, Tamil Nadu, India",2025,4,6
2025-04-14,Potato,Udumalpet,Other,Local,5063.53,5875.87,5445.11,INR/quintal,"Coimbatore, Tamil Nadu, India",2025,4,0
2025-04-15,Potato,Mettupalayam,Red Nanital,Local,4592.67,5462.1,4989.37,INR/quintal,"Coimbatore, Tamil Nadu, India",2025,4,1
2025-04-16,Potato,RSPuram,Red Nanital,Local,4994.32,6034.31,5491.79,INR/quintal,"Coimbatore, Tamil Nadu, India",2025,4,2
2025-04-17,Potato,Sulur,Other,Local,4682.83,5773.56,5191.1,INR/quintal,"Coimbatore, Tamil Nadu, India",2025,4,3
2025-04-18,Potato,RSPuram,Red Nanital,Local,4806.39,5674.29,5253.9,INR/quintal,"Coimbatore, Tamil Nadu, India",2025,4,4
2025-04-19,Potato,Udumalpet,Red Nanital,Local,4981.33,5987.86,5444.94,INR/quintal,"Coimbatore, Tamil Nadu, India",2025,4,5
2025-04-20,Potato,Udumalpet,Other,Local,4969.92,6045.89,5489.94,INR/quintal,"Coimbatore, Tamil Nadu, India",2025,4,6
2025-04-21,Potato,Sulur,Red Nanital,Local,4892.58,5886.02,5291.1,INR/quintal,"Coimbatore, Tamil Nadu, India",2025,4,0
2025-04-22,Potato,RSPuram,Red Nanital,Local,4740.56,5667.72,5241.38,INR/quintal,"Coimbatore, Tamil Nadu, India",2025,4,1
2025-04-23,Potato,Udumalpet,Other,Local,4978.69,5819.07,5316.3,INR/quintal,"Coimbatore, Tamil Nadu, India",2025,4,2
2025-04-24,Potato,Sulur,Other,Local,5041.73,6128.6,5504.28,INR/quintal,"Coimbatore, Tamil Nadu, India",2025,4,3
2025-04-25,Potato,RSPuram,Other,Local,4850.61,5789.74,5290.55,INR/quintal,"Coimbatore, Tamil Nadu, India",2025,4,4
2025-04-26,Potato,Sulur,Red Nanital,Local,4937.43,6034.15,5474.72,INR/quintal,"Coimbatore, Tamil Nadu, India",2025,4,5
2025-04-27,Potato,Udumalpet,Other,Local,5463.94,6277.38,5808.49,INR/quintal,"Coimbatore, Tamil Nadu, India",2025,4,6
2025-04-28,Potato,Mettupalayam,Other,Local,5098.79,5974.4,5555.17,INR/quintal,"Coimbatore, Tamil Nadu, India",2025,4,0
2025-04-29,Potato,Singanallur,Red Nanital,Local,4778.12,5573.35,5120.86,INR/quintal,"Coimbatore, Tamil Nadu, India",2025,4,1
2025-04-30,Potato,Sulur,Other,Local,4816.68,5664.39,5175.3,INR/quintal,"Coimbatore, Tamil Nadu, India",2025,4,2
2025-05-01,Potato,Mettupalayam,Other,Local,4990.77,5982.99,5349.0,INR/quintal,"Coimbatore, Tamil Nadu, India",2025,5,3
2025-05-02,Potato,RSPuram,Red Nanital,Local,4800.35,5865.95,5216.78,INR/quintal,"Coimbatore, Tamil Nadu, India",2025,5,4
2025-05-03,Potato,RSPuram,Other,Local,4586.8,5536.67,5091.08,INR/quintal,"Coimbatore, Tamil Nadu, India",2025,5,5
2025-05-04,Potato,Udumalpet,Other,Local,5025.73,6017.2,5482.41,INR/quintal,"Coimbatore, Tamil Nadu, India",2025,5,6
2025-05-05,Potato,RSPuram,Red Nanital,Local,4827.8,5738.88,5249.41,INR/quintal,"Coimbatore, Tamil Nadu, India",2025,5,0
2025-05-06,Potato,Sulur,Red Nanital,Local,5037.84,6012.92,5426.33,INR/quintal,"Coimbatore, Tamil Nadu, India",2025,5,1
2025-05-07,Potato,Udumalpet,Red Nanital,Local,4490.89,5571.21,5015.02,INR/quintal,"Coimbatore, Tamil Nadu, India",2025,5,2
2025-05-08,Potato,Singanallur,Other,Local,4841.8,5801.44,5230.56,INR/quintal,"Coimbatore, Tamil Nadu, India",2025,5,3
2025-05-09,Potato,Mettupalayam,Red Nanital,Local,4983.23,6044.05,5414.69,INR/quintal,"Coimbatore, Tamil Nadu, India",2025,5,4
2025-05-10,Potato,RSPuram,Other,Local,4894.19,5750.03,5256.03,INR/quintal,"Coimbatore, Tamil Nadu, India",2025,5,5
2025-05-11,Potato,Sulur,Red Nanital,Local,4601.39,5529.49,4947.09,INR/quintal,"Coimbatore, Tamil Nadu, India",2025,5,6
2025-05-12,Potato,Sulur,Other,Local,4964.78,6013.76,5407.79,INR/quintal,"Coimbatore, Tamil Nadu, India",2025,5,0
2025-05-13,Potato,Udumalpet,Other,Local,5115.79,6117.51,5561.61,INR/quintal,"Coimbatore, Tamil Nadu, India",2025,5,1
2025-05-14,Potato,RSPuram,Red Nanital,Local,4466.58,5492.43,4952.34,INR/quintal,"Coimbatore, Tamil Nadu, India",2025,5,2
2025-05-15,Potato,Sulur,Red Nanital,Local,4816.86,5741.25,5214.59,INR/quintal,"Coimbatore, Tamil Nadu, India",2025,5,3
2025-05-16,Potato,RSPuram,Red Nanital,Local,4767.93,5626.53,5122.0,INR/quintal,"Coimbatore, Tamil Nadu, India",2025,5,4
2025-05-17,Potato,Singanallur,Other,Local,4669.44,5537.69,5034.24,INR/quintal,"Coimbatore, Tamil Nadu, India",2025,5,5
2025-05-18,Potato,Mettupalayam,Red Nanital,Local,4745.21,5616.88,5121.32,INR/quintal,"Coimbatore, Tamil Nadu, India",2025,5,6
2025-05-19,Potato,RSPuram,Red Nanital,Local,4593.29,5725.7,5107.65,INR/quintal,"Coimbatore, Tamil Nadu, India",2025,5,0
2025-05-20,Potato,RSPuram,Other,Local,5208.23,5990.64,5570.51,INR/quintal,"Coimbatore, Tamil Nadu, India",2025,5,1
2025-05-21,Potato,Sulur,Red Nanital,Local,4988.53,5976.44,5505.62,INR/quintal,"Coimbatore, Tamil Nadu, India",2025,5,2
2025-05-22,Potato,Singanallur,Red Nanital,Local,5295.74,6323.04,5720.78,INR/quintal,"Coimbatore, Tamil Nadu, India",2025,5,3
2025-05-23,Potato,Mettupalayam,Other,Local,4607.05,5536.24,5041.63,INR/quintal,"Coimbatore, Tamil Nadu, India",2025,5,4
2025-05-24,Potato,Udumalpet,Other,Local,4523.65,5567.7,5043.03,INR/quintal,"Coimbatore, Tamil Nadu, India",2025,5,5
2025-05-25,Potato,Sulur,Other,Local,4898.54,5718.04,5237.82,INR/quintal,"Coimbatore, Tamil Nadu, India",2025,5,6
2025-05-26,Potato,Udumalpet,Other,Local,5245.08,6170.19,5716.62,INR/quintal,"Coimbatore, Tamil Nadu, India",2025,5,0
2025-05-27,Potato,Mettupalayam,Other,Local,4887.45,5875.01,5388.23,INR/quintal,"Coimbatore, Tamil Nadu, India",2025,5,1
2025-05-28,Potato,Singanallur,Red Nanital,Local,4505.44,5511.45,4975.75,INR/quintal,"Coimbatore, Tamil Nadu, India",2025,5,2
2025-05-29,Potato,RSPuram,Other,Local,4876.35,5985.88,5399.72,INR/quintal,"Coimbatore, Tamil Nadu, India",2025,5,3
2025-05-30,Potato,RSPuram,Other,Local,4791.25,5894.96,5289.79,INR/quintal,"Coimbatore, Tamil Nadu, India",2025,5,4
2025-05-31,Potato,Udumalpet,Red Nanital,Local,5037.65,5969.59,5378.56,INR/quintal,"Coimbatore, Tamil Nadu, India",2025,5,5
2025-06-01,Potato,Mettupalayam,Red Nanital,Local,4741.88,5644.36,5161.34,INR/quintal,"Coimbatore, Tamil Nadu, India",2025,6,6
2025-06-02,Potato,Sulur,Red Nanital,Local,4657.19,5770.72,5178.77,INR/quintal,"Coimbatore, Tamil Nadu, India",2025,6,0
2025-06-03,Potato,Sulur,Red Nanital,Local,4451.85,5498.93,4841.9,INR/quintal,"Coimbatore, Tamil Nadu, India",2025,6,1
2025-06-04,Potato,Singanallur,Other,Local,4744.6,5733.99,5252.61,INR/quintal,"Coimbatore, Tamil Nadu, India",2025,6,2
2025-06-05,Potato,Sulur,Red Nanital,Local,4510.14,5567.75,5013.0,INR/quintal,"Coimbatore, Tamil Nadu, India",2025,6,3
2025-06-06,Potato,Singanallur,Red Nanital,Local,4454.49,5511.6,4894.06,INR/quintal,"Coimbatore, Tamil Nadu, India",2025,6,4
2025-06-07,Potato,Udumalpet,Red Nanital,Local,4497.51,5390.96,4884.43,INR/quintal,"Coimbatore, Tamil Nadu, India",2025,6,5
2025-06-08,Potato,Udumalpet,Other,Local,4370.57,5462.88,4884.12,INR/quintal,"Coimbatore, Tamil Nadu, India",2025,6,6
2025-06-09,Potato,Sulur,Red Nanital,Local,4603.28,5679.09,5142.64,INR/quintal,"Coimbatore, Tamil Nadu, India",2025,6,0
2025-06-10,Potato,Udumalpet,Red Nanital,Local,4608.14,5702.59,5146.64,INR/quintal,"Coimbatore, Tamil Nadu, India",2025,6,1
2025-06-11,Potato,Udumalpet,Other,Local,4491.43,5497.07,4923.48,INR/quintal,"Coimbatore, Tamil Nadu, India",2025,6,2
2025-06-12,Potato,Singanallur,Other,Local,4266.48,5276.17,4783.84,INR/quintal,"Coimbatore, Tamil Nadu, India",2025,6,3
2025-06-13,Potato,Singanallur,Other,Local,4499.53,5630.58,5036.51,INR/quintal,"Coimbatore, Tamil Nadu, India",2025,6,4
2025-06-14,Potato,RSPuram,Red Nanital,Local,4490.06,5463.69,4959.84,INR/quintal,"Coimbatore, Tamil Nadu, India",2025,6,5
2025-06-15,Potato,RSPuram,Other,Local,4275.22,5215.3,4648.72,INR/quintal,"Coimbatore, Tamil Nadu, India",2025,6,6
2025-06-16,Potato,Singanallur,Red Nanital,Local,4355.71,5446.2,4877.75,INR/quintal,"Coimbatore, Tamil Nadu, India",2025,6,0
2025-06-17,Potato,Mettupalayam,Other,Local,4421.71,5281.12,4863.57,INR/quintal,"Coimbatore, Tamil Nadu, India",2025,6,1
2025-06-18,Potato,Udumalpet,Other,Local,4329.77,5265.49,4834.06,INR/quintal,"Coimbatore, Tamil Nadu, India",2025,6,2
2025-06-19,Potato,Sulur,Red Nanital,Local,4449.07,5342.52,4856.36,INR/quintal,"Coimbatore, Tamil Nadu, India",2025,6,3
2025-06-20,Potato,Udumalpet,Red Nanital,Local,4279.72,5406.24,4749.0,INR/quintal,"Coimbatore, Tamil Nadu, India",2025,6,4
2025-06-21,Potato,Sulur,Other,Local,4479.19,5412.83,4989.24,INR/quintal,"Coimbatore, Tamil Nadu, India",2025,6,5
2025-06-22,Potato,Mettupalayam,Other,Local,4481.68,5592.29,4990.38,INR/quintal,"Coimbatore, Tamil Nadu, India",2025,6,6
2025-06-23,Potato,Udumalpet,Other,Local,4686.84,5707.37,5137.67,INR/quintal,"Coimbatore, Tamil Nadu, India",2025,6,0
2025-06-24,Potato,Mettupalayam,Red Nanital,Local,4476.17,5426.1,5008.21,INR/quintal,"Coimbatore, Tamil Nadu, India",2025,6,1
2025-06-25,Potato,Mettupalayam,Other,Local,4528.57,5577.37,5032.25,INR/quintal,"Coimbatore, Tamil Nadu, India",2025,6,2
2025-06-26,Potato,RSPuram,Red Nanital,Local,4633.49,5591.47,5139.42,INR/quintal,"Coimbatore, Tamil Nadu, India",2025,6,3
2025-06-27,Potato,RSPuram,Red Nanital,Local,4442.18,5292.23,4821.78,INR/quintal,"Coimbatore, Tamil Nadu, India",2025,6,4
2025-06-28,Potato,Udumalpet,Other,Local,4674.67,5707.24,5102.39,INR/quintal,"Coimbatore, Tamil Nadu, India",2025,6,5
2025-06-29,Potato,Mettupalayam,Other,Local,4435.05,5443.07,4809.46,INR/quintal,"Coimbatore, Tamil Nadu, India",2025,6,6
2025-06-30,Potato,Sulur,Red Nanital,Local,4592.65,5473.68,5004.06,INR/quintal,"Coimbatore, Tamil Nadu, India",2025,6,0
2025-07-01,Potato,Sulur,Red Nanital,Local,4234.22,5100.36,4572.62,INR/quintal,"Coimbatore, Tamil Nadu, India",2025,7,1
2025-07-02,Potato,Sulur,Other,Local,4201.04,5227.41,4635.85,INR/quintal,"Coimbatore, Tamil Nadu, India",2025,7,2
2025-07-03,Potato,Mettupalayam,Other,Local,4471.52,5515.32,4894.6,INR/quintal,"Coimbatore, Tamil Nadu, India",2025,7,3
2025-07-04,Potato,RSPuram,Other,Local,4397.96,5486.8,4879.95,INR/quintal,"Coimbatore, Tamil Nadu, India",2025,7,4
2025-07-05,Potato,Udumalpet,Red Nanital,Local,4388.39,5393.45,4897.31,INR/quintal,"Coimbatore, Tamil Nadu, India",2025,7,5
2025-07-06,Potato,Singanallur,Other,Local,4211.66,5242.32,4695.73,INR/quintal,"Coimbatore, Tamil Nadu, India",2025,7,6
2025-07-07,Potato,Udumalpet,Other,Local,4098.39,5232.51,4596.33,INR/quintal,"Coimbatore, Tamil Nadu, India",2025,7,0
2025-07-08,Potato,Udumalpet,Red Nanital,Local,4326.1,5114.23,4700.52,INR/quintal,"Coimbatore, Tamil Nadu, India",2025,7,1
2025-07-09,Potato,Sulur,Red Nanital,Local,3892.6,4894.98,4339.3,INR/quintal,"Coimbatore, Tamil Nadu, India",2025,7,2
2025-07-10,Potato,RSPuram,Other,Local,4200.41,5278.64,4675.65,INR/quintal,"Coimbatore, Tamil Nadu, India",2025,7,3
2025-07-11,Potato,RSPuram,Red Nanital,Local,4175.17,5183.79,4589.1,INR/quintal,"Coimbatore, Tamil Nadu, India",2025,7,4
2025-07-12,Potato,Mettupalayam,Other,Local,4259.75,5217.62,4660.14,INR/quintal,"Coimbatore, Tamil Nadu, India",2025,7,5
2025-07-13,Potato,Sulur,Red Nanital,Local,4122.89,5068.44,4562.71,INR/quintal,"Coimbatore, Tamil Nadu, India",2025,7,6
2025-07-14,Potato,RSPuram,Other,Local,4378.81,5522.27,4894.24,INR/quintal,"Coimbatore, Tamil Nadu, India",2025,7,0
2025-07-15,Potato,Sulur,Other,Local,4374.54,5427.13,4856.23,INR/quintal,"Coimbatore, Tamil Nadu, India",2025,7,1
2025-07-16,Potato,Singanallur,Other,Local,3749.29,4914.25,4284.83,INR/quintal,"Coimbatore, Tamil Nadu, India",2025,7,2
2025-07-17,Potato,Singanallur,Other,Local,4124.06,5032.25,4586.74,INR/quintal,"Coimbatore, Tamil Nadu, India",2025,7,3
2025-07-18,Potato,Mettupalayam,Red Nanital,Local,4269.33,5338.0,4754.37,INR/quintal,"Coimbatore, Tamil Nadu, India",2025,7,4
2025-07-19,Potato,RSPuram,Red Nanital,Local,4040.05,4966.81,4522.54,INR/quintal,"Coimbatore, Tamil Nadu, India",2025,7,5
2025-07-20,Potato,Sulur,Red Nanital,Local,4247.6,5396.31,4773.9,INR/quintal,"Coimbatore, Tamil Nadu, India",2025,7,6
2025-07-21,Potato,RSPuram,Other,Local,4041.42,5192.73,4574.79,INR/quintal,"Coimbatore, Tamil Nadu, India",2025,7,0
2025-07-22,Potato,Udumalpet,Red Nanital,Local,4413.27,5406.01,4771.18,INR/quintal,"Coimbatore, Tamil Nadu, India",2025,7,1
2025-07-23,Potato,Singanallur,Other,Local,4229.62,5097.42,4621.1,INR/quintal,"Coimbatore, Tamil Nadu, India",2025,7,2
2025-07-24,Potato,RSPuram,Other,Local,4201.05,5138.71,4690.19,INR/quintal,"Coimbatore, Tamil Nadu, India",2025,7,3
2025-07-25,Potato,Mettupalayam,Other,Local,4086.59,5093.07,4464.94,INR/quintal,"Coimbatore, Tamil Nadu, India",2025,7,4
2025-07-26,Potato,RSPuram,Red Nanital,Local,4175.8,5143.44,4699.31,INR/quintal,"Coimbatore, Tamil Nadu, India",2025,7,5
2025-07-27,Potato,Udumalpet,Red Nanital,Local,4007.3,4789.58,4364.85,INR/quintal,"Coimbatore, Tamil Nadu, India",2025,7,6
2025-07-28,Potato,Udumalpet,Red Nanital,Local,3914.67,4930.69,4441.56,INR/quintal,"Coimbatore, Tamil Nadu, India",2025,7,0
2025-07-29,Potato,Mettupalayam,Other,Local,3977.98,4858.88,4413.61,INR/quintal,"Coimbatore, Tamil Nadu, India",2025,7,1
2025-07-30,Potato,Mettupalayam,Other,Local,4291.18,5167.22,4646.66,INR/quintal,"Coimbatore, Tamil Nadu, India",2025,7,2
2025-07-31,Potato,RSPuram,Red Nanital,Local,4156.86,4959.94,4512.57,INR/quintal,"Coimbatore, Tamil Nadu, India",2025,7,3
2025-08-01,Potato,Singanallur,Red Nanital,Local,4334.02,5333.11,4699.41,INR/quintal,"Coimbatore, Tamil Nadu, India",2025,8,4
2025-08-02,Potato,Mettupalayam,Other,Local,4318.34,5182.4,4671.65,INR/quintal,"Coimbatore, Tamil Nadu, India",2025,8,5
2025-08-03,Potato,Mettupalayam,Red Nanital,Local,4193.76,5163.05,4547.13,INR/quintal,"Coimbatore, Tamil Nadu, India",2025,8,6
2025-08-04,Potato,Sulur,Other,Local,3937.37,4847.52,4411.52,INR/quintal,"Coimbatore, Tamil Nadu, India",2025,8,0
2025-08-05,Potato,RSPuram,Red Nanital,Local,3859.23,4819.51,4333.2,INR/quintal,"Coimbatore, Tamil Nadu, India",2025,8,1
2025-08-06,Potato,Udumalpet,Red Nanital,Local,4081.25,5025.38,4536.12,INR/quintal,"Coimbatore, Tamil Nadu, India",2025,8,2
2025-08-07,Potato,RSPuram,Other,Local,4100.7,4997.21,4559.25,INR/quintal,"Coimbatore, Tamil Nadu, India",2025,8,3
2025-08-08,Potato,Mettupalayam,Red Nanital,Local,4216.25,5329.56,4755.51,INR/quintal,"Coimbatore, Tamil Nadu, India",2025,8,4
2025-08-09,Potato,RSPuram,Red Nanital,Local,3849.22,4753.28,4267.19,INR/quintal,"Coimbatore, Tamil Nadu, India",2025,8,5
2025-08-10,Potato,Singanallur,Other,Local,3820.75,4922.94,4325.05,INR/quintal,"Coimbatore, Tamil Nadu, India",2025,8,6
2025-08-11,Potato,RSPuram,Other,Local,3989.01,4937.27,4415.37,INR/quintal,"Coimbatore, Tamil Nadu, India",2025,8,0
2025-08-12,Potato,Udumalpet,Other,Local,3541.55,4416.86,3901.77,INR/quintal,"Coimbatore, Tamil Nadu, India",2025,8,1
2025-08-13,Potato,Sulur,Other,Local,3926.02,4917.89,4453.02,INR/quintal,"Coimbatore, Tamil Nadu, India",2025,8,2
2025-08-14,Potato,Sulur,Other,Local,4232.99,5342.41,4699.58,INR/quintal,"Coimbatore, Tamil Nadu, India",2025,8,3
2025-08-15,Potato,Singanallur,Red Nanital,Local,4079.87,5037.04,4470.8,INR/quintal,"Coimbatore, Tamil Nadu, India",2025,8,4
2025-08-16,Potato,Mettupalayam,Red Nanital,Local,3808.67,4744.97,4323.15,INR/quintal,"Coimbatore, Tamil Nadu, India",2025,8,5
2025-08-17,Potato,Singanallur,Other,Local,4035.89,4993.18,4565.49,INR/quintal,"Coimbatore, Tamil Nadu, India",2025,8,6
2025-08-18,Potato,Udumalpet,Red Nanital,Local,4051.79,4906.92,4455.75,INR/quintal,"Coimbatore, Tamil Nadu, India",2025,8,0
2025-08-19,Potato,Udumalpet,Red Nanital,Local,3920.73,4974.84,4376.65,INR/quintal,"Coimbatore, Tamil Nadu, India",2025,8,1
2025-08-20,Potato,Udumalpet,Other,Local,3983.97,5017.76,4374.99,INR/quintal,"Coimbatore, Tamil Nadu, India",2025,8,2
2025-08-21,Potato,RSPuram,Red Nanital,Local,3735.34,4748.49,4195.35,INR/quintal,"Coimbatore, Tamil Nadu, India",2025,8,3
2025-08-22,Potato,RSPuram,Red Nanital,Local,4060.27,4950.41,4460.96,INR/quintal,"Coimbatore, Tamil Nadu, India",2025,8,4
2025-08-23,Potato,Udumalpet,Other,Local,3727.77,4803.17,4245.28,INR/quintal,"Coimbatore, Tamil Nadu, India",2025,8,5
2025-08-24,Potato,Mettupalayam,Other,Local,3840.4,4791.43,4372.38,INR/quintal,"Coimbatore, Tamil Nadu, India",2025,8,6
2025-08-25,Potato,Sulur,Red Nanital,Local,3381.74,4401.28,3855.88,INR/quintal,"Coimbatore, Tamil Nadu, India",2025,8,0
2025-08-26,Potato,Udumalpet,Other,Local,3810.58,4932.03,4318.24,INR/quintal,"Coimbatore, Tamil Nadu, India",2025,8,1
2025-08-27,Potato,Udumalpet,Red Nanital,Local,3967.37,4931.4,4442.11,INR/quintal,"Coimbatore, Tamil Nadu, India",2025,8,2
2025-08-28,Potato,Mettupalayam,Red Nanital,Local,3646.13,4681.38,4133.95,INR/quintal,"Coimbatore, Tamil Nadu, India",2025,8,3
2025-08-29,Potato,RSPuram,Other,Local,3482.31,4433.81,3955.54,INR/quintal,"Coimbatore, Tamil Nadu, India",2025,8,4
2025-08-30,Potato,Udumalpet,Red Nanital,Local,3627.64,4566.54,3977.46,INR/quintal,"Coimbatore, Tamil Nadu, India",2025,8,5
2025-08-31,Potato,RSPuram,Other,Local,3555.27,4581.08,4019.46,INR/quintal,"Coimbatore, Tamil Nadu, India",2025,8,6
2025-09-01,Potato,Udumalpet,Red Nanital,Local,3908.12,4906.47,4394.11,INR/quintal,"Coimbatore, Tamil Nadu, India",2025,9,0
2025-09-02,Potato,RSPuram,Red Nanital,Local,3733.58,4588.66,4086.55,INR/quintal,"Coimbatore, Tamil Nadu, India",2025,9,1
2025-09-03,Potato,Udumalpet,Red Nanital,Local,3719.78,4696.47,4230.93,INR/quintal,"Coimbatore, Tamil Nadu, India",2025,9,2
2025-09-04,Potato,Udumalpet,Red Nanital,Local,3552.66,4547.09,3993.7,INR/quintal,"Coimbatore, Tamil Nadu, India",2025,9,3
2025-09-05,Potato,Mettupalayam,Red Nanital,Local,3519.93,4477.34,3972.98,INR/quintal,"Coimbatore, Tamil Nadu, India",2025,9,4
2025-09-06,Potato,Singanallur,Red Nanital,Local,3386.39,4394.15,3904.68,INR/quintal,"Coimbatore, Tamil Nadu, India",2025,9,5
2025-09-07,Potato,Mettupalayam,Red Nanital,Local,3964.19,4857.85,4409.99,INR/quintal,"Coimbatore, Tamil Nadu, India",2025,9,6
2025-09-08,Potato,Sulur,Other,Local,3609.3,4742.9,4097.9,INR/quintal,"Coimbatore, Tamil Nadu, India",2025,9,0
2025-09-09,Potato,Singanallur,Red Nanital,Local,4057.76,5077.99,4494.6,INR/quintal,"Coimbatore, Tamil Nadu, India",2025,9,1
2025-09-10,Potato,RSPuram,Other,Local,3805.82,4802.08,4151.1,INR/quintal,"Coimbatore, Tamil Nadu, India",2025,9,2
2025-09-11,Potato,Mettupalayam,Other,Local,3606.49,4525.38,4047.8,INR/quintal,"Coimbatore, Tamil Nadu, India",2025,9,3
2025-09-12,Potato,Sulur,Red Nanital,Local,3635.19,4618.02,3982.28,INR/quintal,"Coimbatore, Tamil Nadu, India",2025,9,4
2025-09-13,Potato,Sulur,Red Nanital,Local,3672.55,4624.65,4208.33,INR/quintal,"Coimbatore, Tamil Nadu, India",2025,9,5
2025-09-14,Potato,Udumalpet,Red Nanital,Local,3978.63,5005.49,4374.0,INR/quintal,"Coimbatore, Tamil Nadu, India",2025,9,6
2025-09-15,Potato,Sulur,Red Nanital,Local,3709.39,4555.07,4071.61,INR/quintal,"Coimbatore, Tamil Nadu, India",2025,9,0
2025-09-16,Potato,Mettupalayam,Red Nanital,Local,3854.59,4636.4,4208.46,INR/quintal,"Coimbatore, Tamil Nadu, India",2025,9,1
2025-09-17,Potato,RSPuram,Red Nanital,Local,3595.66,4409.88,3936.78,INR/quintal,"Coimbatore, Tamil Nadu, India",2025,9,2
2025-09-18,Potato,Sulur,Red Nanital,Local,3471.97,4578.01,3937.49,INR/quintal,"Coimbatore, Tamil Nadu, India",2025,9,3
2025-09-19,Potato,Sulur,Other,Local,3671.31,4667.15,4052.51,INR/quintal,"Coimbatore, Tamil Nadu, India",2025,9,4
2025-09-20,Potato,Udumalpet,Other,Local,3603.26,4582.48,4026.01,INR/quintal,"Coimbatore, Tamil Nadu, India",2025,9,5
2025-09-21,Potato,Mettupalayam,Red Nanital,Local,3748.74,4785.93,4248.41,INR/quintal,"Coimbatore, Tamil Nadu, India",2025,9,6
2025-09-22,Potato,Udumalpet,Other,Local,3903.28,4846.1,4339.28,INR/quintal,"Coimbatore, Tamil Nadu, India",2025,9,0
2025-09-23,Potato,Udumalpet,Other,Local,3981.9,4938.26,4414.06,INR/quintal,"Coimbatore, Tamil Nadu, India",2025,9,1
2025-09-24,Potato,Mettupalayam,Other,Local,3551.95,4471.75,4015.82,INR/quintal,"Coimbatore, Tamil Nadu, India",2025,9,2
2025-09-25,Potato,Singanallur,Red Nanital,Local,3539.5,4425.03,3998.11,INR/quintal,"Coimbatore, Tamil Nadu, India",2025,9,3
2025-09-26,Potato,Sulur,Red Nanital,Local,3649.76,4569.72,4062.82,INR/quintal,"Coimbatore, Tamil Nadu, India",2025,9,4
2025-09-27,Potato,Sulur,Red Nanital,Local,3645.58,4753.59,4138.45,INR/quintal,"Coimbatore, Tamil Nadu, India",2025,9,5
2025-09-28,Potato,RSPuram,Red Nanital,Local,3750.41,4678.57,4093.8,INR/quintal,"Coimbatore, Tamil Nadu, India",2025,9,6
2025-09-29,Potato,Sulur,Red Nanital,Local,3902.91,4933.35,4348.93,INR/quintal,"Coimbatore, Tamil Nadu, India",2025,9,0
2025-09-30,Potato,Mettupalayam,Red Nanital,Local,3721.21,4759.03,4129.8,INR/quintal,"Coimbatore, Tamil Nadu, India",2025,9,1
2025-10-01,Potato,Singanallur,Red Nanital,Local,3372.82,4393.81,3892.85,INR/quintal,"Coimbatore, Tamil Nadu, India",2025,10,2
2025-10-02,Potato,Singanallur,Other,Local,3561.62,4448.28,3990.92,INR/quintal,"Coimbatore, Tamil Nadu, India",2025,10,3
2025-10-03,Potato,Mettupalayam,Red Nanital,Local,3892.61,4862.04,4245.24,INR/quintal,"Coimbatore, Tamil Nadu, India",2025,10,4
2025-10-04,Potato,Udumalpet,Other,Local,4036.04,5013.04,4433.39,INR/quintal,"Coimbatore, Tamil Nadu, India",2025,10,5
2025-10-05,Potato,Udumalpet,Red Nanital,Local,3996.26,4841.73,4388.17,INR/quintal,"Coimbatore, Tamil Nadu, India",2025,10,6
2025-10-06,Potato,RSPuram,Other,Local,3781.56,4768.68,4230.7,INR/quintal,"Coimbatore, Tamil Nadu, India",2025,10,0
2025-10-07,Potato,Sulur,Red Nanital,Local,3894.55,4719.38,4264.1,INR/quintal,"Coimbatore, Tamil Nadu, India",2025,10,1
2025-10-08,Potato,Sulur,Other,Local,3881.89,4912.34,4285.11,INR/quintal,"Coimbatore, Tamil Nadu, India",2025,10,2
2025-10-09,Potato,RSPuram,Red Nanital,Local,3670.78,4534.01,4069.48,INR/quintal,"Coimbatore, Tamil Nadu, India",2025,10,3
2025-10-10,Potato,Singanallur,Red Nanital,Local,3382.49,4408.87,3900.43,INR/quintal,"Coimbatore, Tamil Nadu, India",2025,10,4
2025-10-11,Potato,Udumalpet,Other,Local,3788.26,4802.48,4175.72,INR/quintal,"Coimbatore, Tamil Nadu, India",2025,10,5
2025-10-12,Potato,Singanallur,Red Nanital,Local,3647.17,4653.71,4097.93,INR/quintal,"Coimbatore, Tamil Nadu, India",2025,10,6
2025-10-13,Potato,Singanallur,Red Nanital,Local,3826.13,4882.18,4302.26,INR/quintal,"Coimbatore, Tamil Nadu, India",2025,10,0
2025-10-14,Potato,RSPuram,Red Nanital,Local,3748.33,4779.47,4163.08,INR/quintal,"Coimbatore, Tamil Nadu, India",2025,10,1
2025-10-15,Potato,RSPuram,Other,Local,3613.93,4685.97,4075.73,INR/quintal,"Coimbatore, Tamil Nadu, India",2025,10,2
2025-10-16,Potato,RSPuram,Red Nanital,Local,3518.33,4579.12,3956.76,INR/quintal,"Coimbatore, Tamil Nadu, India",2025,10,3
2025-10-17,Potato,Sulur,Red Nanital,Local,3509.08,4493.8,3887.25,INR/quintal,"Coimbatore, Tamil Nadu, India",2025,10,4
2025-10-18,Potato,Mettupalayam,Red Nanital,Local,3627.9,4566.07,4117.58,INR/quintal,"Coimbatore, Tamil Nadu, India",2025,10,5
2025-10-19,Potato,Singanallur,Other,Local,3433.37,4510.51,3903.02,INR/quintal,"Coimbatore, Tamil Nadu, India",2025,10,6
2025-10-20,Potato,Sulur,Red Nanital,Local,4105.19,5001.88,4485.59,INR/quintal,"Coimbatore, Tamil Nadu, India",2025,10,0
2025-10-21,Potato,Sulur,Other,Local,3692.17,4702.36,4161.44,INR/quintal,"Coimbatore, Tamil Nadu, India",2025,10,1
2025-10-22,Potato,Udumalpet,Red Nanital,Local,3836.95,4663.46,4193.18,INR/quintal,"Coimbatore, Tamil Nadu, India",2025,10,2
2025-10-23,Potato,RSPuram,Other,Local,3808.72,4840.3,4250.01,INR/quintal,"Coimbatore, Tamil Nadu, India",2025,10,3
2025-10-24,Potato,Mettupalayam,Other,Local,3681.28,4704.6,4179.17,INR/quintal,"Coimbatore, Tamil Nadu, India",2025,10,4
2025-10-25,Potato,RSPuram,Red Nanital,Local,3371.31,4402.67,3905.82,INR/quintal,"Coimbatore, Tamil Nadu, India",2025,10,5
2025-10-26,Potato,Singanallur,Other,Local,3864.27,4898.82,4307.06,INR/quintal,"Coimbatore, Tamil Nadu, India",2025,10,6
2025-10-27,Potato,RSPuram,Red Nanital,Local,3906.46,4890.61,4355.5,INR/quintal,"Coimbatore, Tamil Nadu, India",2025,10,0
2025-10-28,Potato,Sulur,Other,Local,3733.45,4688.25,4155.61,INR/quintal,"Coimbatore, Tamil Nadu, India",2025,10,1
2025-10-29,Potato,Singanallur,Red Nanital,Local,3519.03,4439.43,4019.07,INR/quintal,"Coimbatore, Tamil Nadu, India",2025,10,2
2025-10-30,Potato,Udumalpet,Red Nanital,Local,4202.19,5156.03,4546.44,INR/quintal,"Coimbatore, Tamil Nadu, India",2025,10,3
2025-10-31,Potato,Sulur,Other,Local,3934.84,4848.4,4364.54,INR/quintal,"Coimbatore, Tamil Nadu, India",2025,10,4
2025-11-01,Potato,Udumalpet,Red Nanital,Local,3766.1,4593.46,4170.89,INR/quintal,"Coimbatore, Tamil Nadu, India",2025,11,5
2025-11-02,Potato,Sulur,Other,Local,3521.8,4630.63,4018.75,INR/quintal,"Coimbatore, Tamil Nadu, India",2025,11,6
2025-11-03,Potato,Mettupalayam,Red Nanital,Local,3972.59,5088.29,4466.48,INR/quintal,"Coimbatore, Tamil Nadu, India",2025,11,0
2025-11-04,Potato,Mettupalayam,Other,Local,3619.92,4763.12,4140.32,INR/quintal,"Coimbatore, Tamil Nadu, India",2025,11,1
2025-11-05,Potato,Singanallur,Other,Local,3575.22,4680.1,4080.33,INR/quintal,"Coimbatore, Tamil Nadu, India",2025,11,2
2025-11-06,Potato,RSPuram,Other,Local,3751.16,4681.25,4205.48,INR/quintal,"Coimbatore, Tamil Nadu, India",2025,11,3
2025-11-07,Potato,RSPuram,Other,Local,3551.54,4603.46,4076.59,INR/quintal,"Coimbatore, Tamil Nadu, India",2025,11,4
2025-11-08,Potato,Mettupalayam,Other,Local,3625.38,4769.81,4149.83,INR/quintal,"Coimbatore, Tamil Nadu, India",2025,11,5
2025-11-09,Potato,Sulur,Other,Local,3715.83,4591.16,4110.54,INR/quintal,"Coimbatore, Tamil Nadu, India",2025,11,6
2025-11-10,Potato,RSPuram,Red Nanital,Local,3642.27,4718.98,4130.91,INR/quintal,"Coimbatore, Tamil Nadu, India",2025,11,0
2025-11-11,Potato,RSPuram,Other,Local,3961.25,4960.33,4329.64,INR/quintal,"Coimbatore, Tamil Nadu, India",2025,11,1
2025-11-12,Potato,Singanallur,Red Nanital,Local,3924.13,4952.24,4421.05,INR/quintal,"Coimbatore, Tamil Nadu, India",2025,11,2
2025-11-13,Potato,Singanallur,Other,Local,3498.51,4550.5,4004.98,INR/quintal,"Coimbatore, Tamil Nadu, India",2025,11,3
2025-11-14,Potato,RSPuram,Red Nanital,Local,4030.43,5063.1,4485.59,INR/quintal,"Coimbatore, Tamil Nadu, India",2025,11,4
2025-11-15,Potato,Sulur,Other,Local,3789.07,4749.84,4146.05,INR/quintal,"Coimbatore, Tamil Nadu, India",2025,11,5
2025-11-16,Potato,Singanallur,Red Nanital,Local,4189.24,5141.4,4574.49,INR/quintal,"Coimbatore, Tamil Nadu, India",2025,11,6
2025-11-17,Potato,Udumalpet,Red Nanital,Local,4185.58,5155.97,4721.88,INR/quintal,"Coimbatore, Tamil Nadu, India",2025,11,0
2025-11-18,Potato,Udumalpet,Other,Local,4244.63,5083.1,4620.07,INR/quintal,"Coimbatore, Tamil Nadu, India",2025,11,1
2025-11-19,Potato,RSPuram,Red Nanital,Local,4165.58,5120.05,4542.44,INR/quintal,"Coimbatore, Tamil Nadu, India",2025,11,2
2025-11-20,Potato,RSPuram,Red Nanital,Local,4267.55,5170.05,4746.36,INR/quintal,"Coimbatore, Tamil Nadu, India",2025,11,3
2025-11-21,Potato,Udumalpet,Other,Local,3327.51,4221.27,3782.51,INR/quintal,"Coimbatore, Tamil Nadu, India",2025,11,4
2025-11-22,Potato,Sulur,Red Nanital,Local,3753.31,4813.02,4292.1,INR/quintal,"Coimbatore, Tamil Nadu, India",2025,11,5
2025-11-23,Potato,Mettupalayam,Other,Local,4061.2,4997.14,4544.96,INR/quintal,"Coimbatore, Tamil Nadu, India",2025,11,6
2025-11-24,Potato,Singanallur,Red Nanital,Local,4088.23,4975.31,4460.69,INR/quintal,"Coimbatore, Tamil Nadu, India",2025,11,0
2025-11-25,Potato,Sulur,Other,Local,3691.02,4621.02,4167.58,INR/quintal,"Coimbatore, Tamil Nadu, India",2025,11,1
2025-11-26,Potato,Sulur,Other,Local,4208.03,5275.7,4710.44,INR/quintal,"Coimbatore, Tamil Nadu, India",2025,11,2
2025-11-27,Potato,Udumalpet,Red Nanital,Local,4201.58,5069.67,4603.2,INR/quintal,"Coimbatore, Tamil Nadu, India",2025,11,3
2025-11-28,Potato,RSPuram,Other,Local,4093.62,5181.51,4576.23,INR/quintal,"Coimbatore, Tamil Nadu, India",2025,11,4
2025-11-29,Potato,Mettupalayam,Red Nanital,Local,3697.52,4731.52,4236.27,INR/quintal,"Coimbatore, Tamil Nadu, India",2025,11,5
2025-11-30,Potato,Singanallur,Other,Local,4120.44,4980.45,4481.87,INR/quintal,"Coimbatore, Tamil Nadu, India",2025,11,6
2025-12-01,Potato,RSPuram,Other,Local,3921.26,5040.03,4391.94,INR/quintal,"Coimbatore, Tamil Nadu, India",2025,12,0
2025-12-02,Potato,Mettupalayam,Other,Local,3791.26,4828.48,4202.25,INR/quintal,"Coimbatore, Tamil Nadu, India",2025,12,1
2025-12-03,Potato,Sulur,Red Nanital,Local,3766.32,4868.93,4284.03,INR/quintal,"Coimbatore, Tamil Nadu, India",2025,12,2
2025-12-04,Potato,RSPuram,Other,Local,3761.29,4780.31,4296.44,INR/quintal,"Coimbatore, Tamil Nadu, India",2025,12,3
2025-12-05,Potato,Sulur,Other,Local,3736.16,4760.72,4150.25,INR/quintal,"Coimbatore, Tamil Nadu, India",2025,12,4
2025-12-06,Potato,Mettupalayam,Red Nanital,Local,4218.61,5122.66,4577.82,INR/quintal,"Coimbatore, Tamil Nadu, India",2025,12,5
2025-12-07,Potato,Sulur,Other,Local,4143.24,5104.4,4612.83,INR/quintal,"Coimbatore, Tamil Nadu, India",2025,12,6
2025-12-08,Potato,Mettupalayam,Red Nanital,Local,4391.97,5441.82,4909.79,INR/quintal,"Coimbatore, Tamil Nadu, India",2025,12,0
2025-12-09,Potato,Singanallur,Red Nanital,Local,3852.78,4824.38,4320.43,INR/quintal,"Coimbatore, Tamil Nadu, India",2025,12,1
2025-12-10,Potato,Sulur,Other,Local,4087.01,4961.41,4510.9,INR/quintal,"Coimbatore, Tamil Nadu, India",2025,12,2
2025-12-11,Potato,Singanallur,Red Nanital,Local,4386.22,5293.54,4789.82,INR/quintal,"Coimbatore, Tamil Nadu, India",2025,12,3
2025-12-12,Potato,Sulur,Red Nanital,Local,4238.08,5130.21,4584.51,INR/quintal,"Coimbatore, Tamil Nadu, India",2025,12,4
2025-12-13,Potato,Singanallur,Red Nanital,Local,4468.78,5543.41,4895.71,INR/quintal,"Coimbatore, Tamil Nadu, India",2025,12,5
2025-12-14,Potato,Mettupalayam,Red Nanital,Local,4051.74,4997.99,4569.18,INR/quintal,"Coimbatore, Tamil Nadu, India",2025,12,6
2025-12-15,Potato,Udumalpet,Other,Local,4418.36,5322.72,4852.97,INR/quintal,"Coimbatore, Tamil Nadu, India",2025,12,0
2025-12-16,Potato,Singanallur,Other,Local,4206.37,5238.05,4624.82,INR/quintal,"Coimbatore, Tamil Nadu, India",2025,12,1
2025-12-17,Potato,Mettupalayam,Other,Local,4342.38,5412.02,4772.59,INR/quintal,"Coimbatore, Tamil Nadu, India",2025,12,2
2025-12-18,Potato,Sulur,Red Nanital,Local,4237.28,5212.95,4718.89,INR/quintal,"Coimbatore, Tamil Nadu, India",2025,12,3
2025-12-19,Potato,Sulur,Red Nanital,Local,4135.23,5183.48,4642.07,INR/quintal,"Coimbatore, Tamil Nadu, India",2025,12,4
2025-12-20,Potato,Udumalpet,Other,Local,4366.82,5164.89,4717.15,INR/quintal,"Coimbatore, Tamil Nadu, India",2025,12,5
2025-12-21,Potato,Udumalpet,Red Nanital,Local,4546.6,5479.83,5033.84,INR/quintal,"Coimbatore, Tamil Nadu, India",2025,12,6
2025-12-22,Potato,Singanallur,Other,Local,4208.03,5261.13,4623.79,INR/quintal,"Coimbatore, Tamil Nadu, India",2025,12,0
2025-12-23,Potato,Sulur,Red Nanital,Local,3980.11,4948.83,4428.21,INR/quintal,"Coimbatore, Tamil Nadu, India",2025,12,1
2025-12-24,Potato,Udumalpet,Red Nanital,Local,4716.63,5628.56,5069.29,INR/quintal,"Coimbatore, Tamil Nadu, India",2025,12,2
2025-12-25,Potato,Udumalpet,Red Nanital,Local,4258.4,5380.65,4731.52,INR/quintal,"Coimbatore, Tamil Nadu, India",2025,12,3
2025-12-26,Potato,Sulur,Other,Local,4489.35,5572.43,4978.01,INR/quintal,"Coimbatore, Tamil Nadu, India",2025,12,4
2025-12-27,Potato,Udumalpet,Other,Local,4493.91,5505.46,4889.59,INR/quintal,"Coimbatore, Tamil Nadu, India",2025,12,5
2025-12-28,Potato,Udumalpet,Red Nanital,Local,4436.59,5460.69,4919.23,INR/quintal,"Coimbatore, Tamil Nadu, India",2025,12,6
2025-12-29,Potato,Udumalpet,Red Nanital,Local,4099.51,4990.21,4571.45,INR/quintal,"Coimbatore, Tamil Nadu, India",2025,12,0
2025-12-30,Potato,RSPuram,Other,Local,4253.2,5325.43,4761.14,INR/quintal,"Coimbatore, Tamil Nadu, India",2025,12,1
2025-12-31,Potato,Sulur,Red Nanital,Local,4281.98,5271.38,4670.18,INR/quintal,"Coimbatore, Tamil Nadu, India",2025,12,2
2026-01-01,Potato,Sulur,Red Nanital,Local,4426.56,5221.87,4765.65,INR/quintal,"Coimbatore, Tamil Nadu, India",2026,1,3
2026-01-02,Potato,Singanallur,Red Nanital,Local,4407.62,5376.91,4815.95,INR/quintal,"Coimbatore, Tamil Nadu, India",2026,1,4
2026-01-03,Potato,Mettupalayam,Red Nanital,Local,4399.28,5349.7,4921.3,INR/quintal,"Coimbatore, Tamil Nadu, India",2026,1,5
2026-01-04,Potato,Mettupalayam,Red Nanital,Local,4597.98,5703.98,5108.13,INR/quintal,"Coimbatore, Tamil Nadu, India",2026,1,6
2026-01-05,Potato,Mettupalayam,Other,Local,4577.89,5537.58,5017.93,INR/quintal,"Coimbatore, Tamil Nadu, India",2026,1,0
2026-01-06,Potato,RSPuram,Other,Local,4623.94,5534.42,5056.97,INR/quintal,"Coimbatore, Tamil Nadu, India",2026,1,1
2026-01-07,Potato,Mettupalayam,Red Nanital,Local,4712.16,5657.71,5098.65,INR/quintal,"Coimbatore, Tamil Nadu, India",2026,1,2
2026-01-08,Potato,Mettupalayam,Other,Local,4501.89,5534.51,5024.7,INR/quintal,"Coimbatore, Tamil Nadu, India",2026,1,3
2026-01-09,Potato,Singanallur,Red Nanital,Local,4431.04,5313.56,4872.83,INR/quintal,"Coimbatore, Tamil Nadu, India",2026,1,4
2026-01-10,Potato,Singanallur,Other,Local,4252.54,5234.71,4668.07,INR/quintal,"Coimbatore, Tamil Nadu, India",2026,1,5
2026-01-11,Potato,Mettupalayam,Red Nanital,Local,4563.96,5389.17,4963.78,INR/quintal,"Coimbatore, Tamil Nadu, India",2026,1,6
2026-01-12,Potato,Mettupalayam,Red Nanital,Local,4567.96,5469.8,4998.11,INR/quintal,"Coimbatore, Tamil Nadu, India",2026,1,0
2026-01-13,Potato,Mettupalayam,Red Nanital,Local,4254.06,5177.54,4702.6,INR/quintal,"Coimbatore, Tamil Nadu, India",2026,1,1
2026-01-14,Potato,Udumalpet,Other,Local,4423.4,5579.21,4932.93,INR/quintal,"Coimbatore, Tamil Nadu, India",2026,1,2
2026-01-15,Potato,Udumalpet,Red Nanital,Local,4423.78,5505.86,4940.94,INR/quintal,"Coimbatore, Tamil Nadu, India",2026,1,3
2026-01-16,Potato,Mettupalayam,Red Nanital,Local,4743.84,5769.54,5213.0,INR/quintal,"Coimbatore, Tamil Nadu, India",2026,1,4
2026-01-17,Potato,Sulur,Red Nanital,Local,4345.29,5324.29,4813.37,INR/quintal,"Coimbatore, Tamil Nadu, India",2026,1,5
2026-01-18,Potato,Mettupalayam,Other,Local,4984.63,5837.5,5414.66,INR/quintal,"Coimbatore, Tamil Nadu, India",2026,1,6
2026-01-19,Potato,Udumalpet,Red Nanital,Local,4741.23,5613.87,5199.8,INR/quintal,"Coimbatore, Tamil Nadu, India",2026,1,0
2026-01-20,Potato,Udumalpet,Other,Local,4584.76,5597.01,5113.41,INR/quintal,"Coimbatore, Tamil Nadu, India",2026,1,1
2026-01-21,Potato,Mettupalayam,Red Nanital,Local,4540.8,5603.58,5009.1,INR/quintal,"Coimbatore, Tamil Nadu, India",2026,1,2
2026-01-22,Potato,RSPuram,Other,Local,4680.73,5618.5,5134.61,INR/quintal,"Coimbatore, Tamil Nadu, India",2026,1,3
2026-01-23,Potato,Udumalpet,Red Nanital,Local,4910.71,5891.59,5281.11,INR/quintal,"Coimbatore, Tamil Nadu, India",2026,1,4
2026-01-24,Potato,Udumalpet,Red Nanital,Local,4785.72,5578.23,5123.51,INR/quintal,"Coimbatore, Tamil Nadu, India",2026,1,5
2026-01-25,Potato,Udumalpet,Other,Local,4865.98,5704.98,5291.05,INR/quintal,"Coimbatore, Tamil Nadu, India",2026,1,6
2026-01-26,Potato,Mettupalayam,Other,Local,4738.47,5836.73,5273.01,INR/quintal,"Coimbatore, Tamil Nadu, India",2026,1,0
2026-01-27,Potato,Singanallur,Red Nanital,Local,4586.72,5523.47,4926.64,INR/quintal,"Coimbatore, Tamil Nadu, India",2026,1,1
2026-01-28,Potato,Sulur,Other,Local,4587.76,5520.26,4955.95,INR/quintal,"Coimbatore, Tamil Nadu, India",2026,1,2
2026-01-29,Potato,Singanallur,Other,Local,4887.63,5829.33,5231.97,INR/quintal,"Coimbatore, Tamil Nadu, India",2026,1,3
2026-01-30,Potato,RSPuram,Red Nanital,Local,4826.39,5849.71,5232.72,INR/quintal,"Coimbatore, Tamil Nadu, India",2026,1,4
2026-01-31,Potato,Mettupalayam,Red Nanital,Local,4836.8,5706.74,5289.36,INR/quintal,"Coimbatore, Tamil Nadu, India",2026,1,5
2026-02-01,Potato,Mettupalayam,Red Nanital,Local,4959.74,5780.54,5351.9,INR/quintal,"Coimbatore, Tamil Nadu, India",2026,2,6
2026-02-02,Potato,Sulur,Red Nanital,Local,4993.41,6040.68,5408.95,INR/quintal,"Coimbatore, Tamil Nadu, India",2026,2,0
2026-02-03,Potato,Mettupalayam,Red Nanital,Local,4907.2,6066.79,5428.35,INR/quintal,"Coimbatore, Tamil Nadu, India",2026,2,1
2026-02-04,Potato,Udumalpet,Other,Local,4637.97,5618.6,5088.41,INR/quintal,"Coimbatore, Tamil Nadu, India",2026,2,2
2026-02-05,Potato,Mettupalayam,Red Nanital,Local,4486.01,5546.12,4932.09,INR/quintal,"Coimbatore, Tamil Nadu, India",2026,2,3
2026-02-06,Potato,Udumalpet,Red Nanital,Local,4896.48,5839.78,5399.39,INR/quintal,"Coimbatore, Tamil Nadu, India",2026,2,4
2026-02-07,Potato,Sulur,Red Nanital,Local,4938.99,5932.83,5319.65,INR/quintal,"Coimbatore, Tamil Nadu, India",2026,2,5
2026-02-08,Potato,Singanallur,Red Nanital,Local,4890.64,5841.41,5316.1,INR/quintal,"Coimbatore, Tamil Nadu, India",2026,2,6
2026-02-09,Potato,Sulur,Other,Local,4869.78,5892.6,5250.18,INR/quintal,"Coimbatore, Tamil Nadu, India",2026,2,0
2026-02-10,Potato,Singanallur,Red Nanital,Local,4745.77,5678.19,5258.52,INR/quintal,"Coimbatore, Tamil Nadu, India",2026,2,1
2026-02-11,Potato,RSPuram,Other,Local,4746.5,5837.7,5218.04,INR/quintal,"Coimbatore, Tamil Nadu, India",2026,2,2
2026-02-12,Potato,Sulur,Other,Local,4564.89,5602.75,5032.62,INR/quintal,"Coimbatore, Tamil Nadu, India",2026,2,3
2026-02-13,Potato,Mettupalayam,Other,Local,4917.12,5902.1,5296.68,INR/quintal,"Coimbatore, Tamil Nadu, India",2026,2,4
2026-02-14,Potato,Sulur,Other,Local,5098.88,5914.13,5437.13,INR/quintal,"Coimbatore, Tamil Nadu, India",2026,2,5
2026-02-15,Potato,RSPuram,Other,Local,4987.16,6037.13,5384.14,INR/quintal,"Coimbatore, Tamil Nadu, India",2026,2,6
2026-02-16,Potato,RSPuram,Red Nanital,Local,4886.87,5865.09,5306.13,INR/quintal,"Coimbatore, Tamil Nadu, India",2026,2,0
2026-02-17,Potato,Sulur,Red Nanital,Local,4946.22,5829.53,5366.74,INR/quintal,"Coimbatore, Tamil Nadu, India",2026,2,1
2026-02-18,Potato,Udumalpet,Other,Local,5229.05,6410.73,5757.62,INR/quintal,"Coimbatore, Tamil Nadu, India",2026,2,2
2026-02-19,Potato,RSPuram,Other,Local,4951.85,6070.26,5446.03,INR/quintal,"Coimbatore, Tamil Nadu, India",2026,2,3
2026-02-20,Potato,Singanallur,Other,Local,5127.26,6154.5,5537.91,INR/quintal,"Coimbatore, Tamil Nadu, India",2026,2,4
2026-02-21,Potato,Sulur,Other,Local,4557.3,5620.38,5006.8,INR/quintal,"Coimbatore, Tamil Nadu, India",2026,2,5
2026-02-22,Potato,Udumalpet,Other,Local,4914.18,5930.28,5340.83,INR/quintal,"Coimbatore, Tamil Nadu, India",2026,2,6
2026-02-23,Potato,Sulur,Red Nanital,Local,5210.49,6065.77,5551.97,INR/quintal,"Coimbatore, Tamil Nadu, India",2026,2,0
2026-02-24,Potato,Sulur,Other,Local,5051.4,6061.53,5412.18,INR/quintal,"Coimbatore, Tamil Nadu, India",2026,2,1
2026-02-25,Potato,Mettupalayam,Other,Local,4944.0,6056.69,5473.22,INR/quintal,"Coimbatore, Tamil Nadu, India",2026,2,2
2026-02-26,Potato,RSPuram,Other,Local,5001.08,5817.27,5387.0,INR/quintal,"Coimbatore, Tamil Nadu, India",2026,2,3
2026-02-27,Potato,RSPuram,Red Nanital,Local,5077.98,6128.19,5581.22,INR/quintal,"Coimbatore, Tamil Nadu, India",2026,2,4
2026-02-28,Potato,Udumalpet,Red Nanital,Local,4883.3,5812.39,5372.12,INR/quintal,"Coimbatore, Tamil Nadu, India",2026,2,5
2026-03-01,Potato,Singanallur,Other,Local,5170.93,6182.27,5559.16,INR/quintal,"Coimbatore, Tamil Nadu, India",2026,3,6
2026-03-02,Potato,Singanallur,Red Nanital,Local,5311.07,6168.77,5741.63,INR/quintal,"Coimbatore, Tamil Nadu, India",2026,3,0
2026-03-03,Potato,Mettupalayam,Red Nanital,Local,5249.99,6403.02,5774.74,INR/quintal,"Coimbatore, Tamil Nadu, India",2026,3,1
2026-03-04,Potato,RSPuram,Red Nanital,Local,5030.86,6109.65,5482.57,INR/quintal,"Coimbatore, Tamil Nadu, India",2026,3,2
2026-03-05,Potato,Singanallur,Other,Local,5150.29,6154.35,5558.85,INR/quintal,"Coimbatore, Tamil Nadu, India",2026,3,3
2026-03-06,Potato,Mettupalayam,Red Nanital,Local,4783.96,5690.11,5210.27,INR/quintal,"Coimbatore, Tamil Nadu, India",2026,3,4
2026-03-07,Potato,Udumalpet,Red Nanital,Local,5338.97,6308.26,5679.98,INR/quintal,"Coimbatore, Tamil Nadu, India",2026,3,5
2026-03-08,Potato,RSPuram,Other,Local,5091.52,6046.34,5554.78,INR/quintal,"Coimbatore, Tamil Nadu, India",2026,3,6
2026-03-09,Potato,RSPuram,Red Nanital,Local,5055.1,6151.05,5497.9,INR/quintal,"Coimbatore, Tamil Nadu, India",2026,3,0
2026-03-10,Potato,Udumalpet,Red Nanital,Local,5085.6,5986.04,5567.7,INR/quintal,"Coimbatore, Tamil Nadu, India",2026,3,1
2026-03-11,Potato,Singanallur,Red Nanital,Local,5107.71,6191.87,5548.44,INR/quintal,"Coimbatore, Tamil Nadu, India",2026,3,2
2026-03-12,Potato,Singanallur,Other,Local,5278.1,6172.82,5747.64,INR/quintal,"Coimbatore, Tamil Nadu, India",2026,3,3
2026-03-13,Potato,Sulur,Other,Local,5062.29,6180.57,5548.9,INR/quintal,"Coimbatore, Tamil Nadu, India",2026,3,4
2026-03-14,Potato,Sulur,Red Nanital,Local,5573.39,6485.94,5983.39,INR/quintal,"Coimbatore, Tamil Nadu, India",2026,3,5
2026-03-15,Potato,RSPuram,Red Nanital,Local,5040.27,5983.18,5490.39,INR/quintal,"Coimbatore, Tamil Nadu, India",2026,3,6
2026-03-16,Potato,RSPuram,Other,Local,4984.32,6096.08,5500.52,INR/quintal,"Coimbatore, Tamil Nadu, India",2026,3,0
2026-03-17,Potato,Udumalpet,Other,Local,4948.16,6055.32,5434.47,INR/quintal,"Coimbatore, Tamil Nadu, India",2026,3,1
2026-03-18,Potato,Singanallur,Other,Local,5150.93,6138.58,5663.53,INR/quintal,"Coimbatore, Tamil Nadu, India",2026,3,2
2026-03-19,Potato,Mettupalayam,Other,Local,5242.9,6391.92,5732.07,INR/quintal,"Coimbatore, Tamil Nadu, India",2026,3,3
2026-03-20,Potato,Mettupalayam,Other,Local,4815.7,5859.83,5281.61,INR/quintal,"Coimbatore, Tamil Nadu, India",2026,3,4
2026-03-21,Potato,Singanallur,Red Nanital,Local,5020.16,5804.67,5364.42,INR/quintal,"Coimbatore, Tamil Nadu, India",2026,3,5
2026-03-22,Potato,Singanallur,Red Nanital,Local,4990.28,6115.11,5463.72,INR/quintal,"Coimbatore, Tamil Nadu, India",2026,3,6
2026-03-23,Potato,RSPuram,Other,Local,5191.81,6184.39,5625.38,INR/quintal,"Coimbatore, Tamil Nadu, India",2026,3,0
2026-03-24,Potato,Singanallur,Other,Local,5268.08,6176.12,5684.03,INR/quintal,"Coimbatore, Tamil Nadu, India",2026,3,1
2026-03-25,Potato,Mettupalayam,Red Nanital,Local,5096.04,6014.04,5527.9,INR/quintal,"Coimbatore, Tamil Nadu, India",2026,3,2
2026-03-26,Potato,Singanallur,Other,Local,5030.09,6140.44,5512.1,INR/quintal,"Coimbatore, Tamil Nadu, India",2026,3,3
2026-03-27,Potato,Udumalpet,Other,Local,5060.25,6170.16,5535.3,INR/quintal,"Coimbatore, Tamil Nadu, India",2026,3,4
2026-03-28,Potato,Singanallur,Red Nanital,Local,5350.0,6179.7,5738.32,INR/quintal,"Coimbatore, Tamil Nadu, India",2026,3,5
2026-03-29,Potato,Singanallur,Other,Local,5142.41,6286.53,5678.77,INR/quintal,"Coimbatore, Tamil Nadu, India",2026,3,6
2026-03-30,Potato,Sulur,Other,Local,5218.19,6180.17,5713.23,INR/quintal,"Coimbatore, Tamil Nadu, India",2026,3,0
2026-03-31,Potato,Udumalpet,Red Nanital,Local,5346.56,6452.91,5819.5,INR/quintal,"Coimbatore, Tamil Nadu, India",2026,3,1
2026-04-01,Potato,Udumalpet,Red Nanital,Local,5137.18,6228.51,5631.72,INR/quintal,"Coimbatore, Tamil Nadu, India",2026,4,2
2026-04-02,Potato,Sulur,Red Nanital,Local,5079.7,6101.74,5505.3,INR/quintal,"Coimbatore, Tamil Nadu, India",2026,4,3
2026-04-03,Potato,Udumalpet,Red Nanital,Local,5156.71,6038.6,5531.41,INR/quintal,"Coimbatore, Tamil Nadu, India",2026,4,4
2026-04-04,Potato,Udumalpet,Red Nanital,Local,5188.35,6064.1,5646.29,INR/quintal,"Coimbatore, Tamil Nadu, India",2026,4,5
2026-04-05,Potato,Mettupalayam,Other,Local,5137.14,6302.11,5668.9,INR/quintal,"Coimbatore, Tamil Nadu, India",2026,4,6
2026-04-06,Potato,Udumalpet,Other,Local,5097.73,5913.88,5470.41,INR/quintal,"Coimbatore, Tamil Nadu, India",2026,4,0
2026-04-07,Potato,Mettupalayam,Other,Local,5366.71,6222.8,5739.65,INR/quintal,"Coimbatore, Tamil Nadu, India",2026,4,1
2026-04-08,Potato,Udumalpet,Red Nanital,Local,5221.8,6025.72,5611.27,INR/quintal,"Coimbatore, Tamil Nadu, India",2026,4,2
2026-04-09,Potato,Sulur,Red Nanital,Local,4888.78,5982.96,5412.41,INR/quintal,"Coimbatore, Tamil Nadu, India",2026,4,3
2026-04-10,Potato,Mettupalayam,Red Nanital,Local,5302.66,6153.38,5649.56,INR/quintal,"Coimbatore, Tamil Nadu, India",2026,4,4
2026-04-11,Potato,Udumalpet,Red Nanital,Local,5346.05,6387.22,5805.64,INR/quintal,"Coimbatore, Tamil Nadu, India",2026,4,5
2026-04-12,Potato,Singanallur,Red Nanital,Local,5316.52,6335.28,5735.34,INR/quintal,"Coimbatore, Tamil Nadu, India",2026,4,6
2026-04-13,Potato,Udumalpet,Red Nanital,Local,4775.01,5595.6,5163.65,INR/quintal,"Coimbatore, Tamil Nadu, India",2026,4,0
2026-04-14,Potato,Mettupalayam,Other,Local,5156.81,6042.61,5498.5,INR/quintal,"Coimbatore, Tamil Nadu, India",2026,4,1
2026-04-15,Potato,Mettupalayam,Other,Local,5151.25,6227.87,5658.59,INR/quintal,"Coimbatore, Tamil Nadu, India",2026,4,2
2026-04-16,Potato,RSPuram,Red Nanital,Local,5323.93,6178.88,5740.36,INR/quintal,"Coimbatore, Tamil Nadu, India",2026,4,3
2026-04-17,Potato,Sulur,Red Nanital,Local,5162.12,6152.53,5630.48,INR/quintal,"Coimbatore, Tamil Nadu, India",2026,4,4
2026-04-18,Potato,RSPuram,Red Nanital,Local,5139.43,6167.23,5634.81,INR/quintal,"Coimbatore, Tamil Nadu, India",2026,4,5
2026-04-19,Potato,Singanallur,Other,Local,4869.26,5785.21,5218.12,INR/quintal,"Coimbatore, Tamil Nadu, India",2026,4,6
2026-04-20,Potato,Singanallur,Other,Local,5096.97,6262.35,5606.5,INR/quintal,"Coimbatore, Tamil Nadu, India",2026,4,0
2026-04-21,Potato,Udumalpet,Other,Local,4987.52,6006.66,5388.5,INR/quintal,"Coimbatore, Tamil Nadu, India",2026,4,1
2026-04-22,Potato,Sulur,Red Nanital,Local,4805.96,5921.09,5345.82,INR/quintal,"Coimbatore, Tamil Nadu, India",2026,4,2
2026-04-23,Potato,Singanallur,Other,Local,4866.06,5985.28,5341.94,INR/quintal,"Coimbatore, Tamil Nadu, India",2026,4,3
2026-04-24,Potato,RSPuram,Red Nanital,Local,4564.57,5537.6,5074.95,INR/quintal,"Coimbatore, Tamil Nadu, India",2026,4,4
2026-04-25,Potato,RSPuram,Other,Local,5092.84,5927.42,5457.76,INR/quintal,"Coimbatore, Tamil Nadu, India",2026,4,5
2026-04-26,Potato,Udumalpet,Other,Local,5099.68,6067.17,5466.32,INR/quintal,"Coimbatore, Tamil Nadu, India",2026,4,6
2026-04-27,Potato,RSPuram,Other,Local,5086.02,6188.76,5548.76,INR/quintal,"Coimbatore, Tamil Nadu, India",2026,4,0
2026-04-28,Potato,Sulur,Red Nanital,Local,5556.69,6539.99,6060.55,INR/quintal,"Coimbatore, Tamil Nadu, India",2026,4,1
2026-04-29,Potato,Sulur,Red Nanital,Local,5150.55,5975.35,5490.25,INR/quintal,"Coimbatore, Tamil Nadu, India",2026,4,2
2026-04-30,Potato,Udumalpet,Other,Local,5091.6,6099.57,5541.24,INR/quintal,"Coimbatore, Tamil Nadu, India",2026,4,3
2026-05-01,Potato,RSPuram,Red Nanital,Local,5102.72,5954.14,5465.41,INR/quintal,"Coimbatore, Tamil Nadu, India",2026,5,4
2026-05-02,Potato,Udumalpet,Red Nanital,Local,4736.99,5765.71,5273.43,INR/quintal,"Coimbatore, Tamil Nadu, India",2026,5,5
2026-05-03,Potato,Singanallur,Red Nanital,Local,5096.29,6083.12,5556.31,INR/quintal,"Coimbatore, Tamil Nadu, India",2026,5,6
2026-05-04,Potato,Udumalpet,Red Nanital,Local,5210.87,6153.04,5557.6,INR/quintal,"Coimbatore, Tamil Nadu, India",2026,5,0
2026-05-05,Potato,Sulur,Red Nanital,Local,4854.9,5865.69,5380.07,INR/quintal,"Coimbatore, Tamil Nadu, India",2026,5,1
2026-05-06,Potato,RSPuram,Other,Local,4780.98,5620.46,5201.54,INR/quintal,"Coimbatore, Tamil Nadu, India",2026,5,2
2026-05-07,Potato,Singanallur,Other,Local,4781.2,5660.46,5204.81,INR/quintal,"Coimbatore, Tamil Nadu, India",2026,5,3
2026-05-08,Potato,Singanallur,Other,Local,4986.13,5769.97,5340.68,INR/quintal,"Coimbatore, Tamil Nadu, India",2026,5,4
2026-05-09,Potato,RSPuram,Red Nanital,Local,4898.25,5988.32,5384.62,INR/quintal,"Coimbatore, Tamil Nadu, India",2026,5,5
2026-05-10,Potato,RSPuram,Other,Local,5327.1,6325.1,5819.74,INR/quintal,"Coimbatore, Tamil Nadu, India",2026,5,6
2026-05-11,Potato,Sulur,Red Nanital,Local,4897.68,5986.05,5331.74,INR/quintal,"Coimbatore, Tamil Nadu, India",2026,5,0
2026-05-12,Potato,Mettupalayam,Other,Local,5116.4,6051.43,5498.64,INR/quintal,"Coimbatore, Tamil Nadu, India",2026,5,1
2026-05-13,Potato,Sulur,Red Nanital,Local,5008.49,5907.01,5453.62,INR/quintal,"Coimbatore, Tamil Nadu, India",2026,5,2
2026-05-14,Potato,Singanallur,Other,Local,4962.37,5869.84,5448.76,INR/quintal,"Coimbatore, Tamil Nadu, India",2026,5,3
2026-05-15,Potato,RSPuram,Other,Local,5135.75,6079.2,5511.13,INR/quintal,"Coimbatore, Tamil Nadu, India",2026,5,4
2026-05-16,Potato,Mettupalayam,Red Nanital,Local,4921.09,5784.54,5356.82,INR/quintal,"Coimbatore, Tamil Nadu, India",2026,5,5
2026-05-17,Potato,Sulur,Other,Local,4938.54,6043.31,5394.53,INR/quintal,"Coimbatore, Tamil Nadu, India",2026,5,6
2026-05-18,Potato,Mettupalayam,Other,Local,5293.43,6141.29,5638.99,INR/quintal,"Coimbatore, Tamil Nadu, India",2026,5,0
2026-05-19,Potato,Mettupalayam,Red Nanital,Local,4730.02,5687.71,5216.62,INR/quintal,"Coimbatore, Tamil Nadu, India",2026,5,1
2026-05-20,Potato,Mettupalayam,Red Nanital,Local,4965.6,5977.51,5320.29,INR/quintal,"Coimbatore, Tamil Nadu, India",2026,5,2
2026-05-21,Potato,Sulur,Red Nanital,Local,4783.71,5830.36,5176.74,INR/quintal,"Coimbatore, Tamil Nadu, India",2026,5,3
2026-05-22,Potato,RSPuram,Red Nanital,Local,5217.3,6038.72,5622.41,INR/quintal,"Coimbatore, Tamil Nadu, India",2026,5,4
2026-05-23,Potato,Singanallur,Other,Local,5014.63,6025.13,5511.5,INR/quintal,"Coimbatore, Tamil Nadu, India",2026,5,5
2026-05-24,Potato,Sulur,Red Nanital,Local,4877.51,5878.34,5274.99,INR/quintal,"Coimbatore, Tamil Nadu, India",2026,5,6
2026-05-25,Potato,Sulur,Red Nanital,Local,5055.81,5933.18,5408.07,INR/quintal,"Coimbatore, Tamil Nadu, India",2026,5,0
2026-05-26,Potato,Sulur,Other,Local,4747.6,5801.72,5284.21,INR/quintal,"Coimbatore, Tamil Nadu, India",2026,5,1
2026-05-27,Potato,Sulur,Red Nanital,Local,4342.04,5414.92,4878.1,INR/quintal,"Coimbatore, Tamil Nadu, India",2026,5,2
2026-05-28,Potato,RSPuram,Other,Local,4721.2,5675.46,5222.66,INR/quintal,"Coimbatore, Tamil Nadu, India",2026,5,3
2026-05-29,Potato,RSPuram,Red Nanital,Local,4659.17,5533.39,5069.48,INR/quintal,"Coimbatore, Tamil Nadu, India",2026,5,4
2026-05-30,Potato,RSPuram,Red Nanital,Local,5032.13,6123.46,5471.74,INR/quintal,"Coimbatore, Tamil Nadu, India",2026,5,5
2026-05-31,Potato,RSPuram,Other,Local,4871.29,5756.07,5253.12,INR/quintal,"Coimbatore, Tamil Nadu, India",2026,5,6
2026-06-01,Potato,Sulur,Red Nanital,Local,4715.99,5628.33,5119.4,INR/quintal,"Coimbatore, Tamil Nadu, India",2026,6,0
2026-06-02,Potato,Mettupalayam,Other,Local,4881.21,5839.7,5226.33,INR/quintal,"Coimbatore, Tamil Nadu, India",2026,6,1
2026-06-03,Potato,Mettupalayam,Other,Local,4955.12,5999.46,5352.34,INR/quintal,"Coimbatore, Tamil Nadu, India",2026,6,2
2026-06-04,Potato,Mettupalayam,Other,Local,4909.36,5923.08,5276.45,INR/quintal,"Coimbatore, Tamil Nadu, India",2026,6,3
2026-06-05,Potato,RSPuram,Other,Local,4809.85,5676.21,5257.2,INR/quintal,"Coimbatore, Tamil Nadu, India",2026,6,4
2026-06-06,Potato,Singanallur,Other,Local,4706.87,5466.32,5047.48,INR/quintal,"Coimbatore, Tamil Nadu, India",2026,6,5
2026-06-07,Potato,RSPuram,Red Nanital,Local,4667.88,5582.98,5080.46,INR/quintal,"Coimbatore, Tamil Nadu, India",2026,6,6
2026-06-08,Potato,Mettupalayam,Other,Local,4628.09,5545.26,5101.76,INR/quintal,"Coimbatore, Tamil Nadu, India",2026,6,0
2026-06-09,Potato,Sulur,Other,Local,4778.35,5745.26,5283.68,INR/quintal,"Coimbatore, Tamil Nadu, India",2026,6,1
2026-06-10,Potato,Udumalpet,Other,Local,4533.67,5652.89,5054.2,INR/quintal,"Coimbatore, Tamil Nadu, India",2026,6,2
2026-06-11,Potato,Singanallur,Red Nanital,Local,4948.41,5924.21,5421.16,INR/quintal,"Coimbatore, Tamil Nadu, India",2026,6,3
2026-06-12,Potato,RSPuram,Other,Local,4816.93,5887.61,5232.29,INR/quintal,"Coimbatore, Tamil Nadu, India",2026,6,4
2026-06-13,Potato,Udumalpet,Red Nanital,Local,4548.77,5510.6,4966.07,INR/quintal,"Coimbatore, Tamil Nadu, India",2026,6,5
2026-06-14,Potato,RSPuram,Red Nanital,Local,4783.25,5755.63,5282.77,INR/quintal,"Coimbatore, Tamil Nadu, India",2026,6,6
2026-06-15,Potato,Sulur,Other,Local,4739.95,5610.48,5167.92,INR/quintal,"Coimbatore, Tamil Nadu, India",2026,6,0
2026-06-16,Potato,Udumalpet,Other,Local,5011.23,5901.23,5351.69,INR/quintal,"Coimbatore, Tamil Nadu, India",2026,6,1
2026-06-17,Potato,Udumalpet,Other,Local,4669.6,5653.3,5162.6,INR/quintal,"Coimbatore, Tamil Nadu, India",2026,6,2
2026-06-18,Potato,Udumalpet,Red Nanital,Local,4679.94,5643.05,5152.19,INR/quintal,"Coimbatore, Tamil Nadu, India",2026,6,3
2026-06-19,Potato,RSPuram,Red Nanital,Local,4820.58,5821.45,5229.07,INR/quintal,"Coimbatore, Tamil Nadu, India",2026,6,4
2026-06-20,Potato,Udumalpet,Red Nanital,Local,4464.37,5564.85,4965.43,INR/quintal,"Coimbatore, Tamil Nadu, India",2026,6,5
2026-06-21,Potato,Singanallur,Other,Local,4641.13,5671.68,5148.67,INR/quintal,"Coimbatore, Tamil Nadu, India",2026,6,6
2026-06-22,Potato,Sulur,Red Nanital,Local,4647.64,5656.89,5006.84,INR/quintal,"Coimbatore, Tamil Nadu, India",2026,6,0
2026-06-23,Potato,Sulur,Red Nanital,Local,4610.77,5585.2,4972.12,INR/quintal,"Coimbatore, Tamil Nadu, India",2026,6,1
2021-01-01,Tomato,Udumalpet,Hybrid,Local,2277.44,3148.24,2753.23,INR/quintal,"Coimbatore, Tamil Nadu, India",2021,1,4
2021-01-02,Tomato,Singanallur,Deshi,Local,2041.4,2938.74,2519.16,INR/quintal,"Coimbatore, Tamil Nadu, India",2021,1,5
2021-01-03,Tomato,Udumalpet,Hybrid,Local,2919.6,3738.44,3274.05,INR/quintal,"Coimbatore, Tamil Nadu, India",2021,1,6
2021-01-04,Tomato,Sulur,Deshi,Local,2529.51,3376.29,2990.45,INR/quintal,"Coimbatore, Tamil Nadu, India",2021,1,0
2021-01-05,Tomato,Udumalpet,Hybrid,Local,1983.74,2991.51,2408.75,INR/quintal,"Coimbatore, Tamil Nadu, India",2021,1,1
2021-01-06,Tomato,RSPuram,Deshi,Local,2858.77,3607.8,3180.62,INR/quintal,"Coimbatore, Tamil Nadu, India",2021,1,2
2021-01-07,Tomato,Sulur,Hybrid,Local,3013.83,4000.78,3472.12,INR/quintal,"Coimbatore, Tamil Nadu, India",2021,1,3
2021-01-08,Tomato,Singanallur,Deshi,Local,2509.01,3325.98,2893.07,INR/quintal,"Coimbatore, Tamil Nadu, India",2021,1,4
2021-01-09,Tomato,Mettupalayam,Hybrid,Local,2560.34,3374.08,2897.63,INR/quintal,"Coimbatore, Tamil Nadu, India",2021,1,5
2021-01-10,Tomato,Mettupalayam,Deshi,Local,3310.71,4197.31,3716.94,INR/quintal,"Coimbatore, Tamil Nadu, India",2021,1,6
2021-01-11,Tomato,Udumalpet,Deshi,Local,2607.79,3355.95,2956.5,INR/quintal,"Coimbatore, Tamil Nadu, India",2021,1,0
2021-01-12,Tomato,Udumalpet,Deshi,Local,2527.27,3362.89,2903.26,INR/quintal,"Coimbatore, Tamil Nadu, India",2021,1,1
2021-01-13,Tomato,Udumalpet,Hybrid,Local,2656.32,3520.94,3002.01,INR/quintal,"Coimbatore, Tamil Nadu, India",2021,1,2
2021-01-14,Tomato,RSPuram,Hybrid,Local,2491.9,3382.81,2858.88,INR/quintal,"Coimbatore, Tamil Nadu, India",2021,1,3
2021-01-15,Tomato,Sulur,Hybrid,Local,3168.88,4085.72,3486.3,INR/quintal,"Coimbatore, Tamil Nadu, India",2021,1,4
2021-01-16,Tomato,Udumalpet,Deshi,Local,3205.45,4127.77,3547.79,INR/quintal,"Coimbatore, Tamil Nadu, India",2021,1,5
2021-01-17,Tomato,Mettupalayam,Deshi,Local,2711.84,3459.44,3019.89,INR/quintal,"Coimbatore, Tamil Nadu, India",2021,1,6
2021-01-18,Tomato,Sulur,Hybrid,Local,3160.48,4052.02,3530.01,INR/quintal,"Coimbatore, Tamil Nadu, India",2021,1,0
2021-01-19,Tomato,Udumalpet,Deshi,Local,2941.33,3859.12,3291.59,INR/quintal,"Coimbatore, Tamil Nadu, India",2021,1,1
2021-01-20,Tomato,RSPuram,Hybrid,Local,2995.1,3758.94,3346.14,INR/quintal,"Coimbatore, Tamil Nadu, India",2021,1,2
2021-01-21,Tomato,Sulur,Deshi,Local,2941.17,3767.45,3258.0,INR/quintal,"Coimbatore, Tamil Nadu, India",2021,1,3
2021-01-22,Tomato,Singanallur,Deshi,Local,2811.85,3689.92,3265.48,INR/quintal,"Coimbatore, Tamil Nadu, India",2021,1,4
2021-01-23,Tomato,RSPuram,Hybrid,Local,2565.42,3352.76,2975.17,INR/quintal,"Coimbatore, Tamil Nadu, India",2021,1,5
2021-01-24,Tomato,Udumalpet,Hybrid,Local,2440.32,3199.31,2747.26,INR/quintal,"Coimbatore, Tamil Nadu, India",2021,1,6
2021-01-25,Tomato,RSPuram,Deshi,Local,2805.33,3722.78,3149.76,INR/quintal,"Coimbatore, Tamil Nadu, India",2021,1,0
2021-01-26,Tomato,Udumalpet,Deshi,Local,2674.4,3640.41,3058.81,INR/quintal,"Coimbatore, Tamil Nadu, India",2021,1,1
2021-01-27,Tomato,Sulur,Hybrid,Local,3236.47,4094.51,3706.9,INR/quintal,"Coimbatore, Tamil Nadu, India",2021,1,2
2021-01-28,Tomato,Udumalpet,Deshi,Local,2762.97,3500.4,3114.57,INR/quintal,"Coimbatore, Tamil Nadu, India",2021,1,3
2021-01-29,Tomato,Sulur,Hybrid,Local,2882.72,3864.68,3279.51,INR/quintal,"Coimbatore, Tamil Nadu, India",2021,1,4
2021-01-30,Tomato,Singanallur,Deshi,Local,2800.85,3596.79,3145.49,INR/quintal,"Coimbatore, Tamil Nadu, India",2021,1,5
2021-01-31,Tomato,Mettupalayam,Hybrid,Local,2836.33,3677.6,3217.42,INR/quintal,"Coimbatore, Tamil Nadu, India",2021,1,6
2021-02-01,Tomato,Udumalpet,Hybrid,Local,2750.53,3666.48,3139.1,INR/quintal,"Coimbatore, Tamil Nadu, India",2021,2,0
2021-02-02,Tomato,Mettupalayam,Hybrid,Local,2745.66,3705.82,3144.36,INR/quintal,"Coimbatore, Tamil Nadu, India",2021,2,1
2021-02-03,Tomato,Mettupalayam,Deshi,Local,3080.9,3961.75,3548.12,INR/quintal,"Coimbatore, Tamil Nadu, India",2021,2,2
2021-02-04,Tomato,Mettupalayam,Hybrid,Local,2813.34,3652.1,3144.96,INR/quintal,"Coimbatore, Tamil Nadu, India",2021,2,3
2021-02-05,Tomato,Udumalpet,Hybrid,Local,2821.21,3765.92,3299.1,INR/quintal,"Coimbatore, Tamil Nadu, India",2021,2,4
2021-02-06,Tomato,RSPuram,Deshi,Local,2791.77,3740.11,3220.68,INR/quintal,"Coimbatore, Tamil Nadu, India",2021,2,5
2021-02-07,Tomato,Sulur,Hybrid,Local,3434.3,4254.76,3830.68,INR/quintal,"Coimbatore, Tamil Nadu, India",2021,2,6
2021-02-08,Tomato,Udumalpet,Deshi,Local,2787.99,3662.08,3244.06,INR/quintal,"Coimbatore, Tamil Nadu, India",2021,2,0
2021-02-09,Tomato,RSPuram,Deshi,Local,2771.74,3784.09,3184.78,INR/quintal,"Coimbatore, Tamil Nadu, India",2021,2,1
2021-02-10,Tomato,RSPuram,Deshi,Local,3165.74,4153.37,3622.8,INR/quintal,"Coimbatore, Tamil Nadu, India",2021,2,2
2021-02-11,Tomato,Mettupalayam,Deshi,Local,3032.7,3803.98,3365.86,INR/quintal,"Coimbatore, Tamil Nadu, India",2021,2,3
2021-02-12,Tomato,Singanallur,Deshi,Local,3240.22,3957.43,3558.3,INR/quintal,"Coimbatore, Tamil Nadu, India",2021,2,4
2021-02-13,Tomato,Mettupalayam,Deshi,Local,3595.6,4482.51,3909.36,INR/quintal,"Coimbatore, Tamil Nadu, India",2021,2,5
2021-02-14,Tomato,Singanallur,Deshi,Local,2963.41,3722.58,3299.35,INR/quintal,"Coimbatore, Tamil Nadu, India",2021,2,6
2021-02-15,Tomato,Singanallur,Hybrid,Local,3034.15,3946.72,3498.3,INR/quintal,"Coimbatore, Tamil Nadu, India",2021,2,0
2021-02-16,Tomato,Singanallur,Hybrid,Local,2611.68,3461.25,3064.31,INR/quintal,"Coimbatore, Tamil Nadu, India",2021,2,1
2021-02-17,Tomato,Singanallur,Hybrid,Local,3649.32,4534.82,3998.73,INR/quintal,"Coimbatore, Tamil Nadu, India",2021,2,2
2021-02-18,Tomato,Mettupalayam,Deshi,Local,2555.43,3367.38,2986.1,INR/quintal,"Coimbatore, Tamil Nadu, India",2021,2,3
2021-02-19,Tomato,Udumalpet,Deshi,Local,3060.83,4057.12,3530.14,INR/quintal,"Coimbatore, Tamil Nadu, India",2021,2,4
2021-02-20,Tomato,RSPuram,Deshi,Local,3386.62,4152.92,3707.62,INR/quintal,"Coimbatore, Tamil Nadu, India",2021,2,5
2021-02-21,Tomato,Sulur,Hybrid,Local,3229.66,4190.47,3596.84,INR/quintal,"Coimbatore, Tamil Nadu, India",2021,2,6
2021-02-22,Tomato,Mettupalayam,Hybrid,Local,3437.04,4360.58,3859.06,INR/quintal,"Coimbatore, Tamil Nadu, India",2021,2,0
2021-02-23,Tomato,Udumalpet,Hybrid,Local,2713.04,3592.41,3095.71,INR/quintal,"Coimbatore, Tamil Nadu, India",2021,2,1
2021-02-24,Tomato,Udumalpet,Deshi,Local,3785.83,4718.93,4207.73,INR/quintal,"Coimbatore, Tamil Nadu, India",2021,2,2
2021-02-25,Tomato,Sulur,Hybrid,Local,2427.33,3377.08,2871.86,INR/quintal,"Coimbatore, Tamil Nadu, India",2021,2,3
2021-02-26,Tomato,RSPuram,Deshi,Local,2846.18,3679.59,3288.51,INR/quintal,"Coimbatore, Tamil Nadu, India",2021,2,4
2021-02-27,Tomato,Singanallur,Deshi,Local,2953.1,3723.8,3305.0,INR/quintal,"Coimbatore, Tamil Nadu, India",2021,2,5
2021-02-28,Tomato,Mettupalayam,Hybrid,Local,2895.72,3585.66,3197.24,INR/quintal,"Coimbatore, Tamil Nadu, India",2021,2,6
2021-03-01,Tomato,Udumalpet,Deshi,Local,3278.99,4136.94,3676.58,INR/quintal,"Coimbatore, Tamil Nadu, India",2021,3,0
2021-03-02,Tomato,Sulur,Deshi,Local,3754.42,4637.1,4159.9,INR/quintal,"Coimbatore, Tamil Nadu, India",2021,3,1
2021-03-03,Tomato,Singanallur,Hybrid,Local,3336.77,4106.92,3649.72,INR/quintal,"Coimbatore, Tamil Nadu, India",2021,3,2
2021-03-04,Tomato,Mettupalayam,Deshi,Local,3184.6,3978.92,3571.84,INR/quintal,"Coimbatore, Tamil Nadu, India",2021,3,3
2021-03-05,Tomato,Udumalpet,Deshi,Local,3029.94,3926.58,3483.86,INR/quintal,"Coimbatore, Tamil Nadu, India",2021,3,4
2021-03-06,Tomato,Singanallur,Hybrid,Local,3519.69,4386.35,3991.52,INR/quintal,"Coimbatore, Tamil Nadu, India",2021,3,5
2021-03-07,Tomato,Udumalpet,Deshi,Local,3196.42,3972.95,3513.69,INR/quintal,"Coimbatore, Tamil Nadu, India",2021,3,6
2021-03-08,Tomato,Udumalpet,Hybrid,Local,3321.13,4137.03,3648.41,INR/quintal,"Coimbatore, Tamil Nadu, India",2021,3,0
2021-03-09,Tomato,Sulur,Hybrid,Local,3266.25,4175.54,3713.88,INR/quintal,"Coimbatore, Tamil Nadu, India",2021,3,1
2021-03-10,Tomato,Mettupalayam,Hybrid,Local,3519.18,4328.59,3953.03,INR/quintal,"Coimbatore, Tamil Nadu, India",2021,3,2
2021-03-11,Tomato,Mettupalayam,Hybrid,Local,3034.41,3720.6,3337.66,INR/quintal,"Coimbatore, Tamil Nadu, India",2021,3,3
2021-03-12,Tomato,Sulur,Hybrid,Local,3111.17,3824.81,3427.05,INR/quintal,"Coimbatore, Tamil Nadu, India",2021,3,4
2021-03-13,Tomato,RSPuram,Hybrid,Local,3159.74,4114.28,3612.37,INR/quintal,"Coimbatore, Tamil Nadu, India",2021,3,5
2021-03-14,Tomato,Udumalpet,Deshi,Local,3210.96,4057.32,3541.23,INR/quintal,"Coimbatore, Tamil Nadu, India",2021,3,6
2021-03-15,Tomato,Mettupalayam,Hybrid,Local,3441.67,4316.22,3800.63,INR/quintal,"Coimbatore, Tamil Nadu, India",2021,3,0
2021-03-16,Tomato,Mettupalayam,Hybrid,Local,3380.89,4311.44,3762.86,INR/quintal,"Coimbatore, Tamil Nadu, India",2021,3,1
2021-03-17,Tomato,Singanallur,Hybrid,Local,3276.47,4171.26,3699.1,INR/quintal,"Coimbatore, Tamil Nadu, India",2021,3,2
2021-03-18,Tomato,Sulur,Hybrid,Local,3701.86,4516.83,4004.17,INR/quintal,"Coimbatore, Tamil Nadu, India",2021,3,3
2021-03-19,Tomato,Udumalpet,Hybrid,Local,3539.6,4409.08,3957.55,INR/quintal,"Coimbatore, Tamil Nadu, India",2021,3,4
2021-03-20,Tomato,Udumalpet,Deshi,Local,2939.61,3861.32,3375.43,INR/quintal,"Coimbatore, Tamil Nadu, India",2021,3,5
2021-03-21,Tomato,Singanallur,Deshi,Local,3359.55,4269.7,3714.47,INR/quintal,"Coimbatore, Tamil Nadu, India",2021,3,6
2021-03-22,Tomato,Mettupalayam,Deshi,Local,3190.54,3944.01,3552.84,INR/quintal,"Coimbatore, Tamil Nadu, India",2021,3,0
2021-03-23,Tomato,Sulur,Deshi,Local,3578.77,4284.89,3906.12,INR/quintal,"Coimbatore, Tamil Nadu, India",2021,3,1
2021-03-24,Tomato,Sulur,Hybrid,Local,3596.57,4417.98,3996.02,INR/quintal,"Coimbatore, Tamil Nadu, India",2021,3,2
2021-03-25,Tomato,Singanallur,Hybrid,Local,3646.44,4476.2,4021.75,INR/quintal,"Coimbatore, Tamil Nadu, India",2021,3,3
2021-03-26,Tomato,Singanallur,Hybrid,Local,3525.34,4369.94,3862.46,INR/quintal,"Coimbatore, Tamil Nadu, India",2021,3,4
2021-03-27,Tomato,RSPuram,Hybrid,Local,3629.19,4525.42,4093.32,INR/quintal,"Coimbatore, Tamil Nadu, India",2021,3,5
2021-03-28,Tomato,Sulur,Hybrid,Local,2979.03,3954.73,3355.15,INR/quintal,"Coimbatore, Tamil Nadu, India",2021,3,6
2021-03-29,Tomato,Udumalpet,Deshi,Local,3281.83,4221.87,3732.39,INR/quintal,"Coimbatore, Tamil Nadu, India",2021,3,0
2021-03-30,Tomato,Sulur,Hybrid,Local,3352.68,4308.17,3713.1,INR/quintal,"Coimbatore, Tamil Nadu, India",2021,3,1
2021-03-31,Tomato,RSPuram,Deshi,Local,3533.53,4370.35,3961.87,INR/quintal,"Coimbatore, Tamil Nadu, India",2021,3,2
2021-04-01,Tomato,Singanallur,Deshi,Local,3428.76,4361.91,3784.63,INR/quintal,"Coimbatore, Tamil Nadu, India",2021,4,3
2021-04-02,Tomato,RSPuram,Deshi,Local,3020.14,4002.84,3491.29,INR/quintal,"Coimbatore, Tamil Nadu, India",2021,4,4
2021-04-03,Tomato,Mettupalayam,Deshi,Local,3523.85,4255.31,3830.75,INR/quintal,"Coimbatore, Tamil Nadu, India",2021,4,5
2021-04-04,Tomato,Udumalpet,Hybrid,Local,3488.67,4512.21,3935.53,INR/quintal,"Coimbatore, Tamil Nadu, India",2021,4,6
2021-04-05,Tomato,RSPuram,Hybrid,Local,3462.29,4383.43,3862.1,INR/quintal,"Coimbatore, Tamil Nadu, India",2021,4,0
2021-04-06,Tomato,Udumalpet,Hybrid,Local,3219.03,4163.32,3633.9,INR/quintal,"Coimbatore, Tamil Nadu, India",2021,4,1
2021-04-07,Tomato,Singanallur,Deshi,Local,2967.77,3885.43,3355.51,INR/quintal,"Coimbatore, Tamil Nadu, India",2021,4,2
2021-04-08,Tomato,Mettupalayam,Deshi,Local,3312.38,3995.16,3612.79,INR/quintal,"Coimbatore, Tamil Nadu, India",2021,4,3
2021-04-09,Tomato,Udumalpet,Deshi,Local,3065.44,4026.1,3540.49,INR/quintal,"Coimbatore, Tamil Nadu, India",2021,4,4
2021-04-10,Tomato,Singanallur,Deshi,Local,3391.91,4371.09,3861.59,INR/quintal,"Coimbatore, Tamil Nadu, India",2021,4,5
2021-04-11,Tomato,Udumalpet,Hybrid,Local,3612.4,4392.96,3989.34,INR/quintal,"Coimbatore, Tamil Nadu, India",2021,4,6
2021-04-12,Tomato,Mettupalayam,Hybrid,Local,3537.17,4542.69,3953.3,INR/quintal,"Coimbatore, Tamil Nadu, India",2021,4,0
2021-04-13,Tomato,Sulur,Deshi,Local,3260.14,4153.74,3580.71,INR/quintal,"Coimbatore, Tamil Nadu, India",2021,4,1
2021-04-14,Tomato,Udumalpet,Deshi,Local,3171.97,4014.07,3544.51,INR/quintal,"Coimbatore, Tamil Nadu, India",2021,4,2
2021-04-15,Tomato,RSPuram,Hybrid,Local,3615.67,4405.04,4024.77,INR/quintal,"Coimbatore, Tamil Nadu, India",2021,4,3
2021-04-16,Tomato,Mettupalayam,Deshi,Local,3711.92,4439.54,4036.22,INR/quintal,"Coimbatore, Tamil Nadu, India",2021,4,4
2021-04-17,Tomato,Udumalpet,Deshi,Local,3975.07,4963.74,4423.21,INR/quintal,"Coimbatore, Tamil Nadu, India",2021,4,5
2021-04-18,Tomato,Sulur,Deshi,Local,3180.92,4216.52,3625.78,INR/quintal,"Coimbatore, Tamil Nadu, India",2021,4,6
2021-04-19,Tomato,Mettupalayam,Deshi,Local,3620.27,4536.78,4014.27,INR/quintal,"Coimbatore, Tamil Nadu, India",2021,4,0
2021-04-20,Tomato,Udumalpet,Hybrid,Local,3258.48,4138.0,3621.65,INR/quintal,"Coimbatore, Tamil Nadu, India",2021,4,1
2021-04-21,Tomato,Singanallur,Hybrid,Local,3464.8,4429.76,3892.58,INR/quintal,"Coimbatore, Tamil Nadu, India",2021,4,2
2021-04-22,Tomato,RSPuram,Hybrid,Local,3699.51,4475.56,4002.4,INR/quintal,"Coimbatore, Tamil Nadu, India",2021,4,3
2021-04-23,Tomato,Singanallur,Deshi,Local,3433.51,4149.12,3767.74,INR/quintal,"Coimbatore, Tamil Nadu, India",2021,4,4
2021-04-24,Tomato,RSPuram,Deshi,Local,2989.1,3796.19,3308.03,INR/quintal,"Coimbatore, Tamil Nadu, India",2021,4,5
2021-04-25,Tomato,Sulur,Hybrid,Local,3251.42,4096.46,3688.6,INR/quintal,"Coimbatore, Tamil Nadu, India",2021,4,6
2021-04-26,Tomato,RSPuram,Hybrid,Local,3648.12,4586.45,4111.88,INR/quintal,"Coimbatore, Tamil Nadu, India",2021,4,0
2021-04-27,Tomato,Udumalpet,Deshi,Local,2966.17,3750.92,3281.32,INR/quintal,"Coimbatore, Tamil Nadu, India",2021,4,1
2021-04-28,Tomato,Mettupalayam,Deshi,Local,3063.87,4021.79,3533.32,INR/quintal,"Coimbatore, Tamil Nadu, India",2021,4,2
2021-04-29,Tomato,Singanallur,Deshi,Local,3105.1,4158.19,3582.02,INR/quintal,"Coimbatore, Tamil Nadu, India",2021,4,3
2021-04-30,Tomato,Sulur,Hybrid,Local,2871.09,3813.23,3243.38,INR/quintal,"Coimbatore, Tamil Nadu, India",2021,4,4
2021-05-01,Tomato,RSPuram,Hybrid,Local,3368.53,4400.37,3833.18,INR/quintal,"Coimbatore, Tamil Nadu, India",2021,5,5
2021-05-02,Tomato,Singanallur,Deshi,Local,3235.72,4139.18,3697.93,INR/quintal,"Coimbatore, Tamil Nadu, India",2021,5,6
2021-05-03,Tomato,Udumalpet,Deshi,Local,3445.37,4382.8,3810.44,INR/quintal,"Coimbatore, Tamil Nadu, India",2021,5,0
2021-05-04,Tomato,RSPuram,Hybrid,Local,3132.61,4028.04,3547.53,INR/quintal,"Coimbatore, Tamil Nadu, India",2021,5,1
2021-05-05,Tomato,RSPuram,Deshi,Local,3040.0,3896.66,3398.08,INR/quintal,"Coimbatore, Tamil Nadu, India",2021,5,2
2021-05-06,Tomato,Sulur,Hybrid,Local,3450.72,4302.17,3774.69,INR/quintal,"Coimbatore, Tamil Nadu, India",2021,5,3
2021-05-07,Tomato,Udumalpet,Hybrid,Local,2897.39,3676.2,3275.75,INR/quintal,"Coimbatore, Tamil Nadu, India",2021,5,4
2021-05-08,Tomato,Udumalpet,Deshi,Local,3389.59,4112.02,3702.79,INR/quintal,"Coimbatore, Tamil Nadu, India",2021,5,5
2021-05-09,Tomato,Sulur,Hybrid,Local,3227.29,4150.88,3660.54,INR/quintal,"Coimbatore, Tamil Nadu, India",2021,5,6
2021-05-10,Tomato,Sulur,Deshi,Local,3206.18,4159.77,3675.39,INR/quintal,"Coimbatore, Tamil Nadu, India",2021,5,0
2021-05-11,Tomato,Sulur,Deshi,Local,2870.92,3778.11,3318.69,INR/quintal,"Coimbatore, Tamil Nadu, India",2021,5,1
2021-05-12,Tomato,Mettupalayam,Deshi,Local,3213.26,4215.35,3657.76,INR/quintal,"Coimbatore, Tamil Nadu, India",2021,5,2
2021-05-13,Tomato,RSPuram,Deshi,Local,3221.88,4073.69,3691.7,INR/quintal,"Coimbatore, Tamil Nadu, India",2021,5,3
2021-05-14,Tomato,Singanallur,Deshi,Local,3196.95,3914.14,3537.34,INR/quintal,"Coimbatore, Tamil Nadu, India",2021,5,4
2021-05-15,Tomato,Mettupalayam,Hybrid,Local,3534.13,4317.11,3838.61,INR/quintal,"Coimbatore, Tamil Nadu, India",2021,5,5
2021-05-16,Tomato,Singanallur,Deshi,Local,3100.25,4140.75,3545.29,INR/quintal,"Coimbatore, Tamil Nadu, India",2021,5,6
2021-05-17,Tomato,RSPuram,Hybrid,Local,2592.16,3500.17,3011.27,INR/quintal,"Coimbatore, Tamil Nadu, India",2021,5,0
2021-05-18,Tomato,Udumalpet,Deshi,Local,2736.15,3695.99,3196.59,INR/quintal,"Coimbatore, Tamil Nadu, India",2021,5,1
2021-05-19,Tomato,Mettupalayam,Deshi,Local,3133.07,3901.02,3435.87,INR/quintal,"Coimbatore, Tamil Nadu, India",2021,5,2
2021-05-20,Tomato,Udumalpet,Hybrid,Local,3003.15,3892.73,3426.6,INR/quintal,"Coimbatore, Tamil Nadu, India",2021,5,3
2021-05-21,Tomato,Mettupalayam,Hybrid,Local,3328.67,4199.05,3750.71,INR/quintal,"Coimbatore, Tamil Nadu, India",2021,5,4
2021-05-22,Tomato,Singanallur,Hybrid,Local,3031.06,3928.46,3444.79,INR/quintal,"Coimbatore, Tamil Nadu, India",2021,5,5
2021-05-23,Tomato,Sulur,Hybrid,Local,2892.69,3855.33,3303.96,INR/quintal,"Coimbatore, Tamil Nadu, India",2021,5,6
2021-05-24,Tomato,RSPuram,Hybrid,Local,2430.71,3411.17,2833.87,INR/quintal,"Coimbatore, Tamil Nadu, India",2021,5,0
2021-05-25,Tomato,Udumalpet,Deshi,Local,2943.32,3833.69,3380.83,INR/quintal,"Coimbatore, Tamil Nadu, India",2021,5,1
2021-05-26,Tomato,Singanallur,Deshi,Local,2835.6,3808.64,3306.02,INR/quintal,"Coimbatore, Tamil Nadu, India",2021,5,2
2021-05-27,Tomato,Udumalpet,Hybrid,Local,2855.44,3772.48,3289.59,INR/quintal,"Coimbatore, Tamil Nadu, India",2021,5,3
2021-05-28,Tomato,Mettupalayam,Deshi,Local,2878.16,3783.53,3259.43,INR/quintal,"Coimbatore, Tamil Nadu, India",2021,5,4
2021-05-29,Tomato,Sulur,Hybrid,Local,2876.74,3823.24,3313.64,INR/quintal,"Coimbatore, Tamil Nadu, India",2021,5,5
2021-05-30,Tomato,RSPuram,Deshi,Local,2968.76,3808.72,3339.91,INR/quintal,"Coimbatore, Tamil Nadu, India",2021,5,6
2021-05-31,Tomato,Mettupalayam,Hybrid,Local,2747.98,3800.4,3202.69,INR/quintal,"Coimbatore, Tamil Nadu, India",2021,5,0
2021-06-01,Tomato,Singanallur,Deshi,Local,3130.39,4068.13,3497.15,INR/quintal,"Coimbatore, Tamil Nadu, India",2021,6,1
2021-06-02,Tomato,Singanallur,Hybrid,Local,3287.53,4167.15,3734.32,INR/quintal,"Coimbatore, Tamil Nadu, India",2021,6,2
2021-06-03,Tomato,Mettupalayam,Hybrid,Local,3650.52,4422.9,3975.36,INR/quintal,"Coimbatore, Tamil Nadu, India",2021,6,3
2021-06-04,Tomato,Udumalpet,Hybrid,Local,2484.09,3291.0,2794.29,INR/quintal,"Coimbatore, Tamil Nadu, India",2021,6,4
2021-06-05,Tomato,Udumalpet,Hybrid,Local,2311.93,3269.39,2756.11,INR/quintal,"Coimbatore, Tamil Nadu, India",2021,6,5
2021-06-06,Tomato,RSPuram,Hybrid,Local,3482.84,4414.58,3846.73,INR/quintal,"Coimbatore, Tamil Nadu, India",2021,6,6
2021-06-07,Tomato,Sulur,Hybrid,Local,2247.28,3099.88,2676.74,INR/quintal,"Coimbatore, Tamil Nadu, India",2021,6,0
2021-06-08,Tomato,Sulur,Hybrid,Local,3234.87,4171.1,3655.1,INR/quintal,"Coimbatore, Tamil Nadu, India",2021,6,1
2021-06-09,Tomato,Singanallur,Hybrid,Local,2967.7,3889.99,3370.93,INR/quintal,"Coimbatore, Tamil Nadu, India",2021,6,2
2021-06-10,Tomato,Singanallur,Deshi,Local,2312.12,3099.06,2622.99,INR/quintal,"Coimbatore, Tamil Nadu, India",2021,6,3
2021-06-11,Tomato,Singanallur,Deshi,Local,2745.27,3587.67,3137.31,INR/quintal,"Coimbatore, Tamil Nadu, India",2021,6,4
2021-06-12,Tomato,Singanallur,Hybrid,Local,2904.74,3878.77,3331.53,INR/quintal,"Coimbatore, Tamil Nadu, India",2021,6,5
2021-06-13,Tomato,Singanallur,Deshi,Local,3160.75,3949.35,3544.67,INR/quintal,"Coimbatore, Tamil Nadu, India",2021,6,6
2021-06-14,Tomato,Sulur,Hybrid,Local,2925.64,3869.07,3322.2,INR/quintal,"Coimbatore, Tamil Nadu, India",2021,6,0
2021-06-15,Tomato,Udumalpet,Hybrid,Local,3448.09,4259.03,3870.19,INR/quintal,"Coimbatore, Tamil Nadu, India",2021,6,1
2021-06-16,Tomato,Singanallur,Hybrid,Local,2839.42,3675.67,3202.23,INR/quintal,"Coimbatore, Tamil Nadu, India",2021,6,2
2021-06-17,Tomato,RSPuram,Hybrid,Local,2545.92,3344.73,2899.81,INR/quintal,"Coimbatore, Tamil Nadu, India",2021,6,3
2021-06-18,Tomato,Udumalpet,Hybrid,Local,2612.23,3462.13,3042.05,INR/quintal,"Coimbatore, Tamil Nadu, India",2021,6,4
2021-06-19,Tomato,RSPuram,Hybrid,Local,2952.5,3854.3,3314.31,INR/quintal,"Coimbatore, Tamil Nadu, India",2021,6,5
2021-06-20,Tomato,Mettupalayam,Deshi,Local,2887.81,3592.3,3193.85,INR/quintal,"Coimbatore, Tamil Nadu, India",2021,6,6
2021-06-21,Tomato,RSPuram,Deshi,Local,2430.18,3178.82,2770.86,INR/quintal,"Coimbatore, Tamil Nadu, India",2021,6,0
2021-06-22,Tomato,Singanallur,Hybrid,Local,2273.59,3234.98,2736.86,INR/quintal,"Coimbatore, Tamil Nadu, India",2021,6,1
2021-06-23,Tomato,Mettupalayam,Hybrid,Local,3205.77,4031.62,3549.16,INR/quintal,"Coimbatore, Tamil Nadu, India",2021,6,2
2021-06-24,Tomato,Mettupalayam,Deshi,Local,2959.58,3842.94,3344.02,INR/quintal,"Coimbatore, Tamil Nadu, India",2021,6,3
2021-06-25,Tomato,Udumalpet,Hybrid,Local,3340.88,4301.43,3760.01,INR/quintal,"Coimbatore, Tamil Nadu, India",2021,6,4
2021-06-26,Tomato,RSPuram,Hybrid,Local,2987.6,3724.97,3296.48,INR/quintal,"Coimbatore, Tamil Nadu, India",2021,6,5
2021-06-27,Tomato,Udumalpet,Deshi,Local,2364.47,3232.95,2771.58,INR/quintal,"Coimbatore, Tamil Nadu, India",2021,6,6
2021-06-28,Tomato,Mettupalayam,Hybrid,Local,2701.64,3503.22,3038.75,INR/quintal,"Coimbatore, Tamil Nadu, India",2021,6,0
2021-06-29,Tomato,Singanallur,Hybrid,Local,2723.94,3701.68,3131.37,INR/quintal,"Coimbatore, Tamil Nadu, India",2021,6,1
2021-06-30,Tomato,Sulur,Hybrid,Local,2575.63,3322.3,2941.02,INR/quintal,"Coimbatore, Tamil Nadu, India",2021,6,2
2021-07-01,Tomato,Sulur,Deshi,Local,2541.37,3517.29,2954.82,INR/quintal,"Coimbatore, Tamil Nadu, India",2021,7,3
2021-07-02,Tomato,Udumalpet,Deshi,Local,2912.25,3799.22,3229.16,INR/quintal,"Coimbatore, Tamil Nadu, India",2021,7,4
2021-07-03,Tomato,Udumalpet,Deshi,Local,2951.26,3701.99,3305.24,INR/quintal,"Coimbatore, Tamil Nadu, India",2021,7,5
2021-07-04,Tomato,Sulur,Hybrid,Local,2552.29,3401.18,2861.73,INR/quintal,"Coimbatore, Tamil Nadu, India",2021,7,6
2021-07-05,Tomato,RSPuram,Hybrid,Local,2357.17,3071.35,2688.3,INR/quintal,"Coimbatore, Tamil Nadu, India",2021,7,0
2021-07-06,Tomato,Mettupalayam,Deshi,Local,2665.95,3481.47,2994.74,INR/quintal,"Coimbatore, Tamil Nadu, India",2021,7,1
2021-07-07,Tomato,Mettupalayam,Hybrid,Local,2364.19,3259.58,2825.4,INR/quintal,"Coimbatore, Tamil Nadu, India",2021,7,2
2021-07-08,Tomato,Mettupalayam,Deshi,Local,2886.16,3824.23,3294.77,INR/quintal,"Coimbatore, Tamil Nadu, India",2021,7,3
2021-07-09,Tomato,RSPuram,Hybrid,Local,2551.31,3370.98,2937.83,INR/quintal,"Coimbatore, Tamil Nadu, India",2021,7,4
2021-07-10,Tomato,RSPuram,Hybrid,Local,2407.58,3145.94,2755.72,INR/quintal,"Coimbatore, Tamil Nadu, India",2021,7,5
2021-07-11,Tomato,Singanallur,Hybrid,Local,2408.5,3259.62,2856.18,INR/quintal,"Coimbatore, Tamil Nadu, India",2021,7,6
2021-07-12,Tomato,Sulur,Hybrid,Local,2580.49,3536.0,2942.52,INR/quintal,"Coimbatore, Tamil Nadu, India",2021,7,0
2021-07-13,Tomato,Singanallur,Deshi,Local,2068.13,2919.86,2473.21,INR/quintal,"Coimbatore, Tamil Nadu, India",2021,7,1
2021-07-14,Tomato,Singanallur,Deshi,Local,2463.87,3391.87,2926.79,INR/quintal,"Coimbatore, Tamil Nadu, India",2021,7,2
2021-07-15,Tomato,Mettupalayam,Hybrid,Local,2584.36,3492.25,2982.57,INR/quintal,"Coimbatore, Tamil Nadu, India",2021,7,3
2021-07-16,Tomato,Sulur,Deshi,Local,2247.84,3039.54,2610.07,INR/quintal,"Coimbatore, Tamil Nadu, India",2021,7,4
2021-07-17,Tomato,Udumalpet,Deshi,Local,2548.04,3357.12,2898.04,INR/quintal,"Coimbatore, Tamil Nadu, India",2021,7,5
2021-07-18,Tomato,Mettupalayam,Hybrid,Local,1946.56,2753.36,2326.63,INR/quintal,"Coimbatore, Tamil Nadu, India",2021,7,6
2021-07-19,Tomato,RSPuram,Deshi,Local,2255.63,3246.17,2685.58,INR/quintal,"Coimbatore, Tamil Nadu, India",2021,7,0
2021-07-20,Tomato,Mettupalayam,Deshi,Local,2096.88,3051.37,2488.07,INR/quintal,"Coimbatore, Tamil Nadu, India",2021,7,1
2021-07-21,Tomato,RSPuram,Deshi,Local,1771.8,2556.03,2082.15,INR/quintal,"Coimbatore, Tamil Nadu, India",2021,7,2
2021-07-22,Tomato,Mettupalayam,Deshi,Local,1882.38,2812.16,2306.52,INR/quintal,"Coimbatore, Tamil Nadu, India",2021,7,3
2021-07-23,Tomato,Udumalpet,Hybrid,Local,2266.04,3166.57,2662.84,INR/quintal,"Coimbatore, Tamil Nadu, India",2021,7,4
2021-07-24,Tomato,Udumalpet,Deshi,Local,1853.78,2653.88,2231.99,INR/quintal,"Coimbatore, Tamil Nadu, India",2021,7,5
2021-07-25,Tomato,Sulur,Hybrid,Local,2421.11,3169.21,2786.33,INR/quintal,"Coimbatore, Tamil Nadu, India",2021,7,6
2021-07-26,Tomato,Mettupalayam,Deshi,Local,2586.6,3351.52,2961.53,INR/quintal,"Coimbatore, Tamil Nadu, India",2021,7,0
2021-07-27,Tomato,Mettupalayam,Hybrid,Local,2337.68,3254.28,2807.64,INR/quintal,"Coimbatore, Tamil Nadu, India",2021,7,1
2021-07-28,Tomato,Udumalpet,Deshi,Local,2132.92,3062.83,2586.06,INR/quintal,"Coimbatore, Tamil Nadu, India",2021,7,2
2021-07-29,Tomato,RSPuram,Deshi,Local,2056.3,2985.63,2396.28,INR/quintal,"Coimbatore, Tamil Nadu, India",2021,7,3
2021-07-30,Tomato,RSPuram,Deshi,Local,2056.82,2895.88,2377.19,INR/quintal,"Coimbatore, Tamil Nadu, India",2021,7,4
2021-07-31,Tomato,Sulur,Hybrid,Local,2001.49,3073.72,2476.61,INR/quintal,"Coimbatore, Tamil Nadu, India",2021,7,5
2021-08-01,Tomato,Udumalpet,Deshi,Local,1554.49,2545.2,1973.73,INR/quintal,"Coimbatore, Tamil Nadu, India",2021,8,6
2021-08-02,Tomato,Mettupalayam,Hybrid,Local,1634.36,2600.84,2102.0,INR/quintal,"Coimbatore, Tamil Nadu, India",2021,8,0
2021-08-03,Tomato,RSPuram,Hybrid,Local,2023.98,2972.7,2488.43,INR/quintal,"Coimbatore, Tamil Nadu, India",2021,8,1
2021-08-04,Tomato,Sulur,Deshi,Local,2324.38,3096.15,2629.08,INR/quintal,"Coimbatore, Tamil Nadu, India",2021,8,2
2021-08-05,Tomato,RSPuram,Hybrid,Local,1749.84,2650.84,2180.99,INR/quintal,"Coimbatore, Tamil Nadu, India",2021,8,3
2021-08-06,Tomato,Sulur,Hybrid,Local,2255.55,2999.67,2577.03,INR/quintal,"Coimbatore, Tamil Nadu, India",2021,8,4
2021-08-07,Tomato,Sulur,Hybrid,Local,1711.68,2591.24,2169.54,INR/quintal,"Coimbatore, Tamil Nadu, India",2021,8,5
2021-08-08,Tomato,Mettupalayam,Hybrid,Local,2358.83,3257.73,2799.02,INR/quintal,"Coimbatore, Tamil Nadu, India",2021,8,6
2021-08-09,Tomato,Udumalpet,Hybrid,Local,1743.25,2545.46,2066.62,INR/quintal,"Coimbatore, Tamil Nadu, India",2021,8,0
2021-08-10,Tomato,Mettupalayam,Deshi,Local,1453.57,2484.92,1933.48,INR/quintal,"Coimbatore, Tamil Nadu, India",2021,8,1
2021-08-11,Tomato,Udumalpet,Hybrid,Local,1870.07,2847.76,2257.39,INR/quintal,"Coimbatore, Tamil Nadu, India",2021,8,2
2021-08-12,Tomato,Mettupalayam,Hybrid,Local,1231.86,2278.11,1692.33,INR/quintal,"Coimbatore, Tamil Nadu, India",2021,8,3
2021-08-13,Tomato,RSPuram,Deshi,Local,2307.86,3018.21,2620.98,INR/quintal,"Coimbatore, Tamil Nadu, India",2021,8,4
2021-08-14,Tomato,Udumalpet,Hybrid,Local,1934.16,2842.54,2321.52,INR/quintal,"Coimbatore, Tamil Nadu, India",2021,8,5
2021-08-15,Tomato,Sulur,Deshi,Local,2306.8,3104.27,2616.01,INR/quintal,"Coimbatore, Tamil Nadu, India",2021,8,6
2021-08-16,Tomato,Mettupalayam,Deshi,Local,1616.04,2432.48,2045.47,INR/quintal,"Coimbatore, Tamil Nadu, India",2021,8,0
2021-08-17,Tomato,Singanallur,Hybrid,Local,2035.33,3093.18,2511.87,INR/quintal,"Coimbatore, Tamil Nadu, India",2021,8,1
2021-08-18,Tomato,Mettupalayam,Deshi,Local,2147.83,2997.21,2511.24,INR/quintal,"Coimbatore, Tamil Nadu, India",2021,8,2
2021-08-19,Tomato,Sulur,Hybrid,Local,2080.52,2879.72,2472.19,INR/quintal,"Coimbatore, Tamil Nadu, India",2021,8,3
2021-08-20,Tomato,Mettupalayam,Deshi,Local,2011.55,2751.84,2325.61,INR/quintal,"Coimbatore, Tamil Nadu, India",2021,8,4
2021-08-21,Tomato,RSPuram,Hybrid,Local,1557.18,2622.11,2025.7,INR/quintal,"Coimbatore, Tamil Nadu, India",2021,8,5
2021-08-22,Tomato,RSPuram,Hybrid,Local,1957.18,2787.58,2348.69,INR/quintal,"Coimbatore, Tamil Nadu, India",2021,8,6
2021-08-23,Tomato,Sulur,Deshi,Local,1842.57,2761.22,2238.47,INR/quintal,"Coimbatore, Tamil Nadu, India",2021,8,0
2021-08-24,Tomato,Singanallur,Hybrid,Local,1904.84,2738.01,2315.61,INR/quintal,"Coimbatore, Tamil Nadu, India",2021,8,1
2021-08-25,Tomato,RSPuram,Deshi,Local,1473.68,2339.41,1911.74,INR/quintal,"Coimbatore, Tamil Nadu, India",2021,8,2
2021-08-26,Tomato,Udumalpet,Deshi,Local,2308.84,3356.01,2761.8,INR/quintal,"Coimbatore, Tamil Nadu, India",2021,8,3
2021-08-27,Tomato,Mettupalayam,Deshi,Local,1735.47,2757.59,2203.56,INR/quintal,"Coimbatore, Tamil Nadu, India",2021,8,4
2021-08-28,Tomato,Sulur,Deshi,Local,1513.83,2339.56,1836.49,INR/quintal,"Coimbatore, Tamil Nadu, India",2021,8,5
2021-08-29,Tomato,Sulur,Deshi,Local,1358.49,2253.05,1827.04,INR/quintal,"Coimbatore, Tamil Nadu, India",2021,8,6
2021-08-30,Tomato,Mettupalayam,Hybrid,Local,1755.22,2731.21,2212.55,INR/quintal,"Coimbatore, Tamil Nadu, India",2021,8,0
2021-08-31,Tomato,RSPuram,Hybrid,Local,1746.4,2725.13,2194.33,INR/quintal,"Coimbatore, Tamil Nadu, India",2021,8,1
2021-09-01,Tomato,RSPuram,Deshi,Local,2088.66,2999.09,2421.98,INR/quintal,"Coimbatore, Tamil Nadu, India",2021,9,2
2021-09-02,Tomato,RSPuram,Deshi,Local,1185.06,2032.69,1638.85,INR/quintal,"Coimbatore, Tamil Nadu, India",2021,9,3
2021-09-03,Tomato,Sulur,Hybrid,Local,1379.2,2209.33,1830.3,INR/quintal,"Coimbatore, Tamil Nadu, India",2021,9,4
2021-09-04,Tomato,Udumalpet,Deshi,Local,1873.4,2770.26,2328.77,INR/quintal,"Coimbatore, Tamil Nadu, India",2021,9,5
2021-09-05,Tomato,Sulur,Deshi,Local,1629.98,2556.95,2089.51,INR/quintal,"Coimbatore, Tamil Nadu, India",2021,9,6
2021-09-06,Tomato,Udumalpet,Deshi,Local,1591.51,2317.81,1941.99,INR/quintal,"Coimbatore, Tamil Nadu, India",2021,9,0
2021-09-07,Tomato,Sulur,Deshi,Local,1321.51,2188.7,1710.69,INR/quintal,"Coimbatore, Tamil Nadu, India",2021,9,1
2021-09-08,Tomato,RSPuram,Hybrid,Local,1698.54,2771.13,2175.98,INR/quintal,"Coimbatore, Tamil Nadu, India",2021,9,2
2021-09-09,Tomato,Sulur,Hybrid,Local,1709.93,2522.66,2080.45,INR/quintal,"Coimbatore, Tamil Nadu, India",2021,9,3
2021-09-10,Tomato,Sulur,Hybrid,Local,1891.2,2791.31,2330.09,INR/quintal,"Coimbatore, Tamil Nadu, India",2021,9,4
2021-09-11,Tomato,Sulur,Hybrid,Local,1366.42,2257.36,1762.96,INR/quintal,"Coimbatore, Tamil Nadu, India",2021,9,5
2021-09-12,Tomato,RSPuram,Deshi,Local,1050.53,2073.81,1506.35,INR/quintal,"Coimbatore, Tamil Nadu, India",2021,9,6
2021-09-13,Tomato,Sulur,Deshi,Local,1518.05,2219.33,1828.71,INR/quintal,"Coimbatore, Tamil Nadu, India",2021,9,0
2021-09-14,Tomato,Udumalpet,Hybrid,Local,1477.73,2292.1,1852.01,INR/quintal,"Coimbatore, Tamil Nadu, India",2021,9,1
2021-09-15,Tomato,Singanallur,Hybrid,Local,1872.48,2742.17,2290.34,INR/quintal,"Coimbatore, Tamil Nadu, India",2021,9,2
2021-09-16,Tomato,Udumalpet,Deshi,Local,1877.05,2641.52,2216.77,INR/quintal,"Coimbatore, Tamil Nadu, India",2021,9,3
2021-09-17,Tomato,Udumalpet,Deshi,Local,2047.07,2766.21,2356.8,INR/quintal,"Coimbatore, Tamil Nadu, India",2021,9,4
2021-09-18,Tomato,Udumalpet,Hybrid,Local,1966.0,2766.21,2283.0,INR/quintal,"Coimbatore, Tamil Nadu, India",2021,9,5
2021-09-19,Tomato,Mettupalayam,Deshi,Local,1841.93,2610.38,2169.89,INR/quintal,"Coimbatore, Tamil Nadu, India",2021,9,6
2021-09-20,Tomato,Sulur,Hybrid,Local,1860.83,2723.68,2236.9,INR/quintal,"Coimbatore, Tamil Nadu, India",2021,9,0
2021-09-21,Tomato,Mettupalayam,Deshi,Local,1480.85,2377.69,1921.49,INR/quintal,"Coimbatore, Tamil Nadu, India",2021,9,1
2021-09-22,Tomato,Sulur,Hybrid,Local,2030.26,2813.59,2331.41,INR/quintal,"Coimbatore, Tamil Nadu, India",2021,9,2
2021-09-23,Tomato,Udumalpet,Hybrid,Local,1366.49,2115.88,1731.49,INR/quintal,"Coimbatore, Tamil Nadu, India",2021,9,3
2021-09-24,Tomato,Singanallur,Hybrid,Local,1541.67,2344.9,1916.45,INR/quintal,"Coimbatore, Tamil Nadu, India",2021,9,4
2021-09-25,Tomato,Udumalpet,Hybrid,Local,1807.6,2656.54,2155.98,INR/quintal,"Coimbatore, Tamil Nadu, India",2021,9,5
2021-09-26,Tomato,Singanallur,Deshi,Local,1729.33,2669.28,2159.99,INR/quintal,"Coimbatore, Tamil Nadu, India",2021,9,6
2021-09-27,Tomato,Singanallur,Hybrid,Local,1841.57,2761.64,2316.01,INR/quintal,"Coimbatore, Tamil Nadu, India",2021,9,0
2021-09-28,Tomato,Mettupalayam,Deshi,Local,2029.94,2887.23,2489.43,INR/quintal,"Coimbatore, Tamil Nadu, India",2021,9,1
2021-09-29,Tomato,Singanallur,Deshi,Local,1303.01,2130.6,1687.57,INR/quintal,"Coimbatore, Tamil Nadu, India",2021,9,2
2021-09-30,Tomato,Mettupalayam,Deshi,Local,1991.81,3021.6,2431.56,INR/quintal,"Coimbatore, Tamil Nadu, India",2021,9,3
2021-10-01,Tomato,RSPuram,Hybrid,Local,1254.08,2044.67,1594.16,INR/quintal,"Coimbatore, Tamil Nadu, India",2021,10,4
2021-10-02,Tomato,Udumalpet,Hybrid,Local,1526.85,2284.97,1898.73,INR/quintal,"Coimbatore, Tamil Nadu, India",2021,10,5
2021-10-03,Tomato,Mettupalayam,Hybrid,Local,1423.9,2301.74,1827.16,INR/quintal,"Coimbatore, Tamil Nadu, India",2021,10,6
2021-10-04,Tomato,Mettupalayam,Deshi,Local,1769.0,2659.67,2177.01,INR/quintal,"Coimbatore, Tamil Nadu, India",2021,10,0
2021-10-05,Tomato,Sulur,Deshi,Local,1069.29,1995.38,1411.67,INR/quintal,"Coimbatore, Tamil Nadu, India",2021,10,1
2021-10-06,Tomato,Udumalpet,Hybrid,Local,1282.6,2122.71,1698.54,INR/quintal,"Coimbatore, Tamil Nadu, India",2021,10,2
2021-10-07,Tomato,Sulur,Hybrid,Local,1511.54,2389.65,1866.89,INR/quintal,"Coimbatore, Tamil Nadu, India",2021,10,3
2021-10-08,Tomato,Sulur,Hybrid,Local,2230.1,3175.03,2647.29,INR/quintal,"Coimbatore, Tamil Nadu, India",2021,10,4
2021-10-09,Tomato,Udumalpet,Hybrid,Local,1842.27,2700.31,2207.77,INR/quintal,"Coimbatore, Tamil Nadu, India",2021,10,5
2021-10-10,Tomato,RSPuram,Hybrid,Local,1766.8,2634.34,2075.14,INR/quintal,"Coimbatore, Tamil Nadu, India",2021,10,6
2021-10-11,Tomato,Singanallur,Hybrid,Local,1470.61,2327.7,1905.23,INR/quintal,"Coimbatore, Tamil Nadu, India",2021,10,0
2021-10-12,Tomato,RSPuram,Hybrid,Local,1484.32,2204.31,1793.39,INR/quintal,"Coimbatore, Tamil Nadu, India",2021,10,1
2021-10-13,Tomato,Singanallur,Hybrid,Local,1718.26,2593.02,2101.69,INR/quintal,"Coimbatore, Tamil Nadu, India",2021,10,2
2021-10-14,Tomato,RSPuram,Deshi,Local,1485.05,2290.96,1823.0,INR/quintal,"Coimbatore, Tamil Nadu, India",2021,10,3
2021-10-15,Tomato,Sulur,Deshi,Local,1903.98,2882.4,2311.73,INR/quintal,"Coimbatore, Tamil Nadu, India",2021,10,4
2021-10-16,Tomato,Singanallur,Deshi,Local,1580.5,2585.16,2052.12,INR/quintal,"Coimbatore, Tamil Nadu, India",2021,10,5
2021-10-17,Tomato,Mettupalayam,Deshi,Local,1760.24,2738.39,2234.02,INR/quintal,"Coimbatore, Tamil Nadu, India",2021,10,6
2021-10-18,Tomato,RSPuram,Deshi,Local,1697.61,2511.0,2091.23,INR/quintal,"Coimbatore, Tamil Nadu, India",2021,10,0
2021-10-19,Tomato,Udumalpet,Deshi,Local,1820.09,2688.65,2207.29,INR/quintal,"Coimbatore, Tamil Nadu, India",2021,10,1
2021-10-20,Tomato,Udumalpet,Deshi,Local,1710.55,2448.01,2034.31,INR/quintal,"Coimbatore, Tamil Nadu, India",2021,10,2
2021-10-21,Tomato,Mettupalayam,Hybrid,Local,2036.35,2852.3,2384.46,INR/quintal,"Coimbatore, Tamil Nadu, India",2021,10,3
2021-10-22,Tomato,RSPuram,Hybrid,Local,1672.29,2652.89,2124.21,INR/quintal,"Coimbatore, Tamil Nadu, India",2021,10,4
2021-10-23,Tomato,Singanallur,Deshi,Local,1068.53,1976.86,1516.54,INR/quintal,"Coimbatore, Tamil Nadu, India",2021,10,5
2021-10-24,Tomato,Singanallur,Deshi,Local,1700.18,2563.78,2040.36,INR/quintal,"Coimbatore, Tamil Nadu, India",2021,10,6
2021-10-25,Tomato,Udumalpet,Deshi,Local,1958.87,2895.95,2418.54,INR/quintal,"Coimbatore, Tamil Nadu, India",2021,10,0
2021-10-26,Tomato,Udumalpet,Deshi,Local,1705.17,2748.98,2151.62,INR/quintal,"Coimbatore, Tamil Nadu, India",2021,10,1
2021-10-27,Tomato,RSPuram,Deshi,Local,1703.36,2615.4,2078.7,INR/quintal,"Coimbatore, Tamil Nadu, India",2021,10,2
2021-10-28,Tomato,RSPuram,Deshi,Local,1566.19,2399.95,1997.89,INR/quintal,"Coimbatore, Tamil Nadu, India",2021,10,3
2021-10-29,Tomato,Sulur,Hybrid,Local,1541.43,2341.61,1932.16,INR/quintal,"Coimbatore, Tamil Nadu, India",2021,10,4
2021-10-30,Tomato,Udumalpet,Hybrid,Local,1960.85,2791.36,2279.65,INR/quintal,"Coimbatore, Tamil Nadu, India",2021,10,5
2021-10-31,Tomato,Udumalpet,Deshi,Local,1696.28,2675.59,2127.94,INR/quintal,"Coimbatore, Tamil Nadu, India",2021,10,6
2021-11-01,Tomato,Mettupalayam,Hybrid,Local,1804.07,2648.42,2182.94,INR/quintal,"Coimbatore, Tamil Nadu, India",2021,11,0
2021-11-02,Tomato,RSPuram,Hybrid,Local,1847.23,2573.64,2163.56,INR/quintal,"Coimbatore, Tamil Nadu, India",2021,11,1
2021-11-03,Tomato,Udumalpet,Deshi,Local,1557.93,2350.06,1860.9,INR/quintal,"Coimbatore, Tamil Nadu, India",2021,11,2
2021-11-04,Tomato,Mettupalayam,Deshi,Local,1784.48,2548.68,2125.6,INR/quintal,"Coimbatore, Tamil Nadu, India",2021,11,3
2021-11-05,Tomato,RSPuram,Deshi,Local,2109.46,2989.89,2586.09,INR/quintal,"Coimbatore, Tamil Nadu, India",2021,11,4
2021-11-06,Tomato,Mettupalayam,Hybrid,Local,1669.71,2702.99,2138.95,INR/quintal,"Coimbatore, Tamil Nadu, India",2021,11,5
2021-11-07,Tomato,Udumalpet,Deshi,Local,1980.97,2979.8,2439.67,INR/quintal,"Coimbatore, Tamil Nadu, India",2021,11,6
2021-11-08,Tomato,Mettupalayam,Hybrid,Local,1929.34,2765.6,2274.57,INR/quintal,"Coimbatore, Tamil Nadu, India",2021,11,0
2021-11-09,Tomato,Mettupalayam,Hybrid,Local,1725.06,2723.2,2139.45,INR/quintal,"Coimbatore, Tamil Nadu, India",2021,11,1
2021-11-10,Tomato,Mettupalayam,Hybrid,Local,1942.09,2801.36,2256.61,INR/quintal,"Coimbatore, Tamil Nadu, India",2021,11,2
2021-11-11,Tomato,Mettupalayam,Deshi,Local,1544.4,2504.5,1976.96,INR/quintal,"Coimbatore, Tamil Nadu, India",2021,11,3
2021-11-12,Tomato,RSPuram,Deshi,Local,1721.81,2609.59,2129.52,INR/quintal,"Coimbatore, Tamil Nadu, India",2021,11,4
2021-11-13,Tomato,Singanallur,Deshi,Local,2038.22,2793.87,2395.09,INR/quintal,"Coimbatore, Tamil Nadu, India",2021,11,5
2021-11-14,Tomato,Singanallur,Deshi,Local,2108.96,3143.83,2582.65,INR/quintal,"Coimbatore, Tamil Nadu, India",2021,11,6
2021-11-15,Tomato,Udumalpet,Hybrid,Local,2116.96,3178.52,2592.54,INR/quintal,"Coimbatore, Tamil Nadu, India",2021,11,0
2021-11-16,Tomato,Singanallur,Deshi,Local,2041.01,2800.12,2410.69,INR/quintal,"Coimbatore, Tamil Nadu, India",2021,11,1
2021-11-17,Tomato,Sulur,Deshi,Local,2079.63,2979.55,2517.75,INR/quintal,"Coimbatore, Tamil Nadu, India",2021,11,2
2021-11-18,Tomato,RSPuram,Deshi,Local,1714.96,2552.97,2100.56,INR/quintal,"Coimbatore, Tamil Nadu, India",2021,11,3
2021-11-19,Tomato,Mettupalayam,Deshi,Local,2465.83,3217.89,2802.11,INR/quintal,"Coimbatore, Tamil Nadu, India",2021,11,4
2021-11-20,Tomato,Udumalpet,Hybrid,Local,2009.92,2984.17,2406.26,INR/quintal,"Coimbatore, Tamil Nadu, India",2021,11,5
2021-11-21,Tomato,Udumalpet,Deshi,Local,2257.68,3064.57,2682.71,INR/quintal,"Coimbatore, Tamil Nadu, India",2021,11,6
2021-11-22,Tomato,Udumalpet,Hybrid,Local,1931.43,2830.23,2378.91,INR/quintal,"Coimbatore, Tamil Nadu, India",2021,11,0
2021-11-23,Tomato,Mettupalayam,Deshi,Local,1753.32,2465.16,2080.73,INR/quintal,"Coimbatore, Tamil Nadu, India",2021,11,1
2021-11-24,Tomato,Mettupalayam,Hybrid,Local,2331.28,3096.98,2649.58,INR/quintal,"Coimbatore, Tamil Nadu, India",2021,11,2
2021-11-25,Tomato,Singanallur,Hybrid,Local,1969.03,2922.08,2360.45,INR/quintal,"Coimbatore, Tamil Nadu, India",2021,11,3
2021-11-26,Tomato,RSPuram,Hybrid,Local,1925.06,2779.41,2385.01,INR/quintal,"Coimbatore, Tamil Nadu, India",2021,11,4
2021-11-27,Tomato,Udumalpet,Deshi,Local,1910.67,2835.59,2322.91,INR/quintal,"Coimbatore, Tamil Nadu, India",2021,11,5
2021-11-28,Tomato,Singanallur,Hybrid,Local,2920.39,3820.41,3260.71,INR/quintal,"Coimbatore, Tamil Nadu, India",2021,11,6
2021-11-29,Tomato,RSPuram,Deshi,Local,2090.69,3062.41,2555.55,INR/quintal,"Coimbatore, Tamil Nadu, India",2021,11,0
2021-11-30,Tomato,RSPuram,Deshi,Local,2182.46,3074.83,2492.66,INR/quintal,"Coimbatore, Tamil Nadu, India",2021,11,1
2021-12-01,Tomato,Singanallur,Deshi,Local,2113.16,3075.11,2589.45,INR/quintal,"Coimbatore, Tamil Nadu, India",2021,12,2
2021-12-02,Tomato,Singanallur,Hybrid,Local,2244.55,3202.78,2720.95,INR/quintal,"Coimbatore, Tamil Nadu, India",2021,12,3
2021-12-03,Tomato,Udumalpet,Hybrid,Local,1857.16,2711.67,2304.9,INR/quintal,"Coimbatore, Tamil Nadu, India",2021,12,4
2021-12-04,Tomato,RSPuram,Deshi,Local,2420.37,3192.83,2768.16,INR/quintal,"Coimbatore, Tamil Nadu, India",2021,12,5
2021-12-05,Tomato,RSPuram,Hybrid,Local,2148.08,2926.27,2537.37,INR/quintal,"Coimbatore, Tamil Nadu, India",2021,12,6
2021-12-06,Tomato,Udumalpet,Hybrid,Local,2126.76,2918.79,2446.03,INR/quintal,"Coimbatore, Tamil Nadu, India",2021,12,0
2021-12-07,Tomato,Mettupalayam,Deshi,Local,2295.42,3158.71,2720.47,INR/quintal,"Coimbatore, Tamil Nadu, India",2021,12,1
2021-12-08,Tomato,Udumalpet,Deshi,Local,2765.91,3754.57,3227.69,INR/quintal,"Coimbatore, Tamil Nadu, India",2021,12,2
2021-12-09,Tomato,Singanallur,Hybrid,Local,2595.03,3381.97,2907.54,INR/quintal,"Coimbatore, Tamil Nadu, India",2021,12,3
2021-12-10,Tomato,Udumalpet,Hybrid,Local,2633.61,3332.63,2951.84,INR/quintal,"Coimbatore, Tamil Nadu, India",2021,12,4
2021-12-11,Tomato,Singanallur,Hybrid,Local,2360.96,3171.13,2751.75,INR/quintal,"Coimbatore, Tamil Nadu, India",2021,12,5
2021-12-12,Tomato,Sulur,Deshi,Local,2204.28,3058.49,2587.64,INR/quintal,"Coimbatore, Tamil Nadu, India",2021,12,6
2021-12-13,Tomato,Sulur,Deshi,Local,2256.7,3194.46,2727.7,INR/quintal,"Coimbatore, Tamil Nadu, India",2021,12,0
2021-12-14,Tomato,Mettupalayam,Hybrid,Local,2713.57,3559.32,3109.91,INR/quintal,"Coimbatore, Tamil Nadu, India",2021,12,1
2021-12-15,Tomato,Sulur,Hybrid,Local,2657.4,3516.37,3058.62,INR/quintal,"Coimbatore, Tamil Nadu, India",2021,12,2
2021-12-16,Tomato,Singanallur,Hybrid,Local,2070.57,2833.1,2398.89,INR/quintal,"Coimbatore, Tamil Nadu, India",2021,12,3
2021-12-17,Tomato,Sulur,Hybrid,Local,2465.25,3427.2,2829.57,INR/quintal,"Coimbatore, Tamil Nadu, India",2021,12,4
2021-12-18,Tomato,Singanallur,Hybrid,Local,2542.99,3534.28,3017.54,INR/quintal,"Coimbatore, Tamil Nadu, India",2021,12,5
2021-12-19,Tomato,Udumalpet,Hybrid,Local,2241.62,3207.19,2646.07,INR/quintal,"Coimbatore, Tamil Nadu, India",2021,12,6
2021-12-20,Tomato,Udumalpet,Hybrid,Local,2057.57,2880.93,2499.48,INR/quintal,"Coimbatore, Tamil Nadu, India",2021,12,0
2021-12-21,Tomato,Mettupalayam,Deshi,Local,2517.83,3453.3,2897.52,INR/quintal,"Coimbatore, Tamil Nadu, India",2021,12,1
2021-12-22,Tomato,Udumalpet,Hybrid,Local,2045.66,2888.77,2442.88,INR/quintal,"Coimbatore, Tamil Nadu, India",2021,12,2
2021-12-23,Tomato,Mettupalayam,Hybrid,Local,2012.16,3032.86,2451.02,INR/quintal,"Coimbatore, Tamil Nadu, India",2021,12,3
2021-12-24,Tomato,RSPuram,Hybrid,Local,2404.51,3177.41,2772.99,INR/quintal,"Coimbatore, Tamil Nadu, India",2021,12,4
2021-12-25,Tomato,Singanallur,Hybrid,Local,2314.93,3304.21,2782.62,INR/quintal,"Coimbatore, Tamil Nadu, India",2021,12,5
2021-12-26,Tomato,Singanallur,Hybrid,Local,2788.4,3548.81,3140.46,INR/quintal,"Coimbatore, Tamil Nadu, India",2021,12,6
2021-12-27,Tomato,Udumalpet,Deshi,Local,2884.18,3741.38,3271.36,INR/quintal,"Coimbatore, Tamil Nadu, India",2021,12,0
2021-12-28,Tomato,RSPuram,Hybrid,Local,2886.08,3859.2,3355.52,INR/quintal,"Coimbatore, Tamil Nadu, India",2021,12,1
2021-12-29,Tomato,Sulur,Deshi,Local,2234.17,3069.54,2691.29,INR/quintal,"Coimbatore, Tamil Nadu, India",2021,12,2
2021-12-30,Tomato,Sulur,Deshi,Local,2859.45,3774.68,3268.8,INR/quintal,"Coimbatore, Tamil Nadu, India",2021,12,3
2021-12-31,Tomato,Mettupalayam,Hybrid,Local,2515.63,3387.06,2988.53,INR/quintal,"Coimbatore, Tamil Nadu, India",2021,12,4
2022-01-01,Tomato,Mettupalayam,Hybrid,Local,2572.98,3471.23,2929.32,INR/quintal,"Coimbatore, Tamil Nadu, India",2022,1,5
2022-01-02,Tomato,Mettupalayam,Hybrid,Local,2657.41,3627.2,3072.43,INR/quintal,"Coimbatore, Tamil Nadu, India",2022,1,6
2022-01-03,Tomato,RSPuram,Hybrid,Local,2801.03,3654.22,3184.53,INR/quintal,"Coimbatore, Tamil Nadu, India",2022,1,0
2022-01-04,Tomato,Udumalpet,Hybrid,Local,2894.04,3653.57,3254.84,INR/quintal,"Coimbatore, Tamil Nadu, India",2022,1,1
2022-01-05,Tomato,Mettupalayam,Deshi,Local,2364.95,3273.3,2800.52,INR/quintal,"Coimbatore, Tamil Nadu, India",2022,1,2
2022-01-06,Tomato,Mettupalayam,Hybrid,Local,2862.4,3872.38,3340.33,INR/quintal,"Coimbatore, Tamil Nadu, India",2022,1,3
2022-01-07,Tomato,Singanallur,Deshi,Local,2569.92,3330.52,2891.5,INR/quintal,"Coimbatore, Tamil Nadu, India",2022,1,4
2022-01-08,Tomato,Udumalpet,Hybrid,Local,3199.5,4021.9,3542.03,INR/quintal,"Coimbatore, Tamil Nadu, India",2022,1,5
2022-01-09,Tomato,Sulur,Hybrid,Local,3180.22,4047.21,3622.37,INR/quintal,"Coimbatore, Tamil Nadu, India",2022,1,6
2022-01-10,Tomato,RSPuram,Deshi,Local,2861.16,3684.43,3271.39,INR/quintal,"Coimbatore, Tamil Nadu, India",2022,1,0
2022-01-11,Tomato,Singanallur,Deshi,Local,2589.53,3272.21,2896.98,INR/quintal,"Coimbatore, Tamil Nadu, India",2022,1,1
2022-01-12,Tomato,Udumalpet,Hybrid,Local,2324.74,3191.88,2725.95,INR/quintal,"Coimbatore, Tamil Nadu, India",2022,1,2
2022-01-13,Tomato,Sulur,Deshi,Local,2664.2,3660.55,3086.8,INR/quintal,"Coimbatore, Tamil Nadu, India",2022,1,3
2022-01-14,Tomato,RSPuram,Deshi,Local,2141.34,2977.11,2502.84,INR/quintal,"Coimbatore, Tamil Nadu, India",2022,1,4
2022-01-15,Tomato,Mettupalayam,Hybrid,Local,3139.24,3942.83,3538.81,INR/quintal,"Coimbatore, Tamil Nadu, India",2022,1,5
2022-01-16,Tomato,Singanallur,Deshi,Local,3000.15,3780.22,3361.42,INR/quintal,"Coimbatore, Tamil Nadu, India",2022,1,6
2022-01-17,Tomato,Sulur,Hybrid,Local,2300.53,3142.14,2623.04,INR/quintal,"Coimbatore, Tamil Nadu, India",2022,1,0
2022-01-18,Tomato,Singanallur,Hybrid,Local,3133.44,4137.77,3603.13,INR/quintal,"Coimbatore, Tamil Nadu, India",2022,1,1
2022-01-19,Tomato,Singanallur,Deshi,Local,3360.34,4217.72,3694.18,INR/quintal,"Coimbatore, Tamil Nadu, India",2022,1,2
2022-01-20,Tomato,RSPuram,Hybrid,Local,3136.83,4017.35,3442.49,INR/quintal,"Coimbatore, Tamil Nadu, India",2022,1,3
2022-01-21,Tomato,Mettupalayam,Deshi,Local,2810.1,3676.74,3278.95,INR/quintal,"Coimbatore, Tamil Nadu, India",2022,1,4
2022-01-22,Tomato,Mettupalayam,Deshi,Local,2638.24,3608.95,3045.26,INR/quintal,"Coimbatore, Tamil Nadu, India",2022,1,5
2022-01-23,Tomato,Mettupalayam,Hybrid,Local,3187.13,4017.44,3617.8,INR/quintal,"Coimbatore, Tamil Nadu, India",2022,1,6
2022-01-24,Tomato,RSPuram,Deshi,Local,2266.2,3268.81,2686.27,INR/quintal,"Coimbatore, Tamil Nadu, India",2022,1,0
2022-01-25,Tomato,Singanallur,Hybrid,Local,2623.09,3652.5,3075.53,INR/quintal,"Coimbatore, Tamil Nadu, India",2022,1,1
2022-01-26,Tomato,Singanallur,Deshi,Local,3095.8,4020.01,3490.17,INR/quintal,"Coimbatore, Tamil Nadu, India",2022,1,2
2022-01-27,Tomato,Mettupalayam,Hybrid,Local,2889.68,3892.27,3320.18,INR/quintal,"Coimbatore, Tamil Nadu, India",2022,1,3
2022-01-28,Tomato,Sulur,Deshi,Local,3212.76,4179.48,3691.54,INR/quintal,"Coimbatore, Tamil Nadu, India",2022,1,4
2022-01-29,Tomato,Udumalpet,Deshi,Local,3390.47,4103.4,3723.12,INR/quintal,"Coimbatore, Tamil Nadu, India",2022,1,5
2022-01-30,Tomato,Sulur,Deshi,Local,2247.36,3037.62,2620.28,INR/quintal,"Coimbatore, Tamil Nadu, India",2022,1,6
2022-01-31,Tomato,Singanallur,Deshi,Local,2526.73,3482.48,3003.91,INR/quintal,"Coimbatore, Tamil Nadu, India",2022,1,0
2022-02-01,Tomato,Sulur,Deshi,Local,3395.25,4315.93,3790.85,INR/quintal,"Coimbatore, Tamil Nadu, India",2022,2,1
2022-02-02,Tomato,Mettupalayam,Hybrid,Local,3069.37,3842.16,3455.37,INR/quintal,"Coimbatore, Tamil Nadu, India",2022,2,2
2022-02-03,Tomato,Sulur,Hybrid,Local,2894.39,3855.99,3319.61,INR/quintal,"Coimbatore, Tamil Nadu, India",2022,2,3
2022-02-04,Tomato,Singanallur,Deshi,Local,2861.54,3711.98,3252.81,INR/quintal,"Coimbatore, Tamil Nadu, India",2022,2,4
2022-02-05,Tomato,Udumalpet,Deshi,Local,3148.07,4059.88,3597.67,INR/quintal,"Coimbatore, Tamil Nadu, India",2022,2,5
2022-02-06,Tomato,Sulur,Deshi,Local,2896.48,3857.64,3270.83,INR/quintal,"Coimbatore, Tamil Nadu, India",2022,2,6
2022-02-07,Tomato,Singanallur,Deshi,Local,3226.74,3986.48,3600.94,INR/quintal,"Coimbatore, Tamil Nadu, India",2022,2,0
2022-02-08,Tomato,RSPuram,Hybrid,Local,3063.4,3890.36,3423.03,INR/quintal,"Coimbatore, Tamil Nadu, India",2022,2,1
2022-02-09,Tomato,Mettupalayam,Hybrid,Local,3437.71,4269.64,3853.16,INR/quintal,"Coimbatore, Tamil Nadu, India",2022,2,2
2022-02-10,Tomato,Singanallur,Deshi,Local,3371.86,4249.65,3681.37,INR/quintal,"Coimbatore, Tamil Nadu, India",2022,2,3
2022-02-11,Tomato,Sulur,Deshi,Local,3224.93,4197.26,3653.34,INR/quintal,"Coimbatore, Tamil Nadu, India",2022,2,4
2022-02-12,Tomato,Udumalpet,Deshi,Local,3396.2,4202.64,3727.29,INR/quintal,"Coimbatore, Tamil Nadu, India",2022,2,5
2022-02-13,Tomato,Mettupalayam,Hybrid,Local,3218.93,4140.06,3607.44,INR/quintal,"Coimbatore, Tamil Nadu, India",2022,2,6
2022-02-14,Tomato,Udumalpet,Deshi,Local,3177.95,4052.64,3606.69,INR/quintal,"Coimbatore, Tamil Nadu, India",2022,2,0
2022-02-15,Tomato,Singanallur,Deshi,Local,3290.47,4158.21,3690.12,INR/quintal,"Coimbatore, Tamil Nadu, India",2022,2,1
2022-02-16,Tomato,Singanallur,Deshi,Local,3625.73,4554.34,4077.01,INR/quintal,"Coimbatore, Tamil Nadu, India",2022,2,2
2022-02-17,Tomato,Singanallur,Deshi,Local,2798.45,3651.09,3136.08,INR/quintal,"Coimbatore, Tamil Nadu, India",2022,2,3
2022-02-18,Tomato,Udumalpet,Hybrid,Local,3189.31,3983.61,3536.72,INR/quintal,"Coimbatore, Tamil Nadu, India",2022,2,4
2022-02-19,Tomato,Singanallur,Hybrid,Local,3475.68,4381.16,3816.57,INR/quintal,"Coimbatore, Tamil Nadu, India",2022,2,5
2022-02-20,Tomato,RSPuram,Hybrid,Local,3760.29,4549.93,4112.0,INR/quintal,"Coimbatore, Tamil Nadu, India",2022,2,6
2022-02-21,Tomato,Udumalpet,Hybrid,Local,3383.74,4145.38,3686.61,INR/quintal,"Coimbatore, Tamil Nadu, India",2022,2,0
2022-02-22,Tomato,Singanallur,Hybrid,Local,3563.79,4389.89,3988.51,INR/quintal,"Coimbatore, Tamil Nadu, India",2022,2,1
2022-02-23,Tomato,Udumalpet,Deshi,Local,2911.25,3844.55,3365.03,INR/quintal,"Coimbatore, Tamil Nadu, India",2022,2,2
2022-02-24,Tomato,Singanallur,Hybrid,Local,3166.0,4119.54,3635.26,INR/quintal,"Coimbatore, Tamil Nadu, India",2022,2,3
2022-02-25,Tomato,Mettupalayam,Hybrid,Local,3709.31,4711.5,4149.24,INR/quintal,"Coimbatore, Tamil Nadu, India",2022,2,4
2022-02-26,Tomato,Sulur,Hybrid,Local,3453.34,4370.51,3876.03,INR/quintal,"Coimbatore, Tamil Nadu, India",2022,2,5
2022-02-27,Tomato,Singanallur,Deshi,Local,2830.49,3823.15,3303.45,INR/quintal,"Coimbatore, Tamil Nadu, India",2022,2,6
2022-02-28,Tomato,RSPuram,Hybrid,Local,3155.87,4174.2,3624.16,INR/quintal,"Coimbatore, Tamil Nadu, India",2022,2,0
2022-03-01,Tomato,Mettupalayam,Hybrid,Local,3156.54,3919.69,3483.61,INR/quintal,"Coimbatore, Tamil Nadu, India",2022,3,1
2022-03-02,Tomato,Mettupalayam,Deshi,Local,3644.62,4621.25,4024.37,INR/quintal,"Coimbatore, Tamil Nadu, India",2022,3,2
2022-03-03,Tomato,Mettupalayam,Hybrid,Local,3387.02,4147.26,3735.66,INR/quintal,"Coimbatore, Tamil Nadu, India",2022,3,3
2022-03-04,Tomato,Sulur,Hybrid,Local,3385.27,4317.97,3803.49,INR/quintal,"Coimbatore, Tamil Nadu, India",2022,3,4
2022-03-05,Tomato,Mettupalayam,Hybrid,Local,3448.54,4250.7,3781.77,INR/quintal,"Coimbatore, Tamil Nadu, India",2022,3,5
2022-03-06,Tomato,RSPuram,Hybrid,Local,3216.52,4116.11,3690.92,INR/quintal,"Coimbatore, Tamil Nadu, India",2022,3,6
2022-03-07,Tomato,Singanallur,Deshi,Local,3463.11,4329.27,3890.52,INR/quintal,"Coimbatore, Tamil Nadu, India",2022,3,0
2022-03-08,Tomato,RSPuram,Deshi,Local,2944.79,3916.88,3331.44,INR/quintal,"Coimbatore, Tamil Nadu, India",2022,3,1
2022-03-09,Tomato,RSPuram,Hybrid,Local,3298.09,4086.43,3710.32,INR/quintal,"Coimbatore, Tamil Nadu, India",2022,3,2
2022-03-10,Tomato,Sulur,Deshi,Local,3570.54,4535.87,4009.79,INR/quintal,"Coimbatore, Tamil Nadu, India",2022,3,3
2022-03-11,Tomato,RSPuram,Hybrid,Local,3358.09,4294.46,3716.52,INR/quintal,"Coimbatore, Tamil Nadu, India",2022,3,4
2022-03-12,Tomato,Singanallur,Deshi,Local,3222.3,4065.03,3682.15,INR/quintal,"Coimbatore, Tamil Nadu, India",2022,3,5
2022-03-13,Tomato,RSPuram,Hybrid,Local,2981.04,3903.0,3432.21,INR/quintal,"Coimbatore, Tamil Nadu, India",2022,3,6
2022-03-14,Tomato,Singanallur,Hybrid,Local,3000.75,3933.69,3439.63,INR/quintal,"Coimbatore, Tamil Nadu, India",2022,3,0
2022-03-15,Tomato,Udumalpet,Hybrid,Local,3879.07,4633.2,4198.74,INR/quintal,"Coimbatore, Tamil Nadu, India",2022,3,1
2022-03-16,Tomato,Singanallur,Deshi,Local,3165.37,4071.74,3564.33,INR/quintal,"Coimbatore, Tamil Nadu, India",2022,3,2
2022-03-17,Tomato,RSPuram,Hybrid,Local,3693.96,4699.52,4119.68,INR/quintal,"Coimbatore, Tamil Nadu, India",2022,3,3
2022-03-18,Tomato,Singanallur,Deshi,Local,3250.15,4292.86,3700.8,INR/quintal,"Coimbatore, Tamil Nadu, India",2022,3,4
2022-03-19,Tomato,RSPuram,Deshi,Local,3194.48,4061.3,3651.27,INR/quintal,"Coimbatore, Tamil Nadu, India",2022,3,5
2022-03-20,Tomato,Udumalpet,Deshi,Local,3869.32,4678.83,4250.65,INR/quintal,"Coimbatore, Tamil Nadu, India",2022,3,6
2022-03-21,Tomato,Sulur,Hybrid,Local,3253.37,4220.4,3704.06,INR/quintal,"Coimbatore, Tamil Nadu, India",2022,3,0
2022-03-22,Tomato,Sulur,Hybrid,Local,3713.93,4619.38,4170.47,INR/quintal,"Coimbatore, Tamil Nadu, India",2022,3,1
2022-03-23,Tomato,Singanallur,Hybrid,Local,3700.06,4608.45,4155.64,INR/quintal,"Coimbatore, Tamil Nadu, India",2022,3,2
2022-03-24,Tomato,Udumalpet,Hybrid,Local,3630.21,4566.32,3977.14,INR/quintal,"Coimbatore, Tamil Nadu, India",2022,3,3
2022-03-25,Tomato,Udumalpet,Deshi,Local,3540.87,4397.56,3992.98,INR/quintal,"Coimbatore, Tamil Nadu, India",2022,3,4
2022-03-26,Tomato,Sulur,Hybrid,Local,4050.86,5001.05,4405.87,INR/quintal,"Coimbatore, Tamil Nadu, India",2022,3,5
2022-03-27,Tomato,Sulur,Deshi,Local,3443.13,4427.07,3884.96,INR/quintal,"Coimbatore, Tamil Nadu, India",2022,3,6
2022-03-28,Tomato,Sulur,Hybrid,Local,3583.48,4462.16,3933.63,INR/quintal,"Coimbatore, Tamil Nadu, India",2022,3,0
2022-03-29,Tomato,Udumalpet,Hybrid,Local,3903.73,4626.61,4230.99,INR/quintal,"Coimbatore, Tamil Nadu, India",2022,3,1
2022-03-30,Tomato,Sulur,Hybrid,Local,3339.34,4180.65,3719.77,INR/quintal,"Coimbatore, Tamil Nadu, India",2022,3,2
2022-03-31,Tomato,Singanallur,Deshi,Local,3507.67,4331.39,3900.91,INR/quintal,"Coimbatore, Tamil Nadu, India",2022,3,3
2022-04-01,Tomato,Sulur,Hybrid,Local,3557.33,4579.36,4002.8,INR/quintal,"Coimbatore, Tamil Nadu, India",2022,4,4
2022-04-02,Tomato,RSPuram,Deshi,Local,3894.75,4789.22,4199.63,INR/quintal,"Coimbatore, Tamil Nadu, India",2022,4,5
2022-04-03,Tomato,Udumalpet,Hybrid,Local,3658.07,4428.39,3995.31,INR/quintal,"Coimbatore, Tamil Nadu, India",2022,4,6
2022-04-04,Tomato,Mettupalayam,Hybrid,Local,3366.98,4243.89,3822.05,INR/quintal,"Coimbatore, Tamil Nadu, India",2022,4,0
2022-04-05,Tomato,Mettupalayam,Hybrid,Local,3743.24,4578.47,4165.05,INR/quintal,"Coimbatore, Tamil Nadu, India",2022,4,1
2022-04-06,Tomato,Udumalpet,Hybrid,Local,3553.83,4545.26,3972.97,INR/quintal,"Coimbatore, Tamil Nadu, India",2022,4,2
2022-04-07,Tomato,Sulur,Deshi,Local,3520.19,4382.25,3904.23,INR/quintal,"Coimbatore, Tamil Nadu, India",2022,4,3
2022-04-08,Tomato,Mettupalayam,Hybrid,Local,3682.7,4365.93,3983.62,INR/quintal,"Coimbatore, Tamil Nadu, India",2022,4,4
2022-04-09,Tomato,Singanallur,Deshi,Local,3543.63,4430.06,3933.18,INR/quintal,"Coimbatore, Tamil Nadu, India",2022,4,5
2022-04-10,Tomato,Mettupalayam,Deshi,Local,3390.19,4205.33,3794.23,INR/quintal,"Coimbatore, Tamil Nadu, India",2022,4,6
2022-04-11,Tomato,Sulur,Deshi,Local,3409.02,4409.89,3830.91,INR/quintal,"Coimbatore, Tamil Nadu, India",2022,4,0
2022-04-12,Tomato,RSPuram,Deshi,Local,3940.34,4815.73,4363.14,INR/quintal,"Coimbatore, Tamil Nadu, India",2022,4,1
2022-04-13,Tomato,Singanallur,Deshi,Local,3691.11,4604.44,4028.13,INR/quintal,"Coimbatore, Tamil Nadu, India",2022,4,2
2022-04-14,Tomato,Mettupalayam,Hybrid,Local,3325.79,4250.15,3659.1,INR/quintal,"Coimbatore, Tamil Nadu, India",2022,4,3
2022-04-15,Tomato,Udumalpet,Deshi,Local,3601.43,4413.1,3947.27,INR/quintal,"Coimbatore, Tamil Nadu, India",2022,4,4
2022-04-16,Tomato,Mettupalayam,Deshi,Local,3619.75,4431.12,4010.17,INR/quintal,"Coimbatore, Tamil Nadu, India",2022,4,5
2022-04-17,Tomato,Mettupalayam,Hybrid,Local,3607.07,4324.93,3941.83,INR/quintal,"Coimbatore, Tamil Nadu, India",2022,4,6
2022-04-18,Tomato,Singanallur,Deshi,Local,3423.5,4304.31,3878.51,INR/quintal,"Coimbatore, Tamil Nadu, India",2022,4,0
2022-04-19,Tomato,Mettupalayam,Deshi,Local,3304.63,4364.07,3784.19,INR/quintal,"Coimbatore, Tamil Nadu, India",2022,4,1
2022-04-20,Tomato,Udumalpet,Deshi,Local,3705.09,4548.21,4043.7,INR/quintal,"Coimbatore, Tamil Nadu, India",2022,4,2
2022-04-21,Tomato,RSPuram,Hybrid,Local,3824.42,4565.18,4163.73,INR/quintal,"Coimbatore, Tamil Nadu, India",2022,4,3
2022-04-22,Tomato,Mettupalayam,Deshi,Local,2893.53,3705.1,3329.43,INR/quintal,"Coimbatore, Tamil Nadu, India",2022,4,4
2022-04-23,Tomato,Sulur,Deshi,Local,3418.23,4141.06,3752.74,INR/quintal,"Coimbatore, Tamil Nadu, India",2022,4,5
2022-04-24,Tomato,Udumalpet,Deshi,Local,3311.95,4069.29,3636.68,INR/quintal,"Coimbatore, Tamil Nadu, India",2022,4,6
2022-04-25,Tomato,Mettupalayam,Hybrid,Local,3616.52,4558.44,4042.37,INR/quintal,"Coimbatore, Tamil Nadu, India",2022,4,0
2022-04-26,Tomato,Sulur,Hybrid,Local,3450.67,4196.27,3795.09,INR/quintal,"Coimbatore, Tamil Nadu, India",2022,4,1
2022-04-27,Tomato,RSPuram,Hybrid,Local,3762.63,4571.14,4165.23,INR/quintal,"Coimbatore, Tamil Nadu, India",2022,4,2
2022-04-28,Tomato,RSPuram,Hybrid,Local,3348.38,4178.56,3752.82,INR/quintal,"Coimbatore, Tamil Nadu, India",2022,4,3
2022-04-29,Tomato,Udumalpet,Deshi,Local,3491.15,4340.36,3904.91,INR/quintal,"Coimbatore, Tamil Nadu, India",2022,4,4
2022-04-30,Tomato,Udumalpet,Deshi,Local,3226.4,4104.52,3545.32,INR/quintal,"Coimbatore, Tamil Nadu, India",2022,4,5
2022-05-01,Tomato,Mettupalayam,Deshi,Local,3269.3,4036.6,3613.42,INR/quintal,"Coimbatore, Tamil Nadu, India",2022,5,6
2022-05-02,Tomato,RSPuram,Hybrid,Local,3748.15,4572.25,4050.9,INR/quintal,"Coimbatore, Tamil Nadu, India",2022,5,0
2022-05-03,Tomato,Sulur,Deshi,Local,3206.75,4108.31,3520.34,INR/quintal,"Coimbatore, Tamil Nadu, India",2022,5,1
2022-05-04,Tomato,Singanallur,Deshi,Local,3116.31,4023.49,3464.59,INR/quintal,"Coimbatore, Tamil Nadu, India",2022,5,2
2022-05-05,Tomato,RSPuram,Hybrid,Local,3280.73,4147.72,3699.29,INR/quintal,"Coimbatore, Tamil Nadu, India",2022,5,3
2022-05-06,Tomato,Mettupalayam,Deshi,Local,3428.13,4137.62,3752.84,INR/quintal,"Coimbatore, Tamil Nadu, India",2022,5,4
2022-05-07,Tomato,Sulur,Hybrid,Local,3468.47,4334.16,3843.22,INR/quintal,"Coimbatore, Tamil Nadu, India",2022,5,5
2022-05-08,Tomato,Singanallur,Deshi,Local,3725.25,4657.79,4080.45,INR/quintal,"Coimbatore, Tamil Nadu, India",2022,5,6
2022-05-09,Tomato,Sulur,Hybrid,Local,3124.34,4002.96,3560.66,INR/quintal,"Coimbatore, Tamil Nadu, India",2022,5,0
2022-05-10,Tomato,RSPuram,Deshi,Local,3358.53,4348.77,3778.48,INR/quintal,"Coimbatore, Tamil Nadu, India",2022,5,1
2022-05-11,Tomato,Sulur,Hybrid,Local,3384.22,4170.65,3777.75,INR/quintal,"Coimbatore, Tamil Nadu, India",2022,5,2
2022-05-12,Tomato,Singanallur,Deshi,Local,2876.83,3749.29,3328.23,INR/quintal,"Coimbatore, Tamil Nadu, India",2022,5,3
2022-05-13,Tomato,Udumalpet,Deshi,Local,3836.53,4566.46,4145.36,INR/quintal,"Coimbatore, Tamil Nadu, India",2022,5,4
2022-05-14,Tomato,Singanallur,Deshi,Local,2871.91,3662.88,3270.07,INR/quintal,"Coimbatore, Tamil Nadu, India",2022,5,5
2022-05-15,Tomato,Singanallur,Hybrid,Local,3034.47,3977.26,3469.13,INR/quintal,"Coimbatore, Tamil Nadu, India",2022,5,6
2022-05-16,Tomato,Singanallur,Hybrid,Local,3153.98,4165.31,3569.37,INR/quintal,"Coimbatore, Tamil Nadu, India",2022,5,0
2022-05-17,Tomato,RSPuram,Deshi,Local,3204.14,4078.9,3517.31,INR/quintal,"Coimbatore, Tamil Nadu, India",2022,5,1
2022-05-18,Tomato,Mettupalayam,Deshi,Local,3375.74,4357.45,3848.65,INR/quintal,"Coimbatore, Tamil Nadu, India",2022,5,2
2022-05-19,Tomato,Sulur,Hybrid,Local,3134.58,3870.38,3441.13,INR/quintal,"Coimbatore, Tamil Nadu, India",2022,5,3
2022-05-20,Tomato,RSPuram,Deshi,Local,3056.2,3990.42,3502.74,INR/quintal,"Coimbatore, Tamil Nadu, India",2022,5,4
2022-05-21,Tomato,Sulur,Deshi,Local,3178.38,4023.04,3584.89,INR/quintal,"Coimbatore, Tamil Nadu, India",2022,5,5
2022-05-22,Tomato,Mettupalayam,Hybrid,Local,3431.63,4377.12,3782.56,INR/quintal,"Coimbatore, Tamil Nadu, India",2022,5,6
2022-05-23,Tomato,Sulur,Deshi,Local,3402.57,4115.48,3735.7,INR/quintal,"Coimbatore, Tamil Nadu, India",2022,5,0
2022-05-24,Tomato,RSPuram,Hybrid,Local,3385.14,4231.75,3807.18,INR/quintal,"Coimbatore, Tamil Nadu, India",2022,5,1
2022-05-25,Tomato,Singanallur,Deshi,Local,2886.68,3664.84,3284.8,INR/quintal,"Coimbatore, Tamil Nadu, India",2022,5,2
2022-05-26,Tomato,Singanallur,Deshi,Local,3170.02,3951.22,3485.35,INR/quintal,"Coimbatore, Tamil Nadu, India",2022,5,3
2022-05-27,Tomato,Udumalpet,Hybrid,Local,2822.84,3591.82,3130.54,INR/quintal,"Coimbatore, Tamil Nadu, India",2022,5,4
2022-05-28,Tomato,Mettupalayam,Deshi,Local,3014.07,3764.81,3386.83,INR/quintal,"Coimbatore, Tamil Nadu, India",2022,5,5
2022-05-29,Tomato,Udumalpet,Deshi,Local,3159.45,4034.1,3471.84,INR/quintal,"Coimbatore, Tamil Nadu, India",2022,5,6
2022-05-30,Tomato,Singanallur,Deshi,Local,3373.08,4204.0,3691.04,INR/quintal,"Coimbatore, Tamil Nadu, India",2022,5,0
2022-05-31,Tomato,Sulur,Hybrid,Local,3039.68,3862.59,3409.54,INR/quintal,"Coimbatore, Tamil Nadu, India",2022,5,1
2022-06-01,Tomato,Sulur,Deshi,Local,3235.63,4159.26,3573.3,INR/quintal,"Coimbatore, Tamil Nadu, India",2022,6,2
2022-06-02,Tomato,Mettupalayam,Deshi,Local,3092.42,3817.53,3415.48,INR/quintal,"Coimbatore, Tamil Nadu, India",2022,6,3
2022-06-03,Tomato,Singanallur,Hybrid,Local,3347.77,4122.32,3679.77,INR/quintal,"Coimbatore, Tamil Nadu, India",2022,6,4
2022-06-04,Tomato,RSPuram,Hybrid,Local,3166.44,4165.24,3596.72,INR/quintal,"Coimbatore, Tamil Nadu, India",2022,6,5
2022-06-05,Tomato,RSPuram,Hybrid,Local,3021.77,4005.77,3488.26,INR/quintal,"Coimbatore, Tamil Nadu, India",2022,6,6
2022-06-06,Tomato,Singanallur,Deshi,Local,3454.86,4162.19,3769.29,INR/quintal,"Coimbatore, Tamil Nadu, India",2022,6,0
2022-06-07,Tomato,RSPuram,Deshi,Local,2787.07,3613.3,3171.09,INR/quintal,"Coimbatore, Tamil Nadu, India",2022,6,1
2022-06-08,Tomato,Mettupalayam,Hybrid,Local,3024.9,3962.83,3430.47,INR/quintal,"Coimbatore, Tamil Nadu, India",2022,6,2
2022-06-09,Tomato,Mettupalayam,Deshi,Local,2918.33,3868.57,3319.56,INR/quintal,"Coimbatore, Tamil Nadu, India",2022,6,3
2022-06-10,Tomato,Sulur,Deshi,Local,3313.99,4196.05,3667.57,INR/quintal,"Coimbatore, Tamil Nadu, India",2022,6,4
2022-06-11,Tomato,Mettupalayam,Deshi,Local,2773.17,3635.98,3228.13,INR/quintal,"Coimbatore, Tamil Nadu, India",2022,6,5
2022-06-12,Tomato,Sulur,Hybrid,Local,2952.85,3808.32,3283.91,INR/quintal,"Coimbatore, Tamil Nadu, India",2022,6,6
2022-06-13,Tomato,Mettupalayam,Hybrid,Local,2833.44,3603.79,3196.75,INR/quintal,"Coimbatore, Tamil Nadu, India",2022,6,0
2022-06-14,Tomato,RSPuram,Hybrid,Local,2987.5,3701.64,3305.99,INR/quintal,"Coimbatore, Tamil Nadu, India",2022,6,1
2022-06-15,Tomato,Mettupalayam,Deshi,Local,2577.32,3530.71,3033.28,INR/quintal,"Coimbatore, Tamil Nadu, India",2022,6,2
2022-06-16,Tomato,Singanallur,Hybrid,Local,2912.24,3782.44,3228.73,INR/quintal,"Coimbatore, Tamil Nadu, India",2022,6,3
2022-06-17,Tomato,Mettupalayam,Deshi,Local,2520.53,3299.47,2861.62,INR/quintal,"Coimbatore, Tamil Nadu, India",2022,6,4
2022-06-18,Tomato,RSPuram,Deshi,Local,3099.94,4000.29,3540.63,INR/quintal,"Coimbatore, Tamil Nadu, India",2022,6,5
2022-06-19,Tomato,RSPuram,Hybrid,Local,2791.23,3558.22,3127.6,INR/quintal,"Coimbatore, Tamil Nadu, India",2022,6,6
2022-06-20,Tomato,Udumalpet,Hybrid,Local,2977.68,3832.66,3296.47,INR/quintal,"Coimbatore, Tamil Nadu, India",2022,6,0
2022-06-21,Tomato,Sulur,Hybrid,Local,2485.3,3435.59,2948.67,INR/quintal,"Coimbatore, Tamil Nadu, India",2022,6,1
2022-06-22,Tomato,Singanallur,Hybrid,Local,2946.41,3721.04,3254.85,INR/quintal,"Coimbatore, Tamil Nadu, India",2022,6,2
2022-06-23,Tomato,Udumalpet,Hybrid,Local,2655.55,3549.74,3109.15,INR/quintal,"Coimbatore, Tamil Nadu, India",2022,6,3
2022-06-24,Tomato,RSPuram,Hybrid,Local,2434.18,3333.77,2863.28,INR/quintal,"Coimbatore, Tamil Nadu, India",2022,6,4
2022-06-25,Tomato,RSPuram,Deshi,Local,2742.11,3536.21,3143.37,INR/quintal,"Coimbatore, Tamil Nadu, India",2022,6,5
2022-06-26,Tomato,Udumalpet,Hybrid,Local,2651.59,3570.23,3057.89,INR/quintal,"Coimbatore, Tamil Nadu, India",2022,6,6
2022-06-27,Tomato,Singanallur,Deshi,Local,2475.56,3307.18,2793.13,INR/quintal,"Coimbatore, Tamil Nadu, India",2022,6,0
2022-06-28,Tomato,Mettupalayam,Deshi,Local,2906.37,3738.14,3245.14,INR/quintal,"Coimbatore, Tamil Nadu, India",2022,6,1
2022-06-29,Tomato,Sulur,Deshi,Local,2845.9,3593.88,3217.31,INR/quintal,"Coimbatore, Tamil Nadu, India",2022,6,2
2022-06-30,Tomato,RSPuram,Deshi,Local,2932.16,3869.33,3374.35,INR/quintal,"Coimbatore, Tamil Nadu, India",2022,6,3
2022-07-01,Tomato,Udumalpet,Hybrid,Local,2953.23,3787.51,3263.39,INR/quintal,"Coimbatore, Tamil Nadu, India",2022,7,4
2022-07-02,Tomato,RSPuram,Deshi,Local,2631.62,3463.12,3027.88,INR/quintal,"Coimbatore, Tamil Nadu, India",2022,7,5
2022-07-03,Tomato,Mettupalayam,Deshi,Local,2830.31,3798.67,3223.71,INR/quintal,"Coimbatore, Tamil Nadu, India",2022,7,6
2022-07-04,Tomato,RSPuram,Hybrid,Local,2790.34,3613.31,3198.55,INR/quintal,"Coimbatore, Tamil Nadu, India",2022,7,0
2022-07-05,Tomato,Mettupalayam,Deshi,Local,2416.23,3465.25,2888.22,INR/quintal,"Coimbatore, Tamil Nadu, India",2022,7,1
2022-07-06,Tomato,Mettupalayam,Hybrid,Local,2605.99,3469.96,2995.86,INR/quintal,"Coimbatore, Tamil Nadu, India",2022,7,2
2022-07-07,Tomato,Mettupalayam,Hybrid,Local,2309.08,3206.21,2637.79,INR/quintal,"Coimbatore, Tamil Nadu, India",2022,7,3
2022-07-08,Tomato,Udumalpet,Hybrid,Local,2641.78,3581.44,3045.44,INR/quintal,"Coimbatore, Tamil Nadu, India",2022,7,4
2022-07-09,Tomato,Mettupalayam,Deshi,Local,2493.91,3480.26,2921.36,INR/quintal,"Coimbatore, Tamil Nadu, India",2022,7,5
2022-07-10,Tomato,Mettupalayam,Deshi,Local,2670.47,3640.83,3060.17,INR/quintal,"Coimbatore, Tamil Nadu, India",2022,7,6
2022-07-11,Tomato,RSPuram,Deshi,Local,2526.23,3383.61,2958.33,INR/quintal,"Coimbatore, Tamil Nadu, India",2022,7,0
2022-07-12,Tomato,Mettupalayam,Hybrid,Local,2432.67,3315.63,2785.32,INR/quintal,"Coimbatore, Tamil Nadu, India",2022,7,1
2022-07-13,Tomato,Sulur,Deshi,Local,2558.1,3500.56,3015.42,INR/quintal,"Coimbatore, Tamil Nadu, India",2022,7,2
2022-07-14,Tomato,Sulur,Hybrid,Local,2157.68,3109.5,2536.89,INR/quintal,"Coimbatore, Tamil Nadu, India",2022,7,3
2022-07-15,Tomato,Sulur,Hybrid,Local,2081.72,3095.3,2550.6,INR/quintal,"Coimbatore, Tamil Nadu, India",2022,7,4
2022-07-16,Tomato,RSPuram,Hybrid,Local,2464.6,3382.21,2916.95,INR/quintal,"Coimbatore, Tamil Nadu, India",2022,7,5
2022-07-17,Tomato,Udumalpet,Deshi,Local,2415.25,3251.83,2840.43,INR/quintal,"Coimbatore, Tamil Nadu, India",2022,7,6
2022-07-18,Tomato,RSPuram,Hybrid,Local,2026.35,2806.02,2401.7,INR/quintal,"Coimbatore, Tamil Nadu, India",2022,7,0
2022-07-19,Tomato,Singanallur,Deshi,Local,2106.01,2992.63,2514.84,INR/quintal,"Coimbatore, Tamil Nadu, India",2022,7,1
2022-07-20,Tomato,Sulur,Deshi,Local,2128.27,3016.53,2541.24,INR/quintal,"Coimbatore, Tamil Nadu, India",2022,7,2
2022-07-21,Tomato,Udumalpet,Deshi,Local,2451.13,3304.72,2826.45,INR/quintal,"Coimbatore, Tamil Nadu, India",2022,7,3
2022-07-22,Tomato,Mettupalayam,Hybrid,Local,2263.99,3167.43,2699.7,INR/quintal,"Coimbatore, Tamil Nadu, India",2022,7,4
2022-07-23,Tomato,Mettupalayam,Deshi,Local,2529.56,3403.23,2849.75,INR/quintal,"Coimbatore, Tamil Nadu, India",2022,7,5
2022-07-24,Tomato,Mettupalayam,Hybrid,Local,2809.09,3668.41,3285.79,INR/quintal,"Coimbatore, Tamil Nadu, India",2022,7,6
2022-07-25,Tomato,Singanallur,Hybrid,Local,2245.57,2956.89,2557.37,INR/quintal,"Coimbatore, Tamil Nadu, India",2022,7,0
2022-07-26,Tomato,Mettupalayam,Deshi,Local,2193.85,3133.33,2593.47,INR/quintal,"Coimbatore, Tamil Nadu, India",2022,7,1
2022-07-27,Tomato,Udumalpet,Hybrid,Local,2342.63,3264.58,2822.16,INR/quintal,"Coimbatore, Tamil Nadu, India",2022,7,2
2022-07-28,Tomato,RSPuram,Deshi,Local,2295.32,3171.65,2730.4,INR/quintal,"Coimbatore, Tamil Nadu, India",2022,7,3
2022-07-29,Tomato,Mettupalayam,Hybrid,Local,1942.17,2923.8,2352.38,INR/quintal,"Coimbatore, Tamil Nadu, India",2022,7,4
2022-07-30,Tomato,RSPuram,Deshi,Local,2419.7,3206.21,2750.86,INR/quintal,"Coimbatore, Tamil Nadu, India",2022,7,5
2022-07-31,Tomato,RSPuram,Deshi,Local,2404.24,3227.78,2721.24,INR/quintal,"Coimbatore, Tamil Nadu, India",2022,7,6
2022-08-01,Tomato,Sulur,Hybrid,Local,2248.67,3161.63,2574.56,INR/quintal,"Coimbatore, Tamil Nadu, India",2022,8,0
2022-08-02,Tomato,Singanallur,Deshi,Local,2079.41,2891.11,2428.29,INR/quintal,"Coimbatore, Tamil Nadu, India",2022,8,1
2022-08-03,Tomato,Singanallur,Hybrid,Local,2404.42,3299.11,2734.93,INR/quintal,"Coimbatore, Tamil Nadu, India",2022,8,2
2022-08-04,Tomato,Sulur,Hybrid,Local,2220.26,3236.46,2667.47,INR/quintal,"Coimbatore, Tamil Nadu, India",2022,8,3
2022-08-05,Tomato,Singanallur,Deshi,Local,1789.26,2652.44,2100.68,INR/quintal,"Coimbatore, Tamil Nadu, India",2022,8,4
2022-08-06,Tomato,Udumalpet,Hybrid,Local,2051.53,2930.77,2364.69,INR/quintal,"Coimbatore, Tamil Nadu, India",2022,8,5
2022-08-07,Tomato,Udumalpet,Hybrid,Local,2328.25,3334.69,2736.01,INR/quintal,"Coimbatore, Tamil Nadu, India",2022,8,6
2022-08-08,Tomato,Mettupalayam,Hybrid,Local,2425.04,3280.03,2834.92,INR/quintal,"Coimbatore, Tamil Nadu, India",2022,8,0
2022-08-09,Tomato,Sulur,Deshi,Local,2011.7,2965.27,2478.38,INR/quintal,"Coimbatore, Tamil Nadu, India",2022,8,1
2022-08-10,Tomato,Mettupalayam,Deshi,Local,2283.93,3293.64,2751.15,INR/quintal,"Coimbatore, Tamil Nadu, India",2022,8,2
2022-08-11,Tomato,Singanallur,Hybrid,Local,2335.04,3216.81,2695.56,INR/quintal,"Coimbatore, Tamil Nadu, India",2022,8,3
2022-08-12,Tomato,Sulur,Hybrid,Local,1820.02,2707.47,2260.68,INR/quintal,"Coimbatore, Tamil Nadu, India",2022,8,4
2022-08-13,Tomato,Singanallur,Hybrid,Local,1930.41,2820.77,2277.41,INR/quintal,"Coimbatore, Tamil Nadu, India",2022,8,5
2022-08-14,Tomato,Singanallur,Deshi,Local,2137.5,2935.2,2469.97,INR/quintal,"Coimbatore, Tamil Nadu, India",2022,8,6
2022-08-15,Tomato,Udumalpet,Deshi,Local,1951.63,2775.08,2351.4,INR/quintal,"Coimbatore, Tamil Nadu, India",2022,8,0
2022-08-16,Tomato,RSPuram,Hybrid,Local,2550.53,3346.54,2951.98,INR/quintal,"Coimbatore, Tamil Nadu, India",2022,8,1
2022-08-17,Tomato,Sulur,Hybrid,Local,1785.41,2773.57,2246.48,INR/quintal,"Coimbatore, Tamil Nadu, India",2022,8,2
2022-08-18,Tomato,Udumalpet,Hybrid,Local,2072.29,2997.34,2513.23,INR/quintal,"Coimbatore, Tamil Nadu, India",2022,8,3
2022-08-19,Tomato,Singanallur,Deshi,Local,1927.48,2762.09,2249.06,INR/quintal,"Coimbatore, Tamil Nadu, India",2022,8,4
2022-08-20,Tomato,Singanallur,Deshi,Local,1918.99,2780.77,2305.25,INR/quintal,"Coimbatore, Tamil Nadu, India",2022,8,5
2022-08-21,Tomato,Mettupalayam,Hybrid,Local,1647.33,2451.1,1972.21,INR/quintal,"Coimbatore, Tamil Nadu, India",2022,8,6
2022-08-22,Tomato,Udumalpet,Deshi,Local,1803.02,2865.33,2270.04,INR/quintal,"Coimbatore, Tamil Nadu, India",2022,8,0
2022-08-23,Tomato,Udumalpet,Hybrid,Local,2064.87,2925.46,2376.18,INR/quintal,"Coimbatore, Tamil Nadu, India",2022,8,1
2022-08-24,Tomato,Sulur,Deshi,Local,1865.98,2890.48,2325.28,INR/quintal,"Coimbatore, Tamil Nadu, India",2022,8,2
2022-08-25,Tomato,Udumalpet,Deshi,Local,1699.74,2650.09,2088.54,INR/quintal,"Coimbatore, Tamil Nadu, India",2022,8,3
2022-08-26,Tomato,Mettupalayam,Deshi,Local,1806.54,2695.91,2187.97,INR/quintal,"Coimbatore, Tamil Nadu, India",2022,8,4
2022-08-27,Tomato,RSPuram,Deshi,Local,2188.04,3016.13,2624.2,INR/quintal,"Coimbatore, Tamil Nadu, India",2022,8,5
2022-08-28,Tomato,Udumalpet,Deshi,Local,1733.93,2668.58,2090.36,INR/quintal,"Coimbatore, Tamil Nadu, India",2022,8,6
2022-08-29,Tomato,Sulur,Hybrid,Local,1840.18,2861.81,2279.4,INR/quintal,"Coimbatore, Tamil Nadu, India",2022,8,0
2022-08-30,Tomato,Udumalpet,Hybrid,Local,1529.88,2417.74,1955.2,INR/quintal,"Coimbatore, Tamil Nadu, India",2022,8,1
2022-08-31,Tomato,Mettupalayam,Hybrid,Local,1973.68,2873.03,2398.69,INR/quintal,"Coimbatore, Tamil Nadu, India",2022,8,2
2022-09-01,Tomato,Sulur,Hybrid,Local,1447.82,2186.14,1769.77,INR/quintal,"Coimbatore, Tamil Nadu, India",2022,9,3
2022-09-02,Tomato,Singanallur,Hybrid,Local,1591.51,2481.78,1946.19,INR/quintal,"Coimbatore, Tamil Nadu, India",2022,9,4
2022-09-03,Tomato,Singanallur,Hybrid,Local,1337.11,2217.98,1790.9,INR/quintal,"Coimbatore, Tamil Nadu, India",2022,9,5
2022-09-04,Tomato,Udumalpet,Deshi,Local,2038.17,3039.16,2458.59,INR/quintal,"Coimbatore, Tamil Nadu, India",2022,9,6
2022-09-05,Tomato,RSPuram,Deshi,Local,2457.26,3383.9,2793.26,INR/quintal,"Coimbatore, Tamil Nadu, India",2022,9,0
2022-09-06,Tomato,Udumalpet,Deshi,Local,1756.52,2531.74,2152.32,INR/quintal,"Coimbatore, Tamil Nadu, India",2022,9,1
2022-09-07,Tomato,Sulur,Hybrid,Local,1514.67,2403.07,1915.21,INR/quintal,"Coimbatore, Tamil Nadu, India",2022,9,2
2022-09-08,Tomato,Sulur,Hybrid,Local,2413.91,3269.65,2857.71,INR/quintal,"Coimbatore, Tamil Nadu, India",2022,9,3
2022-09-09,Tomato,Singanallur,Hybrid,Local,1721.84,2703.85,2179.85,INR/quintal,"Coimbatore, Tamil Nadu, India",2022,9,4
2022-09-10,Tomato,Udumalpet,Hybrid,Local,2028.07,2793.67,2366.4,INR/quintal,"Coimbatore, Tamil Nadu, India",2022,9,5
2022-09-11,Tomato,Udumalpet,Deshi,Local,1826.71,2733.57,2294.58,INR/quintal,"Coimbatore, Tamil Nadu, India",2022,9,6
2022-09-12,Tomato,RSPuram,Deshi,Local,2225.98,2933.59,2540.23,INR/quintal,"Coimbatore, Tamil Nadu, India",2022,9,0
2022-09-13,Tomato,Singanallur,Hybrid,Local,1559.6,2499.82,2034.79,INR/quintal,"Coimbatore, Tamil Nadu, India",2022,9,1
2022-09-14,Tomato,Sulur,Hybrid,Local,2158.96,3126.78,2533.85,INR/quintal,"Coimbatore, Tamil Nadu, India",2022,9,2
2022-09-15,Tomato,Mettupalayam,Deshi,Local,1738.77,2685.66,2190.36,INR/quintal,"Coimbatore, Tamil Nadu, India",2022,9,3
2022-09-16,Tomato,RSPuram,Hybrid,Local,1620.23,2665.72,2095.95,INR/quintal,"Coimbatore, Tamil Nadu, India",2022,9,4
2022-09-17,Tomato,Singanallur,Hybrid,Local,2232.75,3100.37,2584.89,INR/quintal,"Coimbatore, Tamil Nadu, India",2022,9,5
2022-09-18,Tomato,Mettupalayam,Hybrid,Local,1613.8,2419.79,2010.15,INR/quintal,"Coimbatore, Tamil Nadu, India",2022,9,6
2022-09-19,Tomato,Mettupalayam,Hybrid,Local,2091.83,2842.5,2420.33,INR/quintal,"Coimbatore, Tamil Nadu, India",2022,9,0
2022-09-20,Tomato,Mettupalayam,Deshi,Local,1713.49,2650.16,2096.61,INR/quintal,"Coimbatore, Tamil Nadu, India",2022,9,1
2022-09-21,Tomato,Singanallur,Hybrid,Local,2110.53,2889.45,2455.52,INR/quintal,"Coimbatore, Tamil Nadu, India",2022,9,2
2022-09-22,Tomato,Mettupalayam,Deshi,Local,1957.94,2795.7,2396.44,INR/quintal,"Coimbatore, Tamil Nadu, India",2022,9,3
2022-09-23,Tomato,RSPuram,Hybrid,Local,1828.19,2595.09,2156.78,INR/quintal,"Coimbatore, Tamil Nadu, India",2022,9,4
2022-09-24,Tomato,Singanallur,Deshi,Local,1550.9,2485.54,2003.23,INR/quintal,"Coimbatore, Tamil Nadu, India",2022,9,5
2022-09-25,Tomato,Singanallur,Hybrid,Local,1584.37,2483.2,2002.26,INR/quintal,"Coimbatore, Tamil Nadu, India",2022,9,6
2022-09-26,Tomato,Sulur,Deshi,Local,2030.57,2951.23,2423.55,INR/quintal,"Coimbatore, Tamil Nadu, India",2022,9,0
2022-09-27,Tomato,Udumalpet,Hybrid,Local,2195.87,3048.43,2668.18,INR/quintal,"Coimbatore, Tamil Nadu, India",2022,9,1
2022-09-28,Tomato,Udumalpet,Hybrid,Local,2037.82,2818.07,2402.83,INR/quintal,"Coimbatore, Tamil Nadu, India",2022,9,2
2022-09-29,Tomato,Mettupalayam,Deshi,Local,1384.39,2208.98,1744.81,INR/quintal,"Coimbatore, Tamil Nadu, India",2022,9,3
2022-09-30,Tomato,Sulur,Hybrid,Local,1653.6,2481.2,1971.52,INR/quintal,"Coimbatore, Tamil Nadu, India",2022,9,4
2022-10-01,Tomato,Mettupalayam,Deshi,Local,1580.95,2303.34,1907.09,INR/quintal,"Coimbatore, Tamil Nadu, India",2022,10,5
2022-10-02,Tomato,Singanallur,Hybrid,Local,1759.05,2759.65,2164.62,INR/quintal,"Coimbatore, Tamil Nadu, India",2022,10,6
2022-10-03,Tomato,Singanallur,Deshi,Local,1751.06,2681.64,2228.9,INR/quintal,"Coimbatore, Tamil Nadu, India",2022,10,0
2022-10-04,Tomato,Mettupalayam,Deshi,Local,1687.71,2525.92,2102.17,INR/quintal,"Coimbatore, Tamil Nadu, India",2022,10,1
2022-10-05,Tomato,Udumalpet,Hybrid,Local,1663.77,2470.55,2025.85,INR/quintal,"Coimbatore, Tamil Nadu, India",2022,10,2
2022-10-06,Tomato,RSPuram,Hybrid,Local,1951.93,2997.53,2418.87,INR/quintal,"Coimbatore, Tamil Nadu, India",2022,10,3
2022-10-07,Tomato,Singanallur,Hybrid,Local,1687.8,2555.9,2072.27,INR/quintal,"Coimbatore, Tamil Nadu, India",2022,10,4
2022-10-08,Tomato,Mettupalayam,Hybrid,Local,2016.4,3051.86,2475.43,INR/quintal,"Coimbatore, Tamil Nadu, India",2022,10,5
2022-10-09,Tomato,Singanallur,Hybrid,Local,1909.25,2654.38,2270.95,INR/quintal,"Coimbatore, Tamil Nadu, India",2022,10,6
2022-10-10,Tomato,Mettupalayam,Hybrid,Local,1593.94,2416.53,2037.23,INR/quintal,"Coimbatore, Tamil Nadu, India",2022,10,0
2022-10-11,Tomato,RSPuram,Deshi,Local,1983.66,2873.88,2354.84,INR/quintal,"Coimbatore, Tamil Nadu, India",2022,10,1
2022-10-12,Tomato,Sulur,Deshi,Local,2014.52,2970.42,2459.73,INR/quintal,"Coimbatore, Tamil Nadu, India",2022,10,2
2022-10-13,Tomato,Sulur,Deshi,Local,1637.51,2508.41,2008.65,INR/quintal,"Coimbatore, Tamil Nadu, India",2022,10,3
2022-10-14,Tomato,Singanallur,Hybrid,Local,2192.12,3078.37,2554.18,INR/quintal,"Coimbatore, Tamil Nadu, India",2022,10,4
2022-10-15,Tomato,Udumalpet,Hybrid,Local,2111.61,2958.85,2560.31,INR/quintal,"Coimbatore, Tamil Nadu, India",2022,10,5
2022-10-16,Tomato,Sulur,Hybrid,Local,1922.9,2792.34,2232.24,INR/quintal,"Coimbatore, Tamil Nadu, India",2022,10,6
2022-10-17,Tomato,Sulur,Deshi,Local,2011.76,2971.15,2481.71,INR/quintal,"Coimbatore, Tamil Nadu, India",2022,10,0
2022-10-18,Tomato,Udumalpet,Hybrid,Local,1165.98,2105.8,1603.62,INR/quintal,"Coimbatore, Tamil Nadu, India",2022,10,1
2022-10-19,Tomato,Singanallur,Hybrid,Local,1253.85,2120.49,1642.46,INR/quintal,"Coimbatore, Tamil Nadu, India",2022,10,2
2022-10-20,Tomato,Singanallur,Deshi,Local,1719.7,2508.66,2022.68,INR/quintal,"Coimbatore, Tamil Nadu, India",2022,10,3
2022-10-21,Tomato,Mettupalayam,Hybrid,Local,2143.5,3045.19,2446.0,INR/quintal,"Coimbatore, Tamil Nadu, India",2022,10,4
2022-10-22,Tomato,RSPuram,Deshi,Local,1996.96,2792.01,2354.5,INR/quintal,"Coimbatore, Tamil Nadu, India",2022,10,5
2022-10-23,Tomato,RSPuram,Hybrid,Local,1423.3,2219.85,1794.03,INR/quintal,"Coimbatore, Tamil Nadu, India",2022,10,6
2022-10-24,Tomato,Singanallur,Deshi,Local,1788.37,2572.43,2121.94,INR/quintal,"Coimbatore, Tamil Nadu, India",2022,10,0
2022-10-25,Tomato,Sulur,Hybrid,Local,1628.58,2514.75,2081.19,INR/quintal,"Coimbatore, Tamil Nadu, India",2022,10,1
2022-10-26,Tomato,Mettupalayam,Hybrid,Local,1808.68,2737.41,2234.29,INR/quintal,"Coimbatore, Tamil Nadu, India",2022,10,2
2022-10-27,Tomato,Udumalpet,Hybrid,Local,1998.46,2942.36,2353.21,INR/quintal,"Coimbatore, Tamil Nadu, India",2022,10,3
2022-10-28,Tomato,Sulur,Hybrid,Local,1758.2,2644.34,2160.23,INR/quintal,"Coimbatore, Tamil Nadu, India",2022,10,4
2022-10-29,Tomato,Udumalpet,Hybrid,Local,2234.95,3124.63,2656.25,INR/quintal,"Coimbatore, Tamil Nadu, India",2022,10,5
2022-10-30,Tomato,Sulur,Deshi,Local,2100.33,2888.34,2487.52,INR/quintal,"Coimbatore, Tamil Nadu, India",2022,10,6
2022-10-31,Tomato,Sulur,Hybrid,Local,2023.97,2958.04,2437.17,INR/quintal,"Coimbatore, Tamil Nadu, India",2022,10,0
2022-11-01,Tomato,Sulur,Hybrid,Local,2079.67,2913.08,2457.94,INR/quintal,"Coimbatore, Tamil Nadu, India",2022,11,1
2022-11-02,Tomato,RSPuram,Deshi,Local,1694.24,2659.23,2166.04,INR/quintal,"Coimbatore, Tamil Nadu, India",2022,11,2
2022-11-03,Tomato,Udumalpet,Hybrid,Local,1755.25,2640.78,2113.72,INR/quintal,"Coimbatore, Tamil Nadu, India",2022,11,3
2022-11-04,Tomato,Sulur,Deshi,Local,2012.65,2920.46,2439.15,INR/quintal,"Coimbatore, Tamil Nadu, India",2022,11,4
2022-11-05,Tomato,RSPuram,Deshi,Local,2319.12,3191.82,2620.31,INR/quintal,"Coimbatore, Tamil Nadu, India",2022,11,5
2022-11-06,Tomato,Sulur,Hybrid,Local,1913.91,2688.69,2278.08,INR/quintal,"Coimbatore, Tamil Nadu, India",2022,11,6
2022-11-07,Tomato,Udumalpet,Hybrid,Local,1767.7,2640.97,2234.93,INR/quintal,"Coimbatore, Tamil Nadu, India",2022,11,0
2022-11-08,Tomato,Sulur,Hybrid,Local,2094.78,2962.22,2482.1,INR/quintal,"Coimbatore, Tamil Nadu, India",2022,11,1
2022-11-09,Tomato,Sulur,Deshi,Local,2238.5,3089.85,2560.03,INR/quintal,"Coimbatore, Tamil Nadu, India",2022,11,2
2022-11-10,Tomato,Singanallur,Hybrid,Local,1726.78,2683.86,2167.24,INR/quintal,"Coimbatore, Tamil Nadu, India",2022,11,3
2022-11-11,Tomato,Mettupalayam,Deshi,Local,2320.0,3253.87,2670.3,INR/quintal,"Coimbatore, Tamil Nadu, India",2022,11,4
2022-11-12,Tomato,Sulur,Hybrid,Local,1865.18,2762.15,2167.8,INR/quintal,"Coimbatore, Tamil Nadu, India",2022,11,5
2022-11-13,Tomato,Sulur,Hybrid,Local,2137.78,2961.9,2559.64,INR/quintal,"Coimbatore, Tamil Nadu, India",2022,11,6
2022-11-14,Tomato,Mettupalayam,Hybrid,Local,2211.83,3090.4,2627.43,INR/quintal,"Coimbatore, Tamil Nadu, India",2022,11,0
2022-11-15,Tomato,Singanallur,Hybrid,Local,2159.4,2964.19,2564.75,INR/quintal,"Coimbatore, Tamil Nadu, India",2022,11,1
2022-11-16,Tomato,Singanallur,Hybrid,Local,1943.05,2841.1,2316.36,INR/quintal,"Coimbatore, Tamil Nadu, India",2022,11,2
2022-11-17,Tomato,Mettupalayam,Deshi,Local,2318.82,3144.05,2729.64,INR/quintal,"Coimbatore, Tamil Nadu, India",2022,11,3
2022-11-18,Tomato,Udumalpet,Deshi,Local,2348.48,3224.01,2656.99,INR/quintal,"Coimbatore, Tamil Nadu, India",2022,11,4
2022-11-19,Tomato,Udumalpet,Hybrid,Local,2276.93,3168.05,2711.76,INR/quintal,"Coimbatore, Tamil Nadu, India",2022,11,5
2022-11-20,Tomato,RSPuram,Deshi,Local,2326.27,3214.62,2798.08,INR/quintal,"Coimbatore, Tamil Nadu, India",2022,11,6
2022-11-21,Tomato,Mettupalayam,Deshi,Local,2623.07,3585.68,3060.55,INR/quintal,"Coimbatore, Tamil Nadu, India",2022,11,0
2022-11-22,Tomato,Mettupalayam,Deshi,Local,2325.31,3226.42,2769.95,INR/quintal,"Coimbatore, Tamil Nadu, India",2022,11,1
2022-11-23,Tomato,RSPuram,Deshi,Local,1897.81,2888.14,2298.65,INR/quintal,"Coimbatore, Tamil Nadu, India",2022,11,2
2022-11-24,Tomato,Udumalpet,Deshi,Local,2406.42,3259.58,2859.71,INR/quintal,"Coimbatore, Tamil Nadu, India",2022,11,3
2022-11-25,Tomato,Singanallur,Hybrid,Local,1866.69,2830.08,2240.31,INR/quintal,"Coimbatore, Tamil Nadu, India",2022,11,4
2022-11-26,Tomato,Singanallur,Hybrid,Local,2338.69,3116.96,2659.77,INR/quintal,"Coimbatore, Tamil Nadu, India",2022,11,5
2022-11-27,Tomato,Udumalpet,Hybrid,Local,1764.8,2634.53,2114.76,INR/quintal,"Coimbatore, Tamil Nadu, India",2022,11,6
2022-11-28,Tomato,Sulur,Deshi,Local,2117.0,3020.21,2524.24,INR/quintal,"Coimbatore, Tamil Nadu, India",2022,11,0
2022-11-29,Tomato,Udumalpet,Hybrid,Local,2217.7,2937.97,2532.73,INR/quintal,"Coimbatore, Tamil Nadu, India",2022,11,1
2022-11-30,Tomato,Sulur,Hybrid,Local,2109.73,2942.94,2486.87,INR/quintal,"Coimbatore, Tamil Nadu, India",2022,11,2
2022-12-01,Tomato,RSPuram,Hybrid,Local,1943.81,2781.64,2388.83,INR/quintal,"Coimbatore, Tamil Nadu, India",2022,12,3
2022-12-02,Tomato,Singanallur,Hybrid,Local,2243.95,3208.38,2707.42,INR/quintal,"Coimbatore, Tamil Nadu, India",2022,12,4
2022-12-03,Tomato,Mettupalayam,Deshi,Local,1807.95,2701.19,2276.18,INR/quintal,"Coimbatore, Tamil Nadu, India",2022,12,5
2022-12-04,Tomato,Singanallur,Hybrid,Local,1714.06,2681.03,2167.76,INR/quintal,"Coimbatore, Tamil Nadu, India",2022,12,6
2022-12-05,Tomato,Mettupalayam,Hybrid,Local,2112.35,3043.32,2581.18,INR/quintal,"Coimbatore, Tamil Nadu, India",2022,12,0
2022-12-06,Tomato,Singanallur,Deshi,Local,2356.01,3252.38,2662.75,INR/quintal,"Coimbatore, Tamil Nadu, India",2022,12,1
2022-12-07,Tomato,Sulur,Hybrid,Local,2024.97,2827.63,2344.99,INR/quintal,"Coimbatore, Tamil Nadu, India",2022,12,2
2022-12-08,Tomato,Udumalpet,Hybrid,Local,2430.25,3351.88,2866.75,INR/quintal,"Coimbatore, Tamil Nadu, India",2022,12,3
2022-12-09,Tomato,Mettupalayam,Deshi,Local,2428.77,3318.49,2864.21,INR/quintal,"Coimbatore, Tamil Nadu, India",2022,12,4
2022-12-10,Tomato,Singanallur,Hybrid,Local,2423.04,3438.66,2850.74,INR/quintal,"Coimbatore, Tamil Nadu, India",2022,12,5
2022-12-11,Tomato,Mettupalayam,Deshi,Local,2309.6,3158.28,2664.03,INR/quintal,"Coimbatore, Tamil Nadu, India",2022,12,6
2022-12-12,Tomato,RSPuram,Hybrid,Local,2385.49,3306.88,2762.69,INR/quintal,"Coimbatore, Tamil Nadu, India",2022,12,0
2022-12-13,Tomato,Mettupalayam,Hybrid,Local,2151.34,3192.54,2628.55,INR/quintal,"Coimbatore, Tamil Nadu, India",2022,12,1
2022-12-14,Tomato,RSPuram,Hybrid,Local,1953.4,2751.69,2370.33,INR/quintal,"Coimbatore, Tamil Nadu, India",2022,12,2
2022-12-15,Tomato,Udumalpet,Deshi,Local,2611.73,3455.75,2954.37,INR/quintal,"Coimbatore, Tamil Nadu, India",2022,12,3
2022-12-16,Tomato,Mettupalayam,Deshi,Local,2556.97,3395.9,2914.19,INR/quintal,"Coimbatore, Tamil Nadu, India",2022,12,4
2022-12-17,Tomato,Mettupalayam,Hybrid,Local,2716.39,3620.02,3138.43,INR/quintal,"Coimbatore, Tamil Nadu, India",2022,12,5
2022-12-18,Tomato,Udumalpet,Deshi,Local,2769.28,3551.68,3080.71,INR/quintal,"Coimbatore, Tamil Nadu, India",2022,12,6
2022-12-19,Tomato,Singanallur,Hybrid,Local,2417.6,3197.15,2768.14,INR/quintal,"Coimbatore, Tamil Nadu, India",2022,12,0
2022-12-20,Tomato,Sulur,Hybrid,Local,2682.79,3517.1,3092.94,INR/quintal,"Coimbatore, Tamil Nadu, India",2022,12,1
2022-12-21,Tomato,Udumalpet,Hybrid,Local,2607.18,3469.83,3074.45,INR/quintal,"Coimbatore, Tamil Nadu, India",2022,12,2
2022-12-22,Tomato,Singanallur,Deshi,Local,2051.42,2984.14,2454.26,INR/quintal,"Coimbatore, Tamil Nadu, India",2022,12,3
2022-12-23,Tomato,RSPuram,Hybrid,Local,3088.33,3867.77,3430.32,INR/quintal,"Coimbatore, Tamil Nadu, India",2022,12,4
2022-12-24,Tomato,Singanallur,Hybrid,Local,2640.03,3523.01,2981.86,INR/quintal,"Coimbatore, Tamil Nadu, India",2022,12,5
2022-12-25,Tomato,Sulur,Deshi,Local,2794.78,3696.37,3193.82,INR/quintal,"Coimbatore, Tamil Nadu, India",2022,12,6
2022-12-26,Tomato,RSPuram,Hybrid,Local,3179.1,4001.63,3613.13,INR/quintal,"Coimbatore, Tamil Nadu, India",2022,12,0
2022-12-27,Tomato,Singanallur,Deshi,Local,2680.84,3703.11,3128.43,INR/quintal,"Coimbatore, Tamil Nadu, India",2022,12,1
2022-12-28,Tomato,Singanallur,Deshi,Local,2344.24,3326.34,2786.29,INR/quintal,"Coimbatore, Tamil Nadu, India",2022,12,2
2022-12-29,Tomato,Mettupalayam,Deshi,Local,2693.46,3527.32,3076.68,INR/quintal,"Coimbatore, Tamil Nadu, India",2022,12,3
2022-12-30,Tomato,Udumalpet,Hybrid,Local,2331.89,3249.89,2701.29,INR/quintal,"Coimbatore, Tamil Nadu, India",2022,12,4
2022-12-31,Tomato,Singanallur,Deshi,Local,2974.09,3927.24,3381.75,INR/quintal,"Coimbatore, Tamil Nadu, India",2022,12,5
2023-01-01,Tomato,Singanallur,Deshi,Local,2931.28,3747.49,3311.59,INR/quintal,"Coimbatore, Tamil Nadu, India",2023,1,6
2023-01-02,Tomato,Mettupalayam,Deshi,Local,2501.07,3408.96,2973.19,INR/quintal,"Coimbatore, Tamil Nadu, India",2023,1,0
2023-01-03,Tomato,Sulur,Hybrid,Local,2715.7,3564.7,3062.08,INR/quintal,"Coimbatore, Tamil Nadu, India",2023,1,1
2023-01-04,Tomato,Udumalpet,Hybrid,Local,2884.55,3791.61,3192.06,INR/quintal,"Coimbatore, Tamil Nadu, India",2023,1,2
2023-01-05,Tomato,Singanallur,Hybrid,Local,3163.26,4105.16,3559.07,INR/quintal,"Coimbatore, Tamil Nadu, India",2023,1,3
2023-01-06,Tomato,Sulur,Deshi,Local,2906.59,3868.87,3346.02,INR/quintal,"Coimbatore, Tamil Nadu, India",2023,1,4
2023-01-07,Tomato,Sulur,Deshi,Local,2802.85,3846.55,3273.88,INR/quintal,"Coimbatore, Tamil Nadu, India",2023,1,5
2023-01-08,Tomato,Udumalpet,Deshi,Local,3049.5,3900.29,3353.61,INR/quintal,"Coimbatore, Tamil Nadu, India",2023,1,6
2023-01-09,Tomato,Mettupalayam,Deshi,Local,3429.19,4398.77,3892.78,INR/quintal,"Coimbatore, Tamil Nadu, India",2023,1,0
2023-01-10,Tomato,Sulur,Hybrid,Local,2981.52,3727.75,3319.77,INR/quintal,"Coimbatore, Tamil Nadu, India",2023,1,1
2023-01-11,Tomato,Udumalpet,Hybrid,Local,3452.7,4283.61,3794.78,INR/quintal,"Coimbatore, Tamil Nadu, India",2023,1,2
2023-01-12,Tomato,Udumalpet,Deshi,Local,3387.05,4396.51,3846.41,INR/quintal,"Coimbatore, Tamil Nadu, India",2023,1,3
2023-01-13,Tomato,Singanallur,Deshi,Local,2754.89,3612.28,3163.33,INR/quintal,"Coimbatore, Tamil Nadu, India",2023,1,4
2023-01-14,Tomato,Singanallur,Deshi,Local,3140.25,3979.01,3599.46,INR/quintal,"Coimbatore, Tamil Nadu, India",2023,1,5
2023-01-15,Tomato,Udumalpet,Deshi,Local,2836.43,3798.27,3214.28,INR/quintal,"Coimbatore, Tamil Nadu, India",2023,1,6
2023-01-16,Tomato,RSPuram,Deshi,Local,3052.55,3873.16,3488.09,INR/quintal,"Coimbatore, Tamil Nadu, India",2023,1,0
2023-01-17,Tomato,Udumalpet,Deshi,Local,3225.52,4016.76,3632.98,INR/quintal,"Coimbatore, Tamil Nadu, India",2023,1,1
2023-01-18,Tomato,Mettupalayam,Hybrid,Local,2731.42,3764.86,3184.95,INR/quintal,"Coimbatore, Tamil Nadu, India",2023,1,2
2023-01-19,Tomato,Mettupalayam,Hybrid,Local,2761.94,3642.52,3222.15,INR/quintal,"Coimbatore, Tamil Nadu, India",2023,1,3
2023-01-20,Tomato,Mettupalayam,Hybrid,Local,3373.41,4284.2,3757.37,INR/quintal,"Coimbatore, Tamil Nadu, India",2023,1,4
2023-01-21,Tomato,Udumalpet,Hybrid,Local,3463.36,4228.48,3813.42,INR/quintal,"Coimbatore, Tamil Nadu, India",2023,1,5
2023-01-22,Tomato,Singanallur,Hybrid,Local,2882.66,3727.35,3203.42,INR/quintal,"Coimbatore, Tamil Nadu, India",2023,1,6
2023-01-23,Tomato,Singanallur,Deshi,Local,3445.11,4159.53,3772.81,INR/quintal,"Coimbatore, Tamil Nadu, India",2023,1,0
2023-01-24,Tomato,Mettupalayam,Hybrid,Local,2639.22,3487.6,3068.19,INR/quintal,"Coimbatore, Tamil Nadu, India",2023,1,1
2023-01-25,Tomato,Singanallur,Hybrid,Local,3488.01,4266.8,3803.01,INR/quintal,"Coimbatore, Tamil Nadu, India",2023,1,2
2023-01-26,Tomato,RSPuram,Deshi,Local,3187.93,4022.48,3595.24,INR/quintal,"Coimbatore, Tamil Nadu, India",2023,1,3
2023-01-27,Tomato,Mettupalayam,Hybrid,Local,2910.0,3707.25,3302.83,INR/quintal,"Coimbatore, Tamil Nadu, India",2023,1,4
2023-01-28,Tomato,Udumalpet,Deshi,Local,3221.69,3937.91,3524.25,INR/quintal,"Coimbatore, Tamil Nadu, India",2023,1,5
2023-01-29,Tomato,Mettupalayam,Hybrid,Local,3297.11,4311.16,3739.93,INR/quintal,"Coimbatore, Tamil Nadu, India",2023,1,6
2023-01-30,Tomato,RSPuram,Hybrid,Local,2596.2,3467.99,3071.12,INR/quintal,"Coimbatore, Tamil Nadu, India",2023,1,0
2023-01-31,Tomato,Mettupalayam,Hybrid,Local,3698.79,4643.32,4074.39,INR/quintal,"Coimbatore, Tamil Nadu, India",2023,1,1
2023-02-01,Tomato,Sulur,Hybrid,Local,3337.68,4186.65,3698.56,INR/quintal,"Coimbatore, Tamil Nadu, India",2023,2,2
2023-02-02,Tomato,Udumalpet,Hybrid,Local,3380.73,4088.53,3686.18,INR/quintal,"Coimbatore, Tamil Nadu, India",2023,2,3
2023-02-03,Tomato,Singanallur,Hybrid,Local,3257.47,4257.74,3688.34,INR/quintal,"Coimbatore, Tamil Nadu, India",2023,2,4
2023-02-04,Tomato,Udumalpet,Deshi,Local,3557.97,4499.82,3937.81,INR/quintal,"Coimbatore, Tamil Nadu, India",2023,2,5
2023-02-05,Tomato,RSPuram,Hybrid,Local,3192.82,4102.34,3558.18,INR/quintal,"Coimbatore, Tamil Nadu, India",2023,2,6
2023-02-06,Tomato,RSPuram,Deshi,Local,3044.97,3954.33,3501.7,INR/quintal,"Coimbatore, Tamil Nadu, India",2023,2,0
2023-02-07,Tomato,RSPuram,Deshi,Local,3181.51,4064.77,3572.89,INR/quintal,"Coimbatore, Tamil Nadu, India",2023,2,1
2023-02-08,Tomato,RSPuram,Hybrid,Local,3052.11,4031.79,3456.5,INR/quintal,"Coimbatore, Tamil Nadu, India",2023,2,2
2023-02-09,Tomato,Sulur,Deshi,Local,2969.05,3768.64,3391.83,INR/quintal,"Coimbatore, Tamil Nadu, India",2023,2,3
2023-02-10,Tomato,Mettupalayam,Hybrid,Local,3852.43,4837.85,4314.72,INR/quintal,"Coimbatore, Tamil Nadu, India",2023,2,4
2023-02-11,Tomato,Singanallur,Deshi,Local,3554.49,4520.87,4018.96,INR/quintal,"Coimbatore, Tamil Nadu, India",2023,2,5
2023-02-12,Tomato,Mettupalayam,Hybrid,Local,3494.64,4274.14,3864.62,INR/quintal,"Coimbatore, Tamil Nadu, India",2023,2,6
2023-02-13,Tomato,RSPuram,Deshi,Local,3546.97,4517.14,3997.14,INR/quintal,"Coimbatore, Tamil Nadu, India",2023,2,0
2023-02-14,Tomato,RSPuram,Hybrid,Local,3643.11,4500.07,3977.81,INR/quintal,"Coimbatore, Tamil Nadu, India",2023,2,1
2023-02-15,Tomato,RSPuram,Hybrid,Local,3801.55,4727.93,4168.76,INR/quintal,"Coimbatore, Tamil Nadu, India",2023,2,2
2023-02-16,Tomato,Sulur,Deshi,Local,3612.73,4511.76,3981.94,INR/quintal,"Coimbatore, Tamil Nadu, India",2023,2,3
2023-02-17,Tomato,Sulur,Deshi,Local,3290.88,4228.7,3728.18,INR/quintal,"Coimbatore, Tamil Nadu, India",2023,2,4
2023-02-18,Tomato,Sulur,Deshi,Local,3116.73,3947.89,3487.16,INR/quintal,"Coimbatore, Tamil Nadu, India",2023,2,5
2023-02-19,Tomato,Singanallur,Deshi,Local,3318.89,4344.55,3798.01,INR/quintal,"Coimbatore, Tamil Nadu, India",2023,2,6
2023-02-20,Tomato,Mettupalayam,Hybrid,Local,3332.54,4136.91,3647.38,INR/quintal,"Coimbatore, Tamil Nadu, India",2023,2,0
2023-02-21,Tomato,Mettupalayam,Hybrid,Local,3212.21,4029.81,3518.03,INR/quintal,"Coimbatore, Tamil Nadu, India",2023,2,1
2023-02-22,Tomato,RSPuram,Deshi,Local,3508.72,4358.75,3825.54,INR/quintal,"Coimbatore, Tamil Nadu, India",2023,2,2
2023-02-23,Tomato,RSPuram,Deshi,Local,3174.32,4108.63,3623.76,INR/quintal,"Coimbatore, Tamil Nadu, India",2023,2,3
2023-02-24,Tomato,Udumalpet,Deshi,Local,2724.57,3658.36,3182.28,INR/quintal,"Coimbatore, Tamil Nadu, India",2023,2,4
2023-02-25,Tomato,Singanallur,Hybrid,Local,3217.19,4143.78,3614.7,INR/quintal,"Coimbatore, Tamil Nadu, India",2023,2,5
2023-02-26,Tomato,Mettupalayam,Deshi,Local,3522.16,4530.9,3958.17,INR/quintal,"Coimbatore, Tamil Nadu, India",2023,2,6
2023-02-27,Tomato,Singanallur,Hybrid,Local,3706.38,4495.04,4118.91,INR/quintal,"Coimbatore, Tamil Nadu, India",2023,2,0
2023-02-28,Tomato,Mettupalayam,Hybrid,Local,3475.54,4275.37,3855.39,INR/quintal,"Coimbatore, Tamil Nadu, India",2023,2,1
2023-03-01,Tomato,Singanallur,Hybrid,Local,3588.73,4404.47,3961.6,INR/quintal,"Coimbatore, Tamil Nadu, India",2023,3,2
2023-03-02,Tomato,RSPuram,Deshi,Local,3474.99,4422.22,3885.17,INR/quintal,"Coimbatore, Tamil Nadu, India",2023,3,3
2023-03-03,Tomato,Sulur,Deshi,Local,3417.95,4249.28,3741.8,INR/quintal,"Coimbatore, Tamil Nadu, India",2023,3,4
2023-03-04,Tomato,Sulur,Hybrid,Local,3769.72,4708.2,4224.8,INR/quintal,"Coimbatore, Tamil Nadu, India",2023,3,5
2023-03-05,Tomato,Mettupalayam,Deshi,Local,3175.17,4120.71,3652.74,INR/quintal,"Coimbatore, Tamil Nadu, India",2023,3,6
2023-03-06,Tomato,Udumalpet,Hybrid,Local,3669.45,4541.8,4024.56,INR/quintal,"Coimbatore, Tamil Nadu, India",2023,3,0
2023-03-07,Tomato,Sulur,Deshi,Local,3309.08,4319.54,3760.68,INR/quintal,"Coimbatore, Tamil Nadu, India",2023,3,1
2023-03-08,Tomato,Mettupalayam,Hybrid,Local,3820.63,4513.1,4120.7,INR/quintal,"Coimbatore, Tamil Nadu, India",2023,3,2
2023-03-09,Tomato,RSPuram,Deshi,Local,3680.65,4399.68,4014.06,INR/quintal,"Coimbatore, Tamil Nadu, India",2023,3,3
2023-03-10,Tomato,Mettupalayam,Deshi,Local,3962.55,4730.08,4290.35,INR/quintal,"Coimbatore, Tamil Nadu, India",2023,3,4
2023-03-11,Tomato,Sulur,Hybrid,Local,3580.05,4470.51,4043.93,INR/quintal,"Coimbatore, Tamil Nadu, India",2023,3,5
2023-03-12,Tomato,Sulur,Hybrid,Local,3786.93,4678.6,4230.63,INR/quintal,"Coimbatore, Tamil Nadu, India",2023,3,6
2023-03-13,Tomato,Sulur,Deshi,Local,3505.09,4332.88,3855.55,INR/quintal,"Coimbatore, Tamil Nadu, India",2023,3,0
2023-03-14,Tomato,RSPuram,Deshi,Local,3958.43,4799.61,4348.87,INR/quintal,"Coimbatore, Tamil Nadu, India",2023,3,1
2023-03-15,Tomato,Udumalpet,Hybrid,Local,3477.42,4480.6,3930.74,INR/quintal,"Coimbatore, Tamil Nadu, India",2023,3,2
2023-03-16,Tomato,Sulur,Hybrid,Local,3656.69,4583.51,4055.34,INR/quintal,"Coimbatore, Tamil Nadu, India",2023,3,3
2023-03-17,Tomato,RSPuram,Deshi,Local,3718.95,4607.18,4175.87,INR/quintal,"Coimbatore, Tamil Nadu, India",2023,3,4
2023-03-18,Tomato,Udumalpet,Hybrid,Local,3775.4,4559.95,4104.05,INR/quintal,"Coimbatore, Tamil Nadu, India",2023,3,5
2023-03-19,Tomato,RSPuram,Hybrid,Local,3083.96,3936.37,3460.31,INR/quintal,"Coimbatore, Tamil Nadu, India",2023,3,6
2023-03-20,Tomato,Sulur,Deshi,Local,3771.43,4737.36,4209.22,INR/quintal,"Coimbatore, Tamil Nadu, India",2023,3,0
2023-03-21,Tomato,Sulur,Deshi,Local,3821.51,4680.77,4225.75,INR/quintal,"Coimbatore, Tamil Nadu, India",2023,3,1
2023-03-22,Tomato,Singanallur,Deshi,Local,3614.35,4518.22,3956.94,INR/quintal,"Coimbatore, Tamil Nadu, India",2023,3,2
2023-03-23,Tomato,Singanallur,Hybrid,Local,3513.82,4359.61,3851.16,INR/quintal,"Coimbatore, Tamil Nadu, India",2023,3,3
2023-03-24,Tomato,Udumalpet,Deshi,Local,3468.09,4229.52,3789.84,INR/quintal,"Coimbatore, Tamil Nadu, India",2023,3,4
2023-03-25,Tomato,Udumalpet,Hybrid,Local,3981.49,4818.13,4288.21,INR/quintal,"Coimbatore, Tamil Nadu, India",2023,3,5
2023-03-26,Tomato,Sulur,Deshi,Local,3288.68,4268.63,3765.34,INR/quintal,"Coimbatore, Tamil Nadu, India",2023,3,6
2023-03-27,Tomato,Udumalpet,Hybrid,Local,3482.75,4250.34,3804.16,INR/quintal,"Coimbatore, Tamil Nadu, India",2023,3,0
2023-03-28,Tomato,Udumalpet,Deshi,Local,4004.66,4789.66,4407.07,INR/quintal,"Coimbatore, Tamil Nadu, India",2023,3,1
2023-03-29,Tomato,Singanallur,Deshi,Local,3534.15,4443.9,3932.82,INR/quintal,"Coimbatore, Tamil Nadu, India",2023,3,2
2023-03-30,Tomato,RSPuram,Hybrid,Local,3273.3,4188.19,3694.42,INR/quintal,"Coimbatore, Tamil Nadu, India",2023,3,3
2023-03-31,Tomato,Singanallur,Hybrid,Local,3941.43,4772.12,4306.87,INR/quintal,"Coimbatore, Tamil Nadu, India",2023,3,4
2023-04-01,Tomato,Mettupalayam,Deshi,Local,3142.23,4077.89,3594.5,INR/quintal,"Coimbatore, Tamil Nadu, India",2023,4,5
2023-04-02,Tomato,Udumalpet,Deshi,Local,3641.62,4388.92,3945.52,INR/quintal,"Coimbatore, Tamil Nadu, India",2023,4,6
2023-04-03,Tomato,Mettupalayam,Hybrid,Local,3626.1,4538.21,3956.05,INR/quintal,"Coimbatore, Tamil Nadu, India",2023,4,0
2023-04-04,Tomato,Mettupalayam,Hybrid,Local,3531.93,4337.72,3854.54,INR/quintal,"Coimbatore, Tamil Nadu, India",2023,4,1
2023-04-05,Tomato,Sulur,Deshi,Local,3396.06,4329.43,3822.13,INR/quintal,"Coimbatore, Tamil Nadu, India",2023,4,2
2023-04-06,Tomato,Mettupalayam,Deshi,Local,3412.96,4319.54,3858.86,INR/quintal,"Coimbatore, Tamil Nadu, India",2023,4,3
2023-04-07,Tomato,Singanallur,Deshi,Local,3661.3,4706.27,4122.04,INR/quintal,"Coimbatore, Tamil Nadu, India",2023,4,4
2023-04-08,Tomato,Mettupalayam,Deshi,Local,4129.57,4910.42,4430.57,INR/quintal,"Coimbatore, Tamil Nadu, India",2023,4,5
2023-04-09,Tomato,Sulur,Deshi,Local,3779.39,4761.95,4243.85,INR/quintal,"Coimbatore, Tamil Nadu, India",2023,4,6
2023-04-10,Tomato,Sulur,Deshi,Local,3987.51,4718.46,4314.82,INR/quintal,"Coimbatore, Tamil Nadu, India",2023,4,0
2023-04-11,Tomato,Mettupalayam,Hybrid,Local,3298.3,4150.02,3601.64,INR/quintal,"Coimbatore, Tamil Nadu, India",2023,4,1
2023-04-12,Tomato,Mettupalayam,Hybrid,Local,3452.05,4298.15,3919.77,INR/quintal,"Coimbatore, Tamil Nadu, India",2023,4,2
2023-04-13,Tomato,Singanallur,Hybrid,Local,3284.19,4077.19,3693.69,INR/quintal,"Coimbatore, Tamil Nadu, India",2023,4,3
2023-04-14,Tomato,Sulur,Hybrid,Local,3625.22,4428.83,3990.23,INR/quintal,"Coimbatore, Tamil Nadu, India",2023,4,4
2023-04-15,Tomato,Sulur,Hybrid,Local,3727.64,4550.66,4042.5,INR/quintal,"Coimbatore, Tamil Nadu, India",2023,4,5
2023-04-16,Tomato,RSPuram,Hybrid,Local,3264.78,4305.88,3744.49,INR/quintal,"Coimbatore, Tamil Nadu, India",2023,4,6
2023-04-17,Tomato,Singanallur,Hybrid,Local,3369.99,4362.64,3767.95,INR/quintal,"Coimbatore, Tamil Nadu, India",2023,4,0
2023-04-18,Tomato,Udumalpet,Hybrid,Local,3636.34,4460.95,3982.86,INR/quintal,"Coimbatore, Tamil Nadu, India",2023,4,1
2023-04-19,Tomato,Udumalpet,Hybrid,Local,3332.11,4286.45,3755.97,INR/quintal,"Coimbatore, Tamil Nadu, India",2023,4,2
2023-04-20,Tomato,Mettupalayam,Deshi,Local,3546.33,4433.61,3955.58,INR/quintal,"Coimbatore, Tamil Nadu, India",2023,4,3
2023-04-21,Tomato,Udumalpet,Deshi,Local,3581.82,4495.75,4051.29,INR/quintal,"Coimbatore, Tamil Nadu, India",2023,4,4
2023-04-22,Tomato,Singanallur,Hybrid,Local,3184.05,3884.68,3490.17,INR/quintal,"Coimbatore, Tamil Nadu, India",2023,4,5
2023-04-23,Tomato,Mettupalayam,Hybrid,Local,3527.67,4482.38,3949.98,INR/quintal,"Coimbatore, Tamil Nadu, India",2023,4,6
2023-04-24,Tomato,Sulur,Deshi,Local,3234.38,4134.74,3559.22,INR/quintal,"Coimbatore, Tamil Nadu, India",2023,4,0
2023-04-25,Tomato,Sulur,Hybrid,Local,3931.46,4645.13,4256.91,INR/quintal,"Coimbatore, Tamil Nadu, India",2023,4,1
2023-04-26,Tomato,Mettupalayam,Deshi,Local,3702.07,4514.26,4031.75,INR/quintal,"Coimbatore, Tamil Nadu, India",2023,4,2
2023-04-27,Tomato,Udumalpet,Deshi,Local,3648.92,4381.75,3973.28,INR/quintal,"Coimbatore, Tamil Nadu, India",2023,4,3
2023-04-28,Tomato,Mettupalayam,Deshi,Local,3101.19,3972.59,3561.48,INR/quintal,"Coimbatore, Tamil Nadu, India",2023,4,4
2023-04-29,Tomato,Sulur,Hybrid,Local,3318.46,4313.27,3763.56,INR/quintal,"Coimbatore, Tamil Nadu, India",2023,4,5
2023-04-30,Tomato,RSPuram,Hybrid,Local,2990.64,4039.32,3445.26,INR/quintal,"Coimbatore, Tamil Nadu, India",2023,4,6
2023-05-01,Tomato,RSPuram,Deshi,Local,3645.08,4622.48,4093.48,INR/quintal,"Coimbatore, Tamil Nadu, India",2023,5,0
2023-05-02,Tomato,Sulur,Hybrid,Local,3268.71,4155.9,3679.68,INR/quintal,"Coimbatore, Tamil Nadu, India",2023,5,1
2023-05-03,Tomato,Mettupalayam,Deshi,Local,3676.84,4532.58,4008.42,INR/quintal,"Coimbatore, Tamil Nadu, India",2023,5,2
2023-05-04,Tomato,Udumalpet,Deshi,Local,3638.96,4458.57,3948.18,INR/quintal,"Coimbatore, Tamil Nadu, India",2023,5,3
2023-05-05,Tomato,Sulur,Deshi,Local,3614.94,4512.19,4052.66,INR/quintal,"Coimbatore, Tamil Nadu, India",2023,5,4
2023-05-06,Tomato,Mettupalayam,Deshi,Local,3715.76,4604.11,4173.23,INR/quintal,"Coimbatore, Tamil Nadu, India",2023,5,5
2023-05-07,Tomato,Mettupalayam,Hybrid,Local,3491.68,4466.43,3966.12,INR/quintal,"Coimbatore, Tamil Nadu, India",2023,5,6
2023-05-08,Tomato,Singanallur,Hybrid,Local,3507.92,4487.74,3952.31,INR/quintal,"Coimbatore, Tamil Nadu, India",2023,5,0
2023-05-09,Tomato,Singanallur,Hybrid,Local,3597.46,4308.25,3911.48,INR/quintal,"Coimbatore, Tamil Nadu, India",2023,5,1
2023-05-10,Tomato,Singanallur,Hybrid,Local,3847.47,4613.45,4186.15,INR/quintal,"Coimbatore, Tamil Nadu, India",2023,5,2
2023-05-11,Tomato,Udumalpet,Deshi,Local,3582.12,4424.7,3987.33,INR/quintal,"Coimbatore, Tamil Nadu, India",2023,5,3
2023-05-12,Tomato,Udumalpet,Deshi,Local,3785.49,4665.85,4144.13,INR/quintal,"Coimbatore, Tamil Nadu, India",2023,5,4
2023-05-13,Tomato,Mettupalayam,Deshi,Local,3237.47,4104.04,3632.37,INR/quintal,"Coimbatore, Tamil Nadu, India",2023,5,5
2023-05-14,Tomato,Sulur,Deshi,Local,3187.22,4144.08,3561.03,INR/quintal,"Coimbatore, Tamil Nadu, India",2023,5,6
2023-05-15,Tomato,Udumalpet,Hybrid,Local,2971.8,3836.76,3428.57,INR/quintal,"Coimbatore, Tamil Nadu, India",2023,5,0
2023-05-16,Tomato,Sulur,Deshi,Local,3228.94,4128.48,3674.51,INR/quintal,"Coimbatore, Tamil Nadu, India",2023,5,1
2023-05-17,Tomato,Sulur,Hybrid,Local,3392.31,4328.64,3745.34,INR/quintal,"Coimbatore, Tamil Nadu, India",2023,5,2
2023-05-18,Tomato,Singanallur,Deshi,Local,3073.11,3946.86,3450.99,INR/quintal,"Coimbatore, Tamil Nadu, India",2023,5,3
2023-05-19,Tomato,Udumalpet,Hybrid,Local,3873.0,4744.16,4281.45,INR/quintal,"Coimbatore, Tamil Nadu, India",2023,5,4
2023-05-20,Tomato,Sulur,Hybrid,Local,3042.9,3848.93,3382.29,INR/quintal,"Coimbatore, Tamil Nadu, India",2023,5,5
2023-05-21,Tomato,Mettupalayam,Hybrid,Local,3362.03,4184.24,3740.62,INR/quintal,"Coimbatore, Tamil Nadu, India",2023,5,6
2023-05-22,Tomato,Sulur,Deshi,Local,3033.04,4079.47,3498.33,INR/quintal,"Coimbatore, Tamil Nadu, India",2023,5,0
2023-05-23,Tomato,RSPuram,Hybrid,Local,3626.97,4535.28,3977.72,INR/quintal,"Coimbatore, Tamil Nadu, India",2023,5,1
2023-05-24,Tomato,RSPuram,Hybrid,Local,3403.41,4311.03,3738.87,INR/quintal,"Coimbatore, Tamil Nadu, India",2023,5,2
2023-05-25,Tomato,Udumalpet,Deshi,Local,3373.29,4276.65,3791.67,INR/quintal,"Coimbatore, Tamil Nadu, India",2023,5,3
2023-05-26,Tomato,Udumalpet,Hybrid,Local,3349.91,4263.97,3724.75,INR/quintal,"Coimbatore, Tamil Nadu, India",2023,5,4
2023-05-27,Tomato,Sulur,Deshi,Local,3557.85,4410.89,3872.43,INR/quintal,"Coimbatore, Tamil Nadu, India",2023,5,5
2023-05-28,Tomato,Udumalpet,Deshi,Local,2943.08,3883.56,3412.23,INR/quintal,"Coimbatore, Tamil Nadu, India",2023,5,6
2023-05-29,Tomato,Singanallur,Hybrid,Local,3162.6,3976.57,3588.76,INR/quintal,"Coimbatore, Tamil Nadu, India",2023,5,0
2023-05-30,Tomato,Mettupalayam,Hybrid,Local,2794.69,3733.59,3229.22,INR/quintal,"Coimbatore, Tamil Nadu, India",2023,5,1
2023-05-31,Tomato,Udumalpet,Deshi,Local,2927.96,3913.06,3370.41,INR/quintal,"Coimbatore, Tamil Nadu, India",2023,5,2
2023-06-01,Tomato,RSPuram,Deshi,Local,2808.7,3710.45,3113.44,INR/quintal,"Coimbatore, Tamil Nadu, India",2023,6,3
2023-06-02,Tomato,Sulur,Hybrid,Local,3014.57,3938.31,3440.11,INR/quintal,"Coimbatore, Tamil Nadu, India",2023,6,4
2023-06-03,Tomato,Mettupalayam,Hybrid,Local,2986.01,3881.58,3427.97,INR/quintal,"Coimbatore, Tamil Nadu, India",2023,6,5
2023-06-04,Tomato,Mettupalayam,Deshi,Local,3119.23,3925.42,3527.39,INR/quintal,"Coimbatore, Tamil Nadu, India",2023,6,6
2023-06-05,Tomato,Singanallur,Deshi,Local,3601.36,4487.73,3942.82,INR/quintal,"Coimbatore, Tamil Nadu, India",2023,6,0
2023-06-06,Tomato,Mettupalayam,Deshi,Local,2543.35,3562.1,3014.12,INR/quintal,"Coimbatore, Tamil Nadu, India",2023,6,1
2023-06-07,Tomato,Mettupalayam,Deshi,Local,3462.16,4161.65,3774.39,INR/quintal,"Coimbatore, Tamil Nadu, India",2023,6,2
2023-06-08,Tomato,Singanallur,Deshi,Local,3042.39,3952.87,3426.96,INR/quintal,"Coimbatore, Tamil Nadu, India",2023,6,3
2023-06-09,Tomato,Udumalpet,Deshi,Local,2751.9,3684.08,3147.94,INR/quintal,"Coimbatore, Tamil Nadu, India",2023,6,4
2023-06-10,Tomato,Udumalpet,Deshi,Local,2897.54,3884.18,3338.46,INR/quintal,"Coimbatore, Tamil Nadu, India",2023,6,5
2023-06-11,Tomato,Sulur,Hybrid,Local,3046.59,3902.72,3444.46,INR/quintal,"Coimbatore, Tamil Nadu, India",2023,6,6
2023-06-12,Tomato,RSPuram,Deshi,Local,2862.07,3613.49,3226.63,INR/quintal,"Coimbatore, Tamil Nadu, India",2023,6,0
2023-06-13,Tomato,Sulur,Deshi,Local,3427.67,4133.75,3740.96,INR/quintal,"Coimbatore, Tamil Nadu, India",2023,6,1
2023-06-14,Tomato,RSPuram,Hybrid,Local,3005.92,3851.32,3429.04,INR/quintal,"Coimbatore, Tamil Nadu, India",2023,6,2
2023-06-15,Tomato,Udumalpet,Deshi,Local,2808.26,3756.38,3230.61,INR/quintal,"Coimbatore, Tamil Nadu, India",2023,6,3
2023-06-16,Tomato,Sulur,Deshi,Local,3345.25,4174.87,3777.83,INR/quintal,"Coimbatore, Tamil Nadu, India",2023,6,4
2023-06-17,Tomato,RSPuram,Deshi,Local,2670.62,3441.55,3004.72,INR/quintal,"Coimbatore, Tamil Nadu, India",2023,6,5
2023-06-18,Tomato,Sulur,Deshi,Local,3063.62,3945.34,3388.61,INR/quintal,"Coimbatore, Tamil Nadu, India",2023,6,6
2023-06-19,Tomato,Mettupalayam,Hybrid,Local,3126.67,3980.17,3427.94,INR/quintal,"Coimbatore, Tamil Nadu, India",2023,6,0
2023-06-20,Tomato,Sulur,Deshi,Local,2615.0,3551.23,3022.88,INR/quintal,"Coimbatore, Tamil Nadu, India",2023,6,1
2023-06-21,Tomato,Sulur,Deshi,Local,3450.12,4359.24,3772.66,INR/quintal,"Coimbatore, Tamil Nadu, India",2023,6,2
2023-06-22,Tomato,Mettupalayam,Deshi,Local,2639.24,3483.39,2991.28,INR/quintal,"Coimbatore, Tamil Nadu, India",2023,6,3
2023-06-23,Tomato,Udumalpet,Hybrid,Local,3267.37,4082.22,3581.71,INR/quintal,"Coimbatore, Tamil Nadu, India",2023,6,4
2023-06-24,Tomato,Singanallur,Hybrid,Local,2739.14,3446.03,3068.04,INR/quintal,"Coimbatore, Tamil Nadu, India",2023,6,5
2023-06-25,Tomato,Singanallur,Deshi,Local,2480.33,3221.12,2801.86,INR/quintal,"Coimbatore, Tamil Nadu, India",2023,6,6
2023-06-26,Tomato,Sulur,Deshi,Local,2377.11,3266.22,2815.79,INR/quintal,"Coimbatore, Tamil Nadu, India",2023,6,0
2023-06-27,Tomato,Mettupalayam,Deshi,Local,3130.81,3932.75,3464.83,INR/quintal,"Coimbatore, Tamil Nadu, India",2023,6,1
2023-06-28,Tomato,Singanallur,Deshi,Local,2494.35,3495.58,2969.11,INR/quintal,"Coimbatore, Tamil Nadu, India",2023,6,2
2023-06-29,Tomato,Udumalpet,Deshi,Local,2478.3,3330.73,2863.42,INR/quintal,"Coimbatore, Tamil Nadu, India",2023,6,3
2023-06-30,Tomato,RSPuram,Deshi,Local,3106.03,4030.33,3450.18,INR/quintal,"Coimbatore, Tamil Nadu, India",2023,6,4
2023-07-01,Tomato,Udumalpet,Deshi,Local,2707.93,3671.45,3149.66,INR/quintal,"Coimbatore, Tamil Nadu, India",2023,7,5
2023-07-02,Tomato,Sulur,Deshi,Local,3035.68,3872.64,3447.12,INR/quintal,"Coimbatore, Tamil Nadu, India",2023,7,6
2023-07-03,Tomato,Udumalpet,Hybrid,Local,2771.24,3565.25,3109.74,INR/quintal,"Coimbatore, Tamil Nadu, India",2023,7,0
2023-07-04,Tomato,Udumalpet,Hybrid,Local,2278.29,3232.8,2658.9,INR/quintal,"Coimbatore, Tamil Nadu, India",2023,7,1
2023-07-05,Tomato,Sulur,Deshi,Local,3255.92,3967.3,3579.81,INR/quintal,"Coimbatore, Tamil Nadu, India",2023,7,2
2023-07-06,Tomato,RSPuram,Deshi,Local,2069.53,3011.93,2528.12,INR/quintal,"Coimbatore, Tamil Nadu, India",2023,7,3
2023-07-07,Tomato,Udumalpet,Hybrid,Local,2876.5,3782.96,3255.07,INR/quintal,"Coimbatore, Tamil Nadu, India",2023,7,4
2023-07-08,Tomato,Singanallur,Hybrid,Local,2620.73,3429.69,2929.85,INR/quintal,"Coimbatore, Tamil Nadu, India",2023,7,5
2023-07-09,Tomato,Sulur,Hybrid,Local,2825.84,3805.49,3289.93,INR/quintal,"Coimbatore, Tamil Nadu, India",2023,7,6
2023-07-10,Tomato,Mettupalayam,Hybrid,Local,2263.17,3155.34,2701.48,INR/quintal,"Coimbatore, Tamil Nadu, India",2023,7,0
2023-07-11,Tomato,Singanallur,Hybrid,Local,2843.29,3775.39,3183.57,INR/quintal,"Coimbatore, Tamil Nadu, India",2023,7,1
2023-07-12,Tomato,Mettupalayam,Deshi,Local,2515.48,3423.31,2980.9,INR/quintal,"Coimbatore, Tamil Nadu, India",2023,7,2
2023-07-13,Tomato,Udumalpet,Deshi,Local,2289.58,3178.78,2694.98,INR/quintal,"Coimbatore, Tamil Nadu, India",2023,7,3
2023-07-14,Tomato,Mettupalayam,Hybrid,Local,2504.68,3226.31,2820.66,INR/quintal,"Coimbatore, Tamil Nadu, India",2023,7,4
2023-07-15,Tomato,RSPuram,Hybrid,Local,2664.67,3561.15,3057.82,INR/quintal,"Coimbatore, Tamil Nadu, India",2023,7,5
2023-07-16,Tomato,RSPuram,Deshi,Local,2549.19,3354.03,2944.74,INR/quintal,"Coimbatore, Tamil Nadu, India",2023,7,6
2023-07-17,Tomato,RSPuram,Deshi,Local,2083.7,2951.85,2519.67,INR/quintal,"Coimbatore, Tamil Nadu, India",2023,7,0
2023-07-18,Tomato,Singanallur,Hybrid,Local,2635.3,3647.02,3072.65,INR/quintal,"Coimbatore, Tamil Nadu, India",2023,7,1
2023-07-19,Tomato,Mettupalayam,Deshi,Local,2542.13,3504.15,3015.16,INR/quintal,"Coimbatore, Tamil Nadu, India",2023,7,2
2023-07-20,Tomato,RSPuram,Hybrid,Local,2133.53,2951.44,2480.9,INR/quintal,"Coimbatore, Tamil Nadu, India",2023,7,3
2023-07-21,Tomato,Singanallur,Hybrid,Local,2387.99,3269.76,2752.68,INR/quintal,"Coimbatore, Tamil Nadu, India",2023,7,4
2023-07-22,Tomato,Mettupalayam,Deshi,Local,2621.06,3441.76,3062.87,INR/quintal,"Coimbatore, Tamil Nadu, India",2023,7,5
2023-07-23,Tomato,RSPuram,Hybrid,Local,2612.98,3462.63,3063.8,INR/quintal,"Coimbatore, Tamil Nadu, India",2023,7,6
2023-07-24,Tomato,Mettupalayam,Deshi,Local,2612.32,3457.26,2939.03,INR/quintal,"Coimbatore, Tamil Nadu, India",2023,7,0
2023-07-25,Tomato,Mettupalayam,Hybrid,Local,1982.73,2753.19,2304.44,INR/quintal,"Coimbatore, Tamil Nadu, India",2023,7,1
2023-07-26,Tomato,Mettupalayam,Hybrid,Local,2114.94,2882.27,2503.63,INR/quintal,"Coimbatore, Tamil Nadu, India",2023,7,2
2023-07-27,Tomato,Singanallur,Hybrid,Local,2500.35,3239.17,2845.32,INR/quintal,"Coimbatore, Tamil Nadu, India",2023,7,3
2023-07-28,Tomato,Mettupalayam,Deshi,Local,2203.62,3124.24,2594.83,INR/quintal,"Coimbatore, Tamil Nadu, India",2023,7,4
2023-07-29,Tomato,Udumalpet,Hybrid,Local,2514.9,3439.19,2844.2,INR/quintal,"Coimbatore, Tamil Nadu, India",2023,7,5
2023-07-30,Tomato,Udumalpet,Deshi,Local,2411.54,3272.0,2726.8,INR/quintal,"Coimbatore, Tamil Nadu, India",2023,7,6
2023-07-31,Tomato,RSPuram,Deshi,Local,2501.42,3309.17,2847.23,INR/quintal,"Coimbatore, Tamil Nadu, India",2023,7,0
2023-08-01,Tomato,Sulur,Deshi,Local,2238.27,3231.57,2705.36,INR/quintal,"Coimbatore, Tamil Nadu, India",2023,8,1
2023-08-02,Tomato,Udumalpet,Deshi,Local,2954.37,3816.93,3263.5,INR/quintal,"Coimbatore, Tamil Nadu, India",2023,8,2
2023-08-03,Tomato,Udumalpet,Deshi,Local,2196.1,3088.27,2550.45,INR/quintal,"Coimbatore, Tamil Nadu, India",2023,8,3
2023-08-04,Tomato,Udumalpet,Hybrid,Local,2192.38,3048.81,2621.27,INR/quintal,"Coimbatore, Tamil Nadu, India",2023,8,4
2023-08-05,Tomato,Mettupalayam,Hybrid,Local,2612.45,3438.87,3007.61,INR/quintal,"Coimbatore, Tamil Nadu, India",2023,8,5
2023-08-06,Tomato,Udumalpet,Deshi,Local,2073.95,3040.4,2511.47,INR/quintal,"Coimbatore, Tamil Nadu, India",2023,8,6
2023-08-07,Tomato,Udumalpet,Deshi,Local,1798.31,2719.2,2229.42,INR/quintal,"Coimbatore, Tamil Nadu, India",2023,8,0
2023-08-08,Tomato,Mettupalayam,Deshi,Local,2495.04,3196.0,2815.91,INR/quintal,"Coimbatore, Tamil Nadu, India",2023,8,1
2023-08-09,Tomato,Udumalpet,Hybrid,Local,2681.12,3513.77,3133.87,INR/quintal,"Coimbatore, Tamil Nadu, India",2023,8,2
2023-08-10,Tomato,Mettupalayam,Deshi,Local,2370.15,3390.96,2808.34,INR/quintal,"Coimbatore, Tamil Nadu, India",2023,8,3
2023-08-11,Tomato,RSPuram,Deshi,Local,2217.43,3153.64,2693.05,INR/quintal,"Coimbatore, Tamil Nadu, India",2023,8,4
2023-08-12,Tomato,Mettupalayam,Hybrid,Local,1956.04,2886.53,2356.03,INR/quintal,"Coimbatore, Tamil Nadu, India",2023,8,5
2023-08-13,Tomato,RSPuram,Hybrid,Local,2144.8,3012.02,2546.85,INR/quintal,"Coimbatore, Tamil Nadu, India",2023,8,6
2023-08-14,Tomato,RSPuram,Deshi,Local,2131.75,3065.38,2563.69,INR/quintal,"Coimbatore, Tamil Nadu, India",2023,8,0
2023-08-15,Tomato,Udumalpet,Hybrid,Local,1827.02,2696.33,2226.65,INR/quintal,"Coimbatore, Tamil Nadu, India",2023,8,1
2023-08-16,Tomato,Mettupalayam,Hybrid,Local,2126.45,2921.61,2535.62,INR/quintal,"Coimbatore, Tamil Nadu, India",2023,8,2
2023-08-17,Tomato,Udumalpet,Deshi,Local,2370.26,3199.3,2810.04,INR/quintal,"Coimbatore, Tamil Nadu, India",2023,8,3
2023-08-18,Tomato,Udumalpet,Deshi,Local,1941.41,2896.52,2305.54,INR/quintal,"Coimbatore, Tamil Nadu, India",2023,8,4
2023-08-19,Tomato,Singanallur,Deshi,Local,2244.83,2956.35,2578.39,INR/quintal,"Coimbatore, Tamil Nadu, India",2023,8,5
2023-08-20,Tomato,Sulur,Hybrid,Local,2050.8,2813.09,2424.99,INR/quintal,"Coimbatore, Tamil Nadu, India",2023,8,6
2023-08-21,Tomato,Singanallur,Deshi,Local,2231.64,3256.97,2691.55,INR/quintal,"Coimbatore, Tamil Nadu, India",2023,8,0
2023-08-22,Tomato,Sulur,Hybrid,Local,2540.64,3566.29,2982.13,INR/quintal,"Coimbatore, Tamil Nadu, India",2023,8,1
2023-08-23,Tomato,Sulur,Deshi,Local,2212.11,3017.89,2627.47,INR/quintal,"Coimbatore, Tamil Nadu, India",2023,8,2
2023-08-24,Tomato,Singanallur,Deshi,Local,2263.27,3209.86,2720.07,INR/quintal,"Coimbatore, Tamil Nadu, India",2023,8,3
2023-08-25,Tomato,RSPuram,Hybrid,Local,1826.69,2812.48,2230.46,INR/quintal,"Coimbatore, Tamil Nadu, India",2023,8,4
2023-08-26,Tomato,Udumalpet,Deshi,Local,1762.09,2656.07,2107.17,INR/quintal,"Coimbatore, Tamil Nadu, India",2023,8,5
2023-08-27,Tomato,Singanallur,Hybrid,Local,2528.56,3257.09,2841.98,INR/quintal,"Coimbatore, Tamil Nadu, India",2023,8,6
2023-08-28,Tomato,Mettupalayam,Hybrid,Local,1923.74,2891.41,2334.49,INR/quintal,"Coimbatore, Tamil Nadu, India",2023,8,0
2023-08-29,Tomato,Mettupalayam,Hybrid,Local,1709.18,2519.41,2050.63,INR/quintal,"Coimbatore, Tamil Nadu, India",2023,8,1
2023-08-30,Tomato,Sulur,Deshi,Local,1892.07,2759.62,2212.25,INR/quintal,"Coimbatore, Tamil Nadu, India",2023,8,2
2023-08-31,Tomato,Udumalpet,Hybrid,Local,1611.1,2642.23,2052.02,INR/quintal,"Coimbatore, Tamil Nadu, India",2023,8,3
2023-09-01,Tomato,Sulur,Hybrid,Local,2301.03,3225.11,2722.86,INR/quintal,"Coimbatore, Tamil Nadu, India",2023,9,4
2023-09-02,Tomato,Mettupalayam,Hybrid,Local,1862.2,2689.4,2296.78,INR/quintal,"Coimbatore, Tamil Nadu, India",2023,9,5
2023-09-03,Tomato,Mettupalayam,Hybrid,Local,2158.69,2956.74,2495.72,INR/quintal,"Coimbatore, Tamil Nadu, India",2023,9,6
2023-09-04,Tomato,Udumalpet,Hybrid,Local,1813.53,2681.84,2209.55,INR/quintal,"Coimbatore, Tamil Nadu, India",2023,9,0
2023-09-05,Tomato,RSPuram,Hybrid,Local,2872.86,3758.13,3175.34,INR/quintal,"Coimbatore, Tamil Nadu, India",2023,9,1
2023-09-06,Tomato,Singanallur,Hybrid,Local,1400.39,2311.32,1771.11,INR/quintal,"Coimbatore, Tamil Nadu, India",2023,9,2
2023-09-07,Tomato,RSPuram,Deshi,Local,2244.6,3106.71,2549.42,INR/quintal,"Coimbatore, Tamil Nadu, India",2023,9,3
2023-09-08,Tomato,Sulur,Hybrid,Local,2486.65,3300.31,2924.89,INR/quintal,"Coimbatore, Tamil Nadu, India",2023,9,4
2023-09-09,Tomato,RSPuram,Hybrid,Local,1875.73,2871.06,2345.3,INR/quintal,"Coimbatore, Tamil Nadu, India",2023,9,5
2023-09-10,Tomato,Udumalpet,Deshi,Local,2102.81,3092.65,2493.41,INR/quintal,"Coimbatore, Tamil Nadu, India",2023,9,6
2023-09-11,Tomato,Sulur,Hybrid,Local,2135.29,3054.32,2544.57,INR/quintal,"Coimbatore, Tamil Nadu, India",2023,9,0
2023-09-12,Tomato,RSPuram,Deshi,Local,1897.74,2766.24,2204.05,INR/quintal,"Coimbatore, Tamil Nadu, India",2023,9,1
2023-09-13,Tomato,Singanallur,Deshi,Local,1652.32,2479.97,1987.79,INR/quintal,"Coimbatore, Tamil Nadu, India",2023,9,2
2023-09-14,Tomato,Singanallur,Deshi,Local,1837.89,2692.21,2288.56,INR/quintal,"Coimbatore, Tamil Nadu, India",2023,9,3
2023-09-15,Tomato,RSPuram,Hybrid,Local,1740.39,2601.43,2055.71,INR/quintal,"Coimbatore, Tamil Nadu, India",2023,9,4
2023-09-16,Tomato,Sulur,Deshi,Local,1832.84,2781.84,2241.74,INR/quintal,"Coimbatore, Tamil Nadu, India",2023,9,5
2023-09-17,Tomato,Udumalpet,Hybrid,Local,1584.7,2589.06,2001.58,INR/quintal,"Coimbatore, Tamil Nadu, India",2023,9,6
2023-09-18,Tomato,Sulur,Deshi,Local,2113.26,3063.11,2464.22,INR/quintal,"Coimbatore, Tamil Nadu, India",2023,9,0
2023-09-19,Tomato,Singanallur,Deshi,Local,1833.06,2822.72,2226.04,INR/quintal,"Coimbatore, Tamil Nadu, India",2023,9,1
2023-09-20,Tomato,RSPuram,Deshi,Local,1788.67,2527.07,2089.16,INR/quintal,"Coimbatore, Tamil Nadu, India",2023,9,2
2023-09-21,Tomato,Mettupalayam,Hybrid,Local,2182.9,2986.72,2487.47,INR/quintal,"Coimbatore, Tamil Nadu, India",2023,9,3
2023-09-22,Tomato,Mettupalayam,Hybrid,Local,1498.58,2402.9,1870.27,INR/quintal,"Coimbatore, Tamil Nadu, India",2023,9,4
2023-09-23,Tomato,Singanallur,Deshi,Local,2039.22,2728.55,2341.1,INR/quintal,"Coimbatore, Tamil Nadu, India",2023,9,5
2023-09-24,Tomato,Udumalpet,Hybrid,Local,1935.49,2712.18,2313.08,INR/quintal,"Coimbatore, Tamil Nadu, India",2023,9,6
2023-09-25,Tomato,Sulur,Hybrid,Local,2271.2,3250.26,2701.75,INR/quintal,"Coimbatore, Tamil Nadu, India",2023,9,0
2023-09-26,Tomato,RSPuram,Deshi,Local,1687.76,2528.0,2035.38,INR/quintal,"Coimbatore, Tamil Nadu, India",2023,9,1
2023-09-27,Tomato,Udumalpet,Hybrid,Local,1827.39,2713.05,2151.13,INR/quintal,"Coimbatore, Tamil Nadu, India",2023,9,2
2023-09-28,Tomato,Singanallur,Hybrid,Local,2177.78,3049.49,2557.28,INR/quintal,"Coimbatore, Tamil Nadu, India",2023,9,3
2023-09-29,Tomato,Udumalpet,Deshi,Local,1814.75,2818.74,2237.05,INR/quintal,"Coimbatore, Tamil Nadu, India",2023,9,4
2023-09-30,Tomato,Udumalpet,Deshi,Local,1885.2,2653.75,2206.22,INR/quintal,"Coimbatore, Tamil Nadu, India",2023,9,5
2023-10-01,Tomato,Mettupalayam,Deshi,Local,2126.95,2866.24,2473.36,INR/quintal,"Coimbatore, Tamil Nadu, India",2023,10,6
2023-10-02,Tomato,Mettupalayam,Deshi,Local,1857.52,2886.59,2333.4,INR/quintal,"Coimbatore, Tamil Nadu, India",2023,10,0
2023-10-03,Tomato,Mettupalayam,Hybrid,Local,1361.92,2104.58,1666.87,INR/quintal,"Coimbatore, Tamil Nadu, India",2023,10,1
2023-10-04,Tomato,Udumalpet,Hybrid,Local,1881.28,2788.09,2296.06,INR/quintal,"Coimbatore, Tamil Nadu, India",2023,10,2
2023-10-05,Tomato,Mettupalayam,Deshi,Local,1900.15,2742.07,2217.54,INR/quintal,"Coimbatore, Tamil Nadu, India",2023,10,3
2023-10-06,Tomato,Udumalpet,Hybrid,Local,2282.45,3215.03,2658.67,INR/quintal,"Coimbatore, Tamil Nadu, India",2023,10,4
2023-10-07,Tomato,Sulur,Deshi,Local,1788.27,2688.41,2201.11,INR/quintal,"Coimbatore, Tamil Nadu, India",2023,10,5
2023-10-08,Tomato,Singanallur,Deshi,Local,2381.3,3166.97,2738.63,INR/quintal,"Coimbatore, Tamil Nadu, India",2023,10,6
2023-10-09,Tomato,RSPuram,Deshi,Local,2205.37,3074.71,2656.82,INR/quintal,"Coimbatore, Tamil Nadu, India",2023,10,0
2023-10-10,Tomato,Mettupalayam,Hybrid,Local,2038.98,2964.89,2399.61,INR/quintal,"Coimbatore, Tamil Nadu, India",2023,10,1
2023-10-11,Tomato,Udumalpet,Hybrid,Local,2078.82,2956.44,2438.66,INR/quintal,"Coimbatore, Tamil Nadu, India",2023,10,2
2023-10-12,Tomato,Mettupalayam,Deshi,Local,1929.52,2615.4,2237.07,INR/quintal,"Coimbatore, Tamil Nadu, India",2023,10,3
2023-10-13,Tomato,RSPuram,Deshi,Local,1833.22,2643.18,2248.96,INR/quintal,"Coimbatore, Tamil Nadu, India",2023,10,4
2023-10-14,Tomato,Mettupalayam,Hybrid,Local,1671.16,2573.1,2142.21,INR/quintal,"Coimbatore, Tamil Nadu, India",2023,10,5
2023-10-15,Tomato,Singanallur,Deshi,Local,1702.97,2541.39,2019.21,INR/quintal,"Coimbatore, Tamil Nadu, India",2023,10,6
2023-10-16,Tomato,RSPuram,Hybrid,Local,2199.2,3064.51,2555.01,INR/quintal,"Coimbatore, Tamil Nadu, India",2023,10,0
2023-10-17,Tomato,Mettupalayam,Deshi,Local,1827.79,2587.93,2199.02,INR/quintal,"Coimbatore, Tamil Nadu, India",2023,10,1
2023-10-18,Tomato,Mettupalayam,Deshi,Local,1775.34,2671.95,2089.96,INR/quintal,"Coimbatore, Tamil Nadu, India",2023,10,2
2023-10-19,Tomato,Mettupalayam,Hybrid,Local,2041.56,2884.6,2458.73,INR/quintal,"Coimbatore, Tamil Nadu, India",2023,10,3
2023-10-20,Tomato,Mettupalayam,Hybrid,Local,1669.2,2568.97,2142.47,INR/quintal,"Coimbatore, Tamil Nadu, India",2023,10,4
2023-10-21,Tomato,RSPuram,Deshi,Local,1955.51,2854.19,2411.09,INR/quintal,"Coimbatore, Tamil Nadu, India",2023,10,5
2023-10-22,Tomato,Mettupalayam,Deshi,Local,1563.54,2449.0,1935.74,INR/quintal,"Coimbatore, Tamil Nadu, India",2023,10,6
2023-10-23,Tomato,RSPuram,Deshi,Local,1742.56,2635.38,2188.38,INR/quintal,"Coimbatore, Tamil Nadu, India",2023,10,0
2023-10-24,Tomato,Udumalpet,Hybrid,Local,1841.81,2856.74,2270.3,INR/quintal,"Coimbatore, Tamil Nadu, India",2023,10,1
2023-10-25,Tomato,Udumalpet,Deshi,Local,2149.2,3018.22,2587.64,INR/quintal,"Coimbatore, Tamil Nadu, India",2023,10,2
2023-10-26,Tomato,Mettupalayam,Deshi,Local,1899.04,2834.79,2249.42,INR/quintal,"Coimbatore, Tamil Nadu, India",2023,10,3
2023-10-27,Tomato,Sulur,Deshi,Local,1899.33,2825.97,2367.0,INR/quintal,"Coimbatore, Tamil Nadu, India",2023,10,4
2023-10-28,Tomato,RSPuram,Deshi,Local,2186.67,3093.64,2647.81,INR/quintal,"Coimbatore, Tamil Nadu, India",2023,10,5
2023-10-29,Tomato,Sulur,Deshi,Local,1499.93,2322.87,1846.49,INR/quintal,"Coimbatore, Tamil Nadu, India",2023,10,6
2023-10-30,Tomato,Sulur,Deshi,Local,2377.78,3218.52,2711.23,INR/quintal,"Coimbatore, Tamil Nadu, India",2023,10,0
2023-10-31,Tomato,Sulur,Deshi,Local,2238.61,3013.36,2590.65,INR/quintal,"Coimbatore, Tamil Nadu, India",2023,10,1
2023-11-01,Tomato,Udumalpet,Deshi,Local,2104.69,2869.9,2482.87,INR/quintal,"Coimbatore, Tamil Nadu, India",2023,11,2
2023-11-02,Tomato,Singanallur,Hybrid,Local,1790.43,2659.03,2245.31,INR/quintal,"Coimbatore, Tamil Nadu, India",2023,11,3
2023-11-03,Tomato,RSPuram,Deshi,Local,1850.2,2631.9,2220.7,INR/quintal,"Coimbatore, Tamil Nadu, India",2023,11,4
2023-11-04,Tomato,Singanallur,Hybrid,Local,2045.76,2792.38,2400.03,INR/quintal,"Coimbatore, Tamil Nadu, India",2023,11,5
2023-11-05,Tomato,Sulur,Hybrid,Local,2119.11,3007.18,2503.76,INR/quintal,"Coimbatore, Tamil Nadu, India",2023,11,6
2023-11-06,Tomato,Mettupalayam,Deshi,Local,2489.7,3281.84,2875.07,INR/quintal,"Coimbatore, Tamil Nadu, India",2023,11,0
2023-11-07,Tomato,Sulur,Hybrid,Local,2164.52,3053.03,2495.03,INR/quintal,"Coimbatore, Tamil Nadu, India",2023,11,1
2023-11-08,Tomato,Sulur,Hybrid,Local,1956.11,2727.41,2298.73,INR/quintal,"Coimbatore, Tamil Nadu, India",2023,11,2
2023-11-09,Tomato,Singanallur,Deshi,Local,2424.31,3257.27,2845.15,INR/quintal,"Coimbatore, Tamil Nadu, India",2023,11,3
2023-11-10,Tomato,Udumalpet,Hybrid,Local,2250.7,3207.94,2685.67,INR/quintal,"Coimbatore, Tamil Nadu, India",2023,11,4
2023-11-11,Tomato,Mettupalayam,Deshi,Local,2683.5,3440.86,3018.19,INR/quintal,"Coimbatore, Tamil Nadu, India",2023,11,5
2023-11-12,Tomato,Singanallur,Deshi,Local,2438.11,3276.78,2900.02,INR/quintal,"Coimbatore, Tamil Nadu, India",2023,11,6
2023-11-13,Tomato,Mettupalayam,Hybrid,Local,2035.83,3055.73,2505.5,INR/quintal,"Coimbatore, Tamil Nadu, India",2023,11,0
2023-11-14,Tomato,Udumalpet,Hybrid,Local,2292.59,3254.9,2740.1,INR/quintal,"Coimbatore, Tamil Nadu, India",2023,11,1
2023-11-15,Tomato,Sulur,Deshi,Local,1308.86,2234.31,1656.24,INR/quintal,"Coimbatore, Tamil Nadu, India",2023,11,2
2023-11-16,Tomato,Udumalpet,Hybrid,Local,2317.1,3195.22,2643.05,INR/quintal,"Coimbatore, Tamil Nadu, India",2023,11,3
2023-11-17,Tomato,Singanallur,Hybrid,Local,2096.7,3020.91,2545.68,INR/quintal,"Coimbatore, Tamil Nadu, India",2023,11,4
2023-11-18,Tomato,RSPuram,Deshi,Local,2201.62,3072.71,2518.63,INR/quintal,"Coimbatore, Tamil Nadu, India",2023,11,5
2023-11-19,Tomato,Mettupalayam,Hybrid,Local,1851.57,2619.71,2197.61,INR/quintal,"Coimbatore, Tamil Nadu, India",2023,11,6
2023-11-20,Tomato,Udumalpet,Hybrid,Local,2059.95,2842.08,2442.35,INR/quintal,"Coimbatore, Tamil Nadu, India",2023,11,0
2023-11-21,Tomato,Mettupalayam,Hybrid,Local,2471.27,3315.11,2834.84,INR/quintal,"Coimbatore, Tamil Nadu, India",2023,11,1
2023-11-22,Tomato,Mettupalayam,Deshi,Local,2611.35,3435.56,2942.39,INR/quintal,"Coimbatore, Tamil Nadu, India",2023,11,2
2023-11-23,Tomato,Sulur,Deshi,Local,2111.29,3000.92,2472.56,INR/quintal,"Coimbatore, Tamil Nadu, India",2023,11,3
2023-11-24,Tomato,Mettupalayam,Deshi,Local,2389.49,3314.17,2833.99,INR/quintal,"Coimbatore, Tamil Nadu, India",2023,11,4
2023-11-25,Tomato,Singanallur,Hybrid,Local,2142.85,3134.0,2542.17,INR/quintal,"Coimbatore, Tamil Nadu, India",2023,11,5
2023-11-26,Tomato,Sulur,Deshi,Local,2578.11,3432.3,2924.33,INR/quintal,"Coimbatore, Tamil Nadu, India",2023,11,6
2023-11-27,Tomato,Singanallur,Deshi,Local,2335.24,3209.49,2730.54,INR/quintal,"Coimbatore, Tamil Nadu, India",2023,11,0
2023-11-28,Tomato,RSPuram,Hybrid,Local,2199.99,3041.49,2525.27,INR/quintal,"Coimbatore, Tamil Nadu, India",2023,11,1
2023-11-29,Tomato,Udumalpet,Hybrid,Local,2446.6,3280.55,2760.01,INR/quintal,"Coimbatore, Tamil Nadu, India",2023,11,2
2023-11-30,Tomato,Sulur,Hybrid,Local,1995.01,2897.56,2370.58,INR/quintal,"Coimbatore, Tamil Nadu, India",2023,11,3
2023-12-01,Tomato,Mettupalayam,Deshi,Local,2485.03,3495.47,2945.18,INR/quintal,"Coimbatore, Tamil Nadu, India",2023,12,4
2023-12-02,Tomato,Udumalpet,Hybrid,Local,2559.68,3412.53,3007.53,INR/quintal,"Coimbatore, Tamil Nadu, India",2023,12,5
2023-12-03,Tomato,Singanallur,Hybrid,Local,2146.49,2992.45,2614.02,INR/quintal,"Coimbatore, Tamil Nadu, India",2023,12,6
2023-12-04,Tomato,Mettupalayam,Hybrid,Local,2306.5,3165.42,2612.96,INR/quintal,"Coimbatore, Tamil Nadu, India",2023,12,0
2023-12-05,Tomato,RSPuram,Deshi,Local,2421.32,3366.66,2877.65,INR/quintal,"Coimbatore, Tamil Nadu, India",2023,12,1
2023-12-06,Tomato,Mettupalayam,Deshi,Local,2570.59,3444.49,2970.58,INR/quintal,"Coimbatore, Tamil Nadu, India",2023,12,2
2023-12-07,Tomato,Mettupalayam,Deshi,Local,2428.26,3382.94,2891.36,INR/quintal,"Coimbatore, Tamil Nadu, India",2023,12,3
2023-12-08,Tomato,Sulur,Deshi,Local,2748.26,3489.49,3101.79,INR/quintal,"Coimbatore, Tamil Nadu, India",2023,12,4
2023-12-09,Tomato,Mettupalayam,Deshi,Local,2545.2,3363.32,2927.75,INR/quintal,"Coimbatore, Tamil Nadu, India",2023,12,5
2023-12-10,Tomato,Udumalpet,Deshi,Local,3049.75,3783.37,3369.11,INR/quintal,"Coimbatore, Tamil Nadu, India",2023,12,6
2023-12-11,Tomato,Mettupalayam,Hybrid,Local,2148.18,3127.78,2599.74,INR/quintal,"Coimbatore, Tamil Nadu, India",2023,12,0
2023-12-12,Tomato,Sulur,Deshi,Local,2687.89,3544.94,3063.92,INR/quintal,"Coimbatore, Tamil Nadu, India",2023,12,1
2023-12-13,Tomato,Singanallur,Hybrid,Local,2375.45,3313.71,2775.18,INR/quintal,"Coimbatore, Tamil Nadu, India",2023,12,2
2023-12-14,Tomato,Mettupalayam,Hybrid,Local,2419.91,3204.81,2825.68,INR/quintal,"Coimbatore, Tamil Nadu, India",2023,12,3
2023-12-15,Tomato,RSPuram,Deshi,Local,2774.64,3634.29,3095.11,INR/quintal,"Coimbatore, Tamil Nadu, India",2023,12,4
2023-12-16,Tomato,Singanallur,Hybrid,Local,2407.48,3294.01,2740.25,INR/quintal,"Coimbatore, Tamil Nadu, India",2023,12,5
2023-12-17,Tomato,Udumalpet,Deshi,Local,2425.36,3231.1,2830.93,INR/quintal,"Coimbatore, Tamil Nadu, India",2023,12,6
2023-12-18,Tomato,Singanallur,Deshi,Local,2418.91,3405.75,2858.32,INR/quintal,"Coimbatore, Tamil Nadu, India",2023,12,0
2023-12-19,Tomato,Sulur,Deshi,Local,2523.42,3414.08,2908.8,INR/quintal,"Coimbatore, Tamil Nadu, India",2023,12,1
2023-12-20,Tomato,Mettupalayam,Hybrid,Local,2518.81,3305.07,2860.2,INR/quintal,"Coimbatore, Tamil Nadu, India",2023,12,2
2023-12-21,Tomato,Singanallur,Deshi,Local,2731.34,3717.07,3188.74,INR/quintal,"Coimbatore, Tamil Nadu, India",2023,12,3
2023-12-22,Tomato,Mettupalayam,Hybrid,Local,2947.31,3677.87,3299.28,INR/quintal,"Coimbatore, Tamil Nadu, India",2023,12,4
2023-12-23,Tomato,Sulur,Hybrid,Local,2440.26,3310.16,2890.2,INR/quintal,"Coimbatore, Tamil Nadu, India",2023,12,5
2023-12-24,Tomato,Singanallur,Deshi,Local,2828.49,3757.52,3182.09,INR/quintal,"Coimbatore, Tamil Nadu, India",2023,12,6
2023-12-25,Tomato,Mettupalayam,Hybrid,Local,3171.06,4062.51,3534.81,INR/quintal,"Coimbatore, Tamil Nadu, India",2023,12,0
2023-12-26,Tomato,Sulur,Hybrid,Local,2807.38,3530.32,3138.2,INR/quintal,"Coimbatore, Tamil Nadu, India",2023,12,1
2023-12-27,Tomato,Sulur,Hybrid,Local,2580.89,3273.69,2881.45,INR/quintal,"Coimbatore, Tamil Nadu, India",2023,12,2
2023-12-28,Tomato,Udumalpet,Deshi,Local,2990.15,3718.88,3320.82,INR/quintal,"Coimbatore, Tamil Nadu, India",2023,12,3
2023-12-29,Tomato,Sulur,Hybrid,Local,3115.5,3934.91,3493.4,INR/quintal,"Coimbatore, Tamil Nadu, India",2023,12,4
2023-12-30,Tomato,Mettupalayam,Hybrid,Local,2690.34,3564.39,3003.55,INR/quintal,"Coimbatore, Tamil Nadu, India",2023,12,5
2023-12-31,Tomato,Singanallur,Hybrid,Local,2685.19,3546.54,3049.89,INR/quintal,"Coimbatore, Tamil Nadu, India",2023,12,6
2024-01-01,Tomato,Udumalpet,Hybrid,Local,2569.59,3417.81,2944.95,INR/quintal,"Coimbatore, Tamil Nadu, India",2024,1,0
2024-01-02,Tomato,Mettupalayam,Deshi,Local,3279.7,4200.22,3692.71,INR/quintal,"Coimbatore, Tamil Nadu, India",2024,1,1
2024-01-03,Tomato,RSPuram,Deshi,Local,2775.13,3538.23,3158.28,INR/quintal,"Coimbatore, Tamil Nadu, India",2024,1,2
2024-01-04,Tomato,Udumalpet,Hybrid,Local,2873.35,3837.2,3296.56,INR/quintal,"Coimbatore, Tamil Nadu, India",2024,1,3
2024-01-05,Tomato,Udumalpet,Hybrid,Local,2957.55,3834.51,3284.63,INR/quintal,"Coimbatore, Tamil Nadu, India",2024,1,4
2024-01-06,Tomato,Udumalpet,Hybrid,Local,2922.12,3880.81,3301.3,INR/quintal,"Coimbatore, Tamil Nadu, India",2024,1,5
2024-01-07,Tomato,Udumalpet,Hybrid,Local,3057.37,3846.02,3451.17,INR/quintal,"Coimbatore, Tamil Nadu, India",2024,1,6
2024-01-08,Tomato,Udumalpet,Hybrid,Local,2918.67,3798.11,3318.27,INR/quintal,"Coimbatore, Tamil Nadu, India",2024,1,0
2024-01-09,Tomato,Udumalpet,Hybrid,Local,2873.5,3822.37,3281.33,INR/quintal,"Coimbatore, Tamil Nadu, India",2024,1,1
2024-01-10,Tomato,Singanallur,Hybrid,Local,3285.89,4166.18,3660.81,INR/quintal,"Coimbatore, Tamil Nadu, India",2024,1,2
2024-01-11,Tomato,RSPuram,Deshi,Local,3197.75,4100.83,3666.55,INR/quintal,"Coimbatore, Tamil Nadu, India",2024,1,3
2024-01-12,Tomato,Mettupalayam,Hybrid,Local,3318.58,4178.38,3747.1,INR/quintal,"Coimbatore, Tamil Nadu, India",2024,1,4
2024-01-13,Tomato,RSPuram,Deshi,Local,3063.48,4045.53,3457.97,INR/quintal,"Coimbatore, Tamil Nadu, India",2024,1,5
2024-01-14,Tomato,Singanallur,Deshi,Local,3164.71,3960.03,3490.92,INR/quintal,"Coimbatore, Tamil Nadu, India",2024,1,6
2024-01-15,Tomato,Singanallur,Hybrid,Local,2546.01,3420.32,2946.15,INR/quintal,"Coimbatore, Tamil Nadu, India",2024,1,0
2024-01-16,Tomato,Udumalpet,Deshi,Local,3192.7,4149.02,3617.57,INR/quintal,"Coimbatore, Tamil Nadu, India",2024,1,1
2024-01-17,Tomato,Singanallur,Deshi,Local,3316.96,4038.03,3646.52,INR/quintal,"Coimbatore, Tamil Nadu, India",2024,1,2
2024-01-18,Tomato,Udumalpet,Hybrid,Local,3223.39,4051.89,3618.52,INR/quintal,"Coimbatore, Tamil Nadu, India",2024,1,3
2024-01-19,Tomato,RSPuram,Hybrid,Local,2705.09,3477.14,3014.63,INR/quintal,"Coimbatore, Tamil Nadu, India",2024,1,4
2024-01-20,Tomato,Udumalpet,Deshi,Local,3384.13,4290.13,3717.49,INR/quintal,"Coimbatore, Tamil Nadu, India",2024,1,5
2024-01-21,Tomato,RSPuram,Deshi,Local,2890.74,3803.32,3363.09,INR/quintal,"Coimbatore, Tamil Nadu, India",2024,1,6
2024-01-22,Tomato,Mettupalayam,Hybrid,Local,3421.14,4323.8,3858.15,INR/quintal,"Coimbatore, Tamil Nadu, India",2024,1,0
2024-01-23,Tomato,RSPuram,Deshi,Local,3704.92,4574.88,4066.38,INR/quintal,"Coimbatore, Tamil Nadu, India",2024,1,1
2024-01-24,Tomato,Udumalpet,Hybrid,Local,3108.91,4059.47,3581.36,INR/quintal,"Coimbatore, Tamil Nadu, India",2024,1,2
2024-01-25,Tomato,RSPuram,Deshi,Local,3095.26,4049.72,3457.41,INR/quintal,"Coimbatore, Tamil Nadu, India",2024,1,3
2024-01-26,Tomato,RSPuram,Hybrid,Local,3343.27,4344.06,3791.22,INR/quintal,"Coimbatore, Tamil Nadu, India",2024,1,4
2024-01-27,Tomato,Udumalpet,Hybrid,Local,3333.01,4077.39,3637.87,INR/quintal,"Coimbatore, Tamil Nadu, India",2024,1,5
2024-01-28,Tomato,Sulur,Deshi,Local,2927.45,3797.67,3331.1,INR/quintal,"Coimbatore, Tamil Nadu, India",2024,1,6
2024-01-29,Tomato,Sulur,Hybrid,Local,3660.4,4514.83,3974.33,INR/quintal,"Coimbatore, Tamil Nadu, India",2024,1,0
2024-01-30,Tomato,RSPuram,Deshi,Local,3452.28,4421.74,3911.2,INR/quintal,"Coimbatore, Tamil Nadu, India",2024,1,1
2024-01-31,Tomato,Mettupalayam,Deshi,Local,3157.73,4113.32,3601.83,INR/quintal,"Coimbatore, Tamil Nadu, India",2024,1,2
2024-02-01,Tomato,Singanallur,Hybrid,Local,3707.88,4624.85,4068.02,INR/quintal,"Coimbatore, Tamil Nadu, India",2024,2,3
2024-02-02,Tomato,Mettupalayam,Hybrid,Local,3804.96,4635.86,4172.43,INR/quintal,"Coimbatore, Tamil Nadu, India",2024,2,4
2024-02-03,Tomato,RSPuram,Deshi,Local,3192.48,4148.24,3626.55,INR/quintal,"Coimbatore, Tamil Nadu, India",2024,2,5
2024-02-04,Tomato,Udumalpet,Hybrid,Local,3049.34,4017.21,3504.45,INR/quintal,"Coimbatore, Tamil Nadu, India",2024,2,6
2024-02-05,Tomato,Udumalpet,Hybrid,Local,3535.33,4377.77,3863.44,INR/quintal,"Coimbatore, Tamil Nadu, India",2024,2,0
2024-02-06,Tomato,Udumalpet,Hybrid,Local,3498.01,4472.77,3894.85,INR/quintal,"Coimbatore, Tamil Nadu, India",2024,2,1
2024-02-07,Tomato,Singanallur,Deshi,Local,3632.63,4565.07,3970.45,INR/quintal,"Coimbatore, Tamil Nadu, India",2024,2,2
2024-02-08,Tomato,Singanallur,Deshi,Local,3019.3,3919.43,3422.08,INR/quintal,"Coimbatore, Tamil Nadu, India",2024,2,3
2024-02-09,Tomato,RSPuram,Deshi,Local,3152.78,4194.48,3610.61,INR/quintal,"Coimbatore, Tamil Nadu, India",2024,2,4
2024-02-10,Tomato,Udumalpet,Hybrid,Local,3288.3,4116.91,3622.49,INR/quintal,"Coimbatore, Tamil Nadu, India",2024,2,5
2024-02-11,Tomato,RSPuram,Deshi,Local,3409.02,4269.22,3863.57,INR/quintal,"Coimbatore, Tamil Nadu, India",2024,2,6
2024-02-12,Tomato,Mettupalayam,Hybrid,Local,3724.89,4678.15,4180.38,INR/quintal,"Coimbatore, Tamil Nadu, India",2024,2,0
2024-02-13,Tomato,Udumalpet,Deshi,Local,3758.04,4755.94,4196.22,INR/quintal,"Coimbatore, Tamil Nadu, India",2024,2,1
2024-02-14,Tomato,RSPuram,Deshi,Local,4033.76,4860.52,4441.57,INR/quintal,"Coimbatore, Tamil Nadu, India",2024,2,2
2024-02-15,Tomato,Mettupalayam,Hybrid,Local,3797.56,4582.07,4186.66,INR/quintal,"Coimbatore, Tamil Nadu, India",2024,2,3
2024-02-16,Tomato,Udumalpet,Deshi,Local,3294.24,4135.85,3620.36,INR/quintal,"Coimbatore, Tamil Nadu, India",2024,2,4
2024-02-17,Tomato,Sulur,Deshi,Local,3070.2,3929.23,3522.34,INR/quintal,"Coimbatore, Tamil Nadu, India",2024,2,5
2024-02-18,Tomato,Sulur,Deshi,Local,3677.03,4544.24,3996.08,INR/quintal,"Coimbatore, Tamil Nadu, India",2024,2,6
2024-02-19,Tomato,Mettupalayam,Deshi,Local,3257.75,4216.9,3642.07,INR/quintal,"Coimbatore, Tamil Nadu, India",2024,2,0
2024-02-20,Tomato,Mettupalayam,Hybrid,Local,3535.52,4478.66,3931.57,INR/quintal,"Coimbatore, Tamil Nadu, India",2024,2,1
2024-02-21,Tomato,Mettupalayam,Deshi,Local,3581.35,4484.16,3896.18,INR/quintal,"Coimbatore, Tamil Nadu, India",2024,2,2
2024-02-22,Tomato,Udumalpet,Hybrid,Local,3842.86,4767.44,4187.78,INR/quintal,"Coimbatore, Tamil Nadu, India",2024,2,3
2024-02-23,Tomato,RSPuram,Hybrid,Local,4084.97,5046.36,4490.91,INR/quintal,"Coimbatore, Tamil Nadu, India",2024,2,4
2024-02-24,Tomato,Singanallur,Hybrid,Local,3676.1,4500.62,4045.74,INR/quintal,"Coimbatore, Tamil Nadu, India",2024,2,5
2024-02-25,Tomato,RSPuram,Hybrid,Local,3842.77,4800.89,4204.79,INR/quintal,"Coimbatore, Tamil Nadu, India",2024,2,6
2024-02-26,Tomato,Udumalpet,Hybrid,Local,3726.77,4466.54,4034.02,INR/quintal,"Coimbatore, Tamil Nadu, India",2024,2,0
2024-02-27,Tomato,Udumalpet,Hybrid,Local,3591.31,4536.46,3999.44,INR/quintal,"Coimbatore, Tamil Nadu, India",2024,2,1
2024-02-28,Tomato,Mettupalayam,Hybrid,Local,3608.29,4467.96,4053.89,INR/quintal,"Coimbatore, Tamil Nadu, India",2024,2,2
2024-02-29,Tomato,Udumalpet,Hybrid,Local,3913.37,4797.75,4236.06,INR/quintal,"Coimbatore, Tamil Nadu, India",2024,2,3
2024-03-01,Tomato,Sulur,Deshi,Local,3747.24,4630.01,4151.85,INR/quintal,"Coimbatore, Tamil Nadu, India",2024,3,4
2024-03-02,Tomato,Mettupalayam,Deshi,Local,3905.23,4798.71,4316.89,INR/quintal,"Coimbatore, Tamil Nadu, India",2024,3,5
2024-03-03,Tomato,Mettupalayam,Deshi,Local,3805.44,4517.53,4125.28,INR/quintal,"Coimbatore, Tamil Nadu, India",2024,3,6
2024-03-04,Tomato,Udumalpet,Deshi,Local,3359.4,4433.54,3836.33,INR/quintal,"Coimbatore, Tamil Nadu, India",2024,3,0
2024-03-05,Tomato,RSPuram,Hybrid,Local,3428.22,4313.94,3745.28,INR/quintal,"Coimbatore, Tamil Nadu, India",2024,3,1
2024-03-06,Tomato,Sulur,Deshi,Local,3462.61,4316.75,3933.09,INR/quintal,"Coimbatore, Tamil Nadu, India",2024,3,2
2024-03-07,Tomato,RSPuram,Hybrid,Local,3871.59,4734.23,4300.75,INR/quintal,"Coimbatore, Tamil Nadu, India",2024,3,3
2024-03-08,Tomato,Sulur,Deshi,Local,3507.38,4356.88,3922.36,INR/quintal,"Coimbatore, Tamil Nadu, India",2024,3,4
2024-03-09,Tomato,Singanallur,Deshi,Local,3774.13,4736.69,4163.87,INR/quintal,"Coimbatore, Tamil Nadu, India",2024,3,5
2024-03-10,Tomato,Mettupalayam,Hybrid,Local,3835.31,4653.34,4204.64,INR/quintal,"Coimbatore, Tamil Nadu, India",2024,3,6
2024-03-11,Tomato,Udumalpet,Hybrid,Local,3893.63,4765.57,4221.16,INR/quintal,"Coimbatore, Tamil Nadu, India",2024,3,0
2024-03-12,Tomato,Udumalpet,Deshi,Local,4193.45,5009.11,4521.43,INR/quintal,"Coimbatore, Tamil Nadu, India",2024,3,1
2024-03-13,Tomato,RSPuram,Hybrid,Local,3388.75,4226.78,3799.33,INR/quintal,"Coimbatore, Tamil Nadu, India",2024,3,2
2024-03-14,Tomato,Mettupalayam,Hybrid,Local,3771.56,4679.54,4167.65,INR/quintal,"Coimbatore, Tamil Nadu, India",2024,3,3
2024-03-15,Tomato,Mettupalayam,Deshi,Local,3881.12,4858.66,4272.81,INR/quintal,"Coimbatore, Tamil Nadu, India",2024,3,4
2024-03-16,Tomato,Udumalpet,Hybrid,Local,3898.12,4749.04,4264.85,INR/quintal,"Coimbatore, Tamil Nadu, India",2024,3,5
2024-03-17,Tomato,Udumalpet,Deshi,Local,3913.76,4741.38,4293.72,INR/quintal,"Coimbatore, Tamil Nadu, India",2024,3,6
2024-03-18,Tomato,Singanallur,Hybrid,Local,3845.17,4700.96,4296.63,INR/quintal,"Coimbatore, Tamil Nadu, India",2024,3,0
2024-03-19,Tomato,RSPuram,Hybrid,Local,3641.37,4548.85,3999.0,INR/quintal,"Coimbatore, Tamil Nadu, India",2024,3,1
2024-03-20,Tomato,Mettupalayam,Deshi,Local,3873.54,4629.24,4216.87,INR/quintal,"Coimbatore, Tamil Nadu, India",2024,3,2
2024-03-21,Tomato,Udumalpet,Hybrid,Local,4238.44,4919.31,4540.61,INR/quintal,"Coimbatore, Tamil Nadu, India",2024,3,3
2024-03-22,Tomato,Sulur,Hybrid,Local,3403.93,4465.17,3868.36,INR/quintal,"Coimbatore, Tamil Nadu, India",2024,3,4
2024-03-23,Tomato,Mettupalayam,Hybrid,Local,3722.21,4450.42,4024.89,INR/quintal,"Coimbatore, Tamil Nadu, India",2024,3,5
2024-03-24,Tomato,RSPuram,Hybrid,Local,3801.77,4700.38,4125.38,INR/quintal,"Coimbatore, Tamil Nadu, India",2024,3,6
2024-03-25,Tomato,RSPuram,Hybrid,Local,3883.64,4622.26,4183.81,INR/quintal,"Coimbatore, Tamil Nadu, India",2024,3,0
2024-03-26,Tomato,Sulur,Deshi,Local,3645.59,4524.5,3994.92,INR/quintal,"Coimbatore, Tamil Nadu, India",2024,3,1
2024-03-27,Tomato,Udumalpet,Hybrid,Local,4003.84,4942.5,4351.15,INR/quintal,"Coimbatore, Tamil Nadu, India",2024,3,2
2024-03-28,Tomato,Udumalpet,Deshi,Local,3784.9,4659.42,4170.37,INR/quintal,"Coimbatore, Tamil Nadu, India",2024,3,3
2024-03-29,Tomato,Sulur,Deshi,Local,3766.87,4769.94,4218.99,INR/quintal,"Coimbatore, Tamil Nadu, India",2024,3,4
2024-03-30,Tomato,Singanallur,Hybrid,Local,3743.07,4668.42,4118.76,INR/quintal,"Coimbatore, Tamil Nadu, India",2024,3,5
2024-03-31,Tomato,RSPuram,Deshi,Local,3419.29,4279.96,3898.4,INR/quintal,"Coimbatore, Tamil Nadu, India",2024,3,6
2024-04-01,Tomato,RSPuram,Deshi,Local,3645.3,4603.86,4037.14,INR/quintal,"Coimbatore, Tamil Nadu, India",2024,4,0
2024-04-02,Tomato,Sulur,Hybrid,Local,4039.87,4900.83,4381.29,INR/quintal,"Coimbatore, Tamil Nadu, India",2024,4,1
2024-04-03,Tomato,Udumalpet,Deshi,Local,3803.81,4666.5,4275.65,INR/quintal,"Coimbatore, Tamil Nadu, India",2024,4,2
2024-04-04,Tomato,Udumalpet,Deshi,Local,4259.96,5136.53,4589.25,INR/quintal,"Coimbatore, Tamil Nadu, India",2024,4,3
2024-04-05,Tomato,RSPuram,Deshi,Local,4080.14,4906.04,4435.84,INR/quintal,"Coimbatore, Tamil Nadu, India",2024,4,4
2024-04-06,Tomato,Udumalpet,Deshi,Local,3722.82,4550.4,4159.29,INR/quintal,"Coimbatore, Tamil Nadu, India",2024,4,5
2024-04-07,Tomato,Udumalpet,Hybrid,Local,3792.98,4805.26,4239.33,INR/quintal,"Coimbatore, Tamil Nadu, India",2024,4,6
2024-04-08,Tomato,Udumalpet,Deshi,Local,4146.79,4871.86,4460.64,INR/quintal,"Coimbatore, Tamil Nadu, India",2024,4,0
2024-04-09,Tomato,Udumalpet,Hybrid,Local,3683.94,4621.66,4135.11,INR/quintal,"Coimbatore, Tamil Nadu, India",2024,4,1
2024-04-10,Tomato,Sulur,Hybrid,Local,3211.93,4065.23,3600.05,INR/quintal,"Coimbatore, Tamil Nadu, India",2024,4,2
2024-04-11,Tomato,Singanallur,Hybrid,Local,4113.38,4916.87,4415.39,INR/quintal,"Coimbatore, Tamil Nadu, India",2024,4,3
2024-04-12,Tomato,Singanallur,Deshi,Local,3530.66,4356.74,3936.91,INR/quintal,"Coimbatore, Tamil Nadu, India",2024,4,4
2024-04-13,Tomato,Sulur,Hybrid,Local,3859.74,4686.36,4294.44,INR/quintal,"Coimbatore, Tamil Nadu, India",2024,4,5
2024-04-14,Tomato,Mettupalayam,Deshi,Local,3596.2,4390.47,3929.53,INR/quintal,"Coimbatore, Tamil Nadu, India",2024,4,6
2024-04-15,Tomato,Mettupalayam,Hybrid,Local,3302.67,4268.12,3765.72,INR/quintal,"Coimbatore, Tamil Nadu, India",2024,4,0
2024-04-16,Tomato,Singanallur,Deshi,Local,3636.27,4542.67,3999.02,INR/quintal,"Coimbatore, Tamil Nadu, India",2024,4,1
2024-04-17,Tomato,Singanallur,Hybrid,Local,4120.22,4808.25,4428.38,INR/quintal,"Coimbatore, Tamil Nadu, India",2024,4,2
2024-04-18,Tomato,Singanallur,Hybrid,Local,3948.89,4801.77,4286.71,INR/quintal,"Coimbatore, Tamil Nadu, India",2024,4,3
2024-04-19,Tomato,Sulur,Hybrid,Local,4026.52,4959.73,4372.93,INR/quintal,"Coimbatore, Tamil Nadu, India",2024,4,4
2024-04-20,Tomato,Mettupalayam,Deshi,Local,4347.87,5261.16,4675.05,INR/quintal,"Coimbatore, Tamil Nadu, India",2024,4,5
2024-04-21,Tomato,Singanallur,Deshi,Local,3919.41,4709.57,4268.98,INR/quintal,"Coimbatore, Tamil Nadu, India",2024,4,6
2024-04-22,Tomato,RSPuram,Deshi,Local,4019.32,4884.15,4494.26,INR/quintal,"Coimbatore, Tamil Nadu, India",2024,4,0
2024-04-23,Tomato,Sulur,Hybrid,Local,3416.62,4355.56,3823.23,INR/quintal,"Coimbatore, Tamil Nadu, India",2024,4,1
2024-04-24,Tomato,Mettupalayam,Hybrid,Local,3637.11,4542.55,4051.73,INR/quintal,"Coimbatore, Tamil Nadu, India",2024,4,2
2024-04-25,Tomato,Sulur,Hybrid,Local,3858.49,4698.79,4197.29,INR/quintal,"Coimbatore, Tamil Nadu, India",2024,4,3
2024-04-26,Tomato,RSPuram,Deshi,Local,3420.47,4391.11,3859.39,INR/quintal,"Coimbatore, Tamil Nadu, India",2024,4,4
2024-04-27,Tomato,Singanallur,Deshi,Local,4081.53,4971.87,4508.12,INR/quintal,"Coimbatore, Tamil Nadu, India",2024,4,5
2024-04-28,Tomato,Udumalpet,Deshi,Local,4233.96,4970.67,4579.84,INR/quintal,"Coimbatore, Tamil Nadu, India",2024,4,6
2024-04-29,Tomato,RSPuram,Deshi,Local,3719.47,4558.99,4046.01,INR/quintal,"Coimbatore, Tamil Nadu, India",2024,4,0
2024-04-30,Tomato,RSPuram,Deshi,Local,4054.82,5006.59,4467.65,INR/quintal,"Coimbatore, Tamil Nadu, India",2024,4,1
2024-05-01,Tomato,RSPuram,Hybrid,Local,3978.48,4880.97,4294.09,INR/quintal,"Coimbatore, Tamil Nadu, India",2024,5,2
2024-05-02,Tomato,Mettupalayam,Deshi,Local,3814.12,4651.64,4128.63,INR/quintal,"Coimbatore, Tamil Nadu, India",2024,5,3
2024-05-03,Tomato,Mettupalayam,Deshi,Local,3833.1,4682.94,4263.02,INR/quintal,"Coimbatore, Tamil Nadu, India",2024,5,4
2024-05-04,Tomato,Udumalpet,Deshi,Local,3596.89,4479.54,3973.18,INR/quintal,"Coimbatore, Tamil Nadu, India",2024,5,5
2024-05-05,Tomato,Udumalpet,Deshi,Local,4209.94,5069.25,4676.57,INR/quintal,"Coimbatore, Tamil Nadu, India",2024,5,6
2024-05-06,Tomato,Singanallur,Hybrid,Local,3602.55,4444.03,4066.92,INR/quintal,"Coimbatore, Tamil Nadu, India",2024,5,0
2024-05-07,Tomato,Mettupalayam,Hybrid,Local,3678.97,4399.16,3991.04,INR/quintal,"Coimbatore, Tamil Nadu, India",2024,5,1
2024-05-08,Tomato,Sulur,Deshi,Local,3630.47,4440.63,3954.99,INR/quintal,"Coimbatore, Tamil Nadu, India",2024,5,2
2024-05-09,Tomato,Singanallur,Hybrid,Local,4083.98,4851.25,4386.73,INR/quintal,"Coimbatore, Tamil Nadu, India",2024,5,3
2024-05-10,Tomato,Udumalpet,Deshi,Local,3346.05,4204.15,3753.36,INR/quintal,"Coimbatore, Tamil Nadu, India",2024,5,4
2024-05-11,Tomato,Mettupalayam,Deshi,Local,3661.12,4553.27,4069.33,INR/quintal,"Coimbatore, Tamil Nadu, India",2024,5,5
2024-05-12,Tomato,Mettupalayam,Hybrid,Local,3346.03,4289.81,3776.87,INR/quintal,"Coimbatore, Tamil Nadu, India",2024,5,6
2024-05-13,Tomato,Udumalpet,Deshi,Local,3182.82,4245.83,3651.62,INR/quintal,"Coimbatore, Tamil Nadu, India",2024,5,0
2024-05-14,Tomato,Udumalpet,Hybrid,Local,3605.61,4493.18,3950.44,INR/quintal,"Coimbatore, Tamil Nadu, India",2024,5,1
2024-05-15,Tomato,RSPuram,Hybrid,Local,3579.84,4378.28,3975.33,INR/quintal,"Coimbatore, Tamil Nadu, India",2024,5,2
2024-05-16,Tomato,Mettupalayam,Hybrid,Local,3991.51,4747.7,4299.23,INR/quintal,"Coimbatore, Tamil Nadu, India",2024,5,3
2024-05-17,Tomato,Sulur,Hybrid,Local,3367.54,4154.24,3748.63,INR/quintal,"Coimbatore, Tamil Nadu, India",2024,5,4
2024-05-18,Tomato,RSPuram,Deshi,Local,3656.7,4383.3,3997.19,INR/quintal,"Coimbatore, Tamil Nadu, India",2024,5,5
2024-05-19,Tomato,Sulur,Hybrid,Local,3211.05,4212.08,3656.54,INR/quintal,"Coimbatore, Tamil Nadu, India",2024,5,6
2024-05-20,Tomato,Singanallur,Hybrid,Local,3468.73,4448.31,3894.95,INR/quintal,"Coimbatore, Tamil Nadu, India",2024,5,0
2024-05-21,Tomato,Mettupalayam,Hybrid,Local,3502.09,4229.84,3842.03,INR/quintal,"Coimbatore, Tamil Nadu, India",2024,5,1
2024-05-22,Tomato,Singanallur,Hybrid,Local,3091.49,3981.15,3509.44,INR/quintal,"Coimbatore, Tamil Nadu, India",2024,5,2
2024-05-23,Tomato,Singanallur,Deshi,Local,3334.13,4159.09,3670.27,INR/quintal,"Coimbatore, Tamil Nadu, India",2024,5,3
2024-05-24,Tomato,RSPuram,Hybrid,Local,3332.31,4178.8,3790.42,INR/quintal,"Coimbatore, Tamil Nadu, India",2024,5,4
2024-05-25,Tomato,Udumalpet,Deshi,Local,3437.34,4266.65,3855.76,INR/quintal,"Coimbatore, Tamil Nadu, India",2024,5,5
2024-05-26,Tomato,RSPuram,Deshi,Local,3913.43,4672.76,4262.99,INR/quintal,"Coimbatore, Tamil Nadu, India",2024,5,6
2024-05-27,Tomato,RSPuram,Deshi,Local,3466.37,4334.29,3837.48,INR/quintal,"Coimbatore, Tamil Nadu, India",2024,5,0
2024-05-28,Tomato,RSPuram,Deshi,Local,3616.36,4545.69,3994.67,INR/quintal,"Coimbatore, Tamil Nadu, India",2024,5,1
2024-05-29,Tomato,Mettupalayam,Deshi,Local,3134.87,4019.39,3459.45,INR/quintal,"Coimbatore, Tamil Nadu, India",2024,5,2
2024-05-30,Tomato,Udumalpet,Hybrid,Local,3039.83,4092.71,3502.3,INR/quintal,"Coimbatore, Tamil Nadu, India",2024,5,3
2024-05-31,Tomato,Sulur,Hybrid,Local,3538.84,4288.56,3865.45,INR/quintal,"Coimbatore, Tamil Nadu, India",2024,5,4
2024-06-01,Tomato,Sulur,Hybrid,Local,3301.3,4203.66,3606.79,INR/quintal,"Coimbatore, Tamil Nadu, India",2024,6,5
2024-06-02,Tomato,Mettupalayam,Deshi,Local,3299.56,4232.26,3774.63,INR/quintal,"Coimbatore, Tamil Nadu, India",2024,6,6
2024-06-03,Tomato,Singanallur,Hybrid,Local,3362.92,4265.14,3762.47,INR/quintal,"Coimbatore, Tamil Nadu, India",2024,6,0
2024-06-04,Tomato,Mettupalayam,Deshi,Local,3402.51,4443.53,3877.04,INR/quintal,"Coimbatore, Tamil Nadu, India",2024,6,1
2024-06-05,Tomato,Mettupalayam,Deshi,Local,2915.96,3798.5,3299.31,INR/quintal,"Coimbatore, Tamil Nadu, India",2024,6,2
2024-06-06,Tomato,Udumalpet,Deshi,Local,3443.26,4386.66,3797.5,INR/quintal,"Coimbatore, Tamil Nadu, India",2024,6,3
2024-06-07,Tomato,RSPuram,Hybrid,Local,3231.97,4187.88,3662.79,INR/quintal,"Coimbatore, Tamil Nadu, India",2024,6,4
2024-06-08,Tomato,RSPuram,Hybrid,Local,3232.34,4228.01,3673.06,INR/quintal,"Coimbatore, Tamil Nadu, India",2024,6,5
2024-06-09,Tomato,Singanallur,Hybrid,Local,3003.34,3942.62,3374.66,INR/quintal,"Coimbatore, Tamil Nadu, India",2024,6,6
2024-06-10,Tomato,Singanallur,Deshi,Local,3173.93,4089.74,3527.96,INR/quintal,"Coimbatore, Tamil Nadu, India",2024,6,0
2024-06-11,Tomato,Sulur,Hybrid,Local,3484.92,4236.69,3827.8,INR/quintal,"Coimbatore, Tamil Nadu, India",2024,6,1
2024-06-12,Tomato,Singanallur,Hybrid,Local,3406.85,4320.85,3721.6,INR/quintal,"Coimbatore, Tamil Nadu, India",2024,6,2
2024-06-13,Tomato,Singanallur,Deshi,Local,3062.72,3985.93,3524.72,INR/quintal,"Coimbatore, Tamil Nadu, India",2024,6,3
2024-06-14,Tomato,Udumalpet,Hybrid,Local,2925.01,3903.88,3307.05,INR/quintal,"Coimbatore, Tamil Nadu, India",2024,6,4
2024-06-15,Tomato,Singanallur,Hybrid,Local,2910.71,3797.34,3260.03,INR/quintal,"Coimbatore, Tamil Nadu, India",2024,6,5
2024-06-16,Tomato,Singanallur,Deshi,Local,2806.55,3689.79,3241.93,INR/quintal,"Coimbatore, Tamil Nadu, India",2024,6,6
2024-06-17,Tomato,RSPuram,Hybrid,Local,3131.32,3937.62,3543.61,INR/quintal,"Coimbatore, Tamil Nadu, India",2024,6,0
2024-06-18,Tomato,RSPuram,Deshi,Local,3404.44,4365.76,3843.09,INR/quintal,"Coimbatore, Tamil Nadu, India",2024,6,1
2024-06-19,Tomato,Singanallur,Hybrid,Local,2781.26,3642.87,3236.89,INR/quintal,"Coimbatore, Tamil Nadu, India",2024,6,2
2024-06-20,Tomato,Sulur,Hybrid,Local,2765.77,3630.45,3131.84,INR/quintal,"Coimbatore, Tamil Nadu, India",2024,6,3
2024-06-21,Tomato,Singanallur,Hybrid,Local,3012.73,4023.7,3444.46,INR/quintal,"Coimbatore, Tamil Nadu, India",2024,6,4
2024-06-22,Tomato,Sulur,Deshi,Local,2756.47,3606.75,3068.75,INR/quintal,"Coimbatore, Tamil Nadu, India",2024,6,5
2024-06-23,Tomato,Udumalpet,Hybrid,Local,3045.4,3986.02,3524.56,INR/quintal,"Coimbatore, Tamil Nadu, India",2024,6,6
2024-06-24,Tomato,RSPuram,Deshi,Local,3029.05,3952.05,3468.92,INR/quintal,"Coimbatore, Tamil Nadu, India",2024,6,0
2024-06-25,Tomato,RSPuram,Hybrid,Local,3029.51,3895.47,3450.99,INR/quintal,"Coimbatore, Tamil Nadu, India",2024,6,1
2024-06-26,Tomato,RSPuram,Deshi,Local,2547.77,3558.49,3018.12,INR/quintal,"Coimbatore, Tamil Nadu, India",2024,6,2
2024-06-27,Tomato,Udumalpet,Hybrid,Local,3408.18,4268.16,3714.17,INR/quintal,"Coimbatore, Tamil Nadu, India",2024,6,3
2024-06-28,Tomato,Mettupalayam,Hybrid,Local,3192.09,4009.69,3509.89,INR/quintal,"Coimbatore, Tamil Nadu, India",2024,6,4
2024-06-29,Tomato,Singanallur,Hybrid,Local,3310.75,4119.22,3739.79,INR/quintal,"Coimbatore, Tamil Nadu, India",2024,6,5
2024-06-30,Tomato,RSPuram,Hybrid,Local,2620.63,3314.42,2924.99,INR/quintal,"Coimbatore, Tamil Nadu, India",2024,6,6
2024-07-01,Tomato,Udumalpet,Deshi,Local,2869.59,3676.01,3268.34,INR/quintal,"Coimbatore, Tamil Nadu, India",2024,7,0
2024-07-02,Tomato,Udumalpet,Hybrid,Local,3015.51,3922.67,3464.84,INR/quintal,"Coimbatore, Tamil Nadu, India",2024,7,1
2024-07-03,Tomato,Mettupalayam,Deshi,Local,2617.17,3557.37,3056.26,INR/quintal,"Coimbatore, Tamil Nadu, India",2024,7,2
2024-07-04,Tomato,Mettupalayam,Deshi,Local,3577.49,4478.13,3888.37,INR/quintal,"Coimbatore, Tamil Nadu, India",2024,7,3
2024-07-05,Tomato,Singanallur,Deshi,Local,2685.32,3435.66,3059.13,INR/quintal,"Coimbatore, Tamil Nadu, India",2024,7,4
2024-07-06,Tomato,Udumalpet,Deshi,Local,2427.52,3270.18,2871.7,INR/quintal,"Coimbatore, Tamil Nadu, India",2024,7,5
2024-07-07,Tomato,Mettupalayam,Deshi,Local,2862.18,3792.06,3210.96,INR/quintal,"Coimbatore, Tamil Nadu, India",2024,7,6
2024-07-08,Tomato,Sulur,Deshi,Local,2860.54,3723.9,3164.98,INR/quintal,"Coimbatore, Tamil Nadu, India",2024,7,0
2024-07-09,Tomato,Sulur,Deshi,Local,2808.15,3790.99,3257.93,INR/quintal,"Coimbatore, Tamil Nadu, India",2024,7,1
2024-07-10,Tomato,Udumalpet,Deshi,Local,2535.92,3553.77,3004.65,INR/quintal,"Coimbatore, Tamil Nadu, India",2024,7,2
2024-07-11,Tomato,Sulur,Deshi,Local,2735.65,3666.12,3199.58,INR/quintal,"Coimbatore, Tamil Nadu, India",2024,7,3
2024-07-12,Tomato,Singanallur,Hybrid,Local,2442.05,3420.78,2912.27,INR/quintal,"Coimbatore, Tamil Nadu, India",2024,7,4
2024-07-13,Tomato,Sulur,Hybrid,Local,2721.87,3676.35,3169.5,INR/quintal,"Coimbatore, Tamil Nadu, India",2024,7,5
2024-07-14,Tomato,Mettupalayam,Deshi,Local,2228.06,3247.32,2647.6,INR/quintal,"Coimbatore, Tamil Nadu, India",2024,7,6
2024-07-15,Tomato,Sulur,Deshi,Local,2579.74,3387.2,2914.97,INR/quintal,"Coimbatore, Tamil Nadu, India",2024,7,0
2024-07-16,Tomato,RSPuram,Deshi,Local,2766.38,3484.03,3092.27,INR/quintal,"Coimbatore, Tamil Nadu, India",2024,7,1
2024-07-17,Tomato,Udumalpet,Hybrid,Local,2413.91,3220.86,2796.22,INR/quintal,"Coimbatore, Tamil Nadu, India",2024,7,2
2024-07-18,Tomato,Sulur,Deshi,Local,2033.56,2907.07,2439.61,INR/quintal,"Coimbatore, Tamil Nadu, India",2024,7,3
2024-07-19,Tomato,RSPuram,Hybrid,Local,2108.83,3017.64,2500.57,INR/quintal,"Coimbatore, Tamil Nadu, India",2024,7,4
2024-07-20,Tomato,Sulur,Deshi,Local,2536.75,3442.08,3001.9,INR/quintal,"Coimbatore, Tamil Nadu, India",2024,7,5
2024-07-21,Tomato,Singanallur,Deshi,Local,2236.81,3155.35,2572.21,INR/quintal,"Coimbatore, Tamil Nadu, India",2024,7,6
2024-07-22,Tomato,Udumalpet,Deshi,Local,2924.95,3821.24,3399.25,INR/quintal,"Coimbatore, Tamil Nadu, India",2024,7,0
2024-07-23,Tomato,Udumalpet,Deshi,Local,1927.71,2688.26,2268.08,INR/quintal,"Coimbatore, Tamil Nadu, India",2024,7,1
2024-07-24,Tomato,Singanallur,Hybrid,Local,2200.15,3018.11,2610.06,INR/quintal,"Coimbatore, Tamil Nadu, India",2024,7,2
2024-07-25,Tomato,Singanallur,Deshi,Local,2256.29,3102.38,2710.34,INR/quintal,"Coimbatore, Tamil Nadu, India",2024,7,3
2024-07-26,Tomato,Udumalpet,Deshi,Local,2582.43,3569.38,3011.49,INR/quintal,"Coimbatore, Tamil Nadu, India",2024,7,4
2024-07-27,Tomato,Udumalpet,Deshi,Local,2453.03,3420.26,2839.06,INR/quintal,"Coimbatore, Tamil Nadu, India",2024,7,5
2024-07-28,Tomato,RSPuram,Hybrid,Local,3028.5,3872.59,3409.27,INR/quintal,"Coimbatore, Tamil Nadu, India",2024,7,6
2024-07-29,Tomato,Mettupalayam,Hybrid,Local,2430.92,3176.24,2731.86,INR/quintal,"Coimbatore, Tamil Nadu, India",2024,7,0
2024-07-30,Tomato,Sulur,Hybrid,Local,2829.59,3682.5,3149.88,INR/quintal,"Coimbatore, Tamil Nadu, India",2024,7,1
2024-07-31,Tomato,RSPuram,Deshi,Local,2684.24,3439.73,3026.92,INR/quintal,"Coimbatore, Tamil Nadu, India",2024,7,2
2024-08-01,Tomato,RSPuram,Deshi,Local,2191.07,3183.32,2625.32,INR/quintal,"Coimbatore, Tamil Nadu, India",2024,8,3
2024-08-02,Tomato,Mettupalayam,Hybrid,Local,3044.66,3907.77,3400.54,INR/quintal,"Coimbatore, Tamil Nadu, India",2024,8,4
2024-08-03,Tomato,RSPuram,Hybrid,Local,2261.09,3221.16,2675.82,INR/quintal,"Coimbatore, Tamil Nadu, India",2024,8,5
2024-08-04,Tomato,RSPuram,Hybrid,Local,2228.86,3108.68,2558.86,INR/quintal,"Coimbatore, Tamil Nadu, India",2024,8,6
2024-08-05,Tomato,Singanallur,Hybrid,Local,2125.86,2891.3,2488.85,INR/quintal,"Coimbatore, Tamil Nadu, India",2024,8,0
2024-08-06,Tomato,Singanallur,Deshi,Local,2646.94,3397.93,3010.6,INR/quintal,"Coimbatore, Tamil Nadu, India",2024,8,1
2024-08-07,Tomato,RSPuram,Hybrid,Local,2768.06,3645.72,3089.69,INR/quintal,"Coimbatore, Tamil Nadu, India",2024,8,2
2024-08-08,Tomato,Singanallur,Deshi,Local,2263.56,3231.29,2655.42,INR/quintal,"Coimbatore, Tamil Nadu, India",2024,8,3
2024-08-09,Tomato,Mettupalayam,Deshi,Local,2320.92,3087.06,2636.22,INR/quintal,"Coimbatore, Tamil Nadu, India",2024,8,4
2024-08-10,Tomato,Mettupalayam,Deshi,Local,2395.27,3136.64,2714.64,INR/quintal,"Coimbatore, Tamil Nadu, India",2024,8,5
2024-08-11,Tomato,Mettupalayam,Deshi,Local,1899.82,2789.14,2368.88,INR/quintal,"Coimbatore, Tamil Nadu, India",2024,8,6
2024-08-12,Tomato,Sulur,Hybrid,Local,2332.71,3237.15,2743.49,INR/quintal,"Coimbatore, Tamil Nadu, India",2024,8,0
2024-08-13,Tomato,Sulur,Hybrid,Local,1954.19,2726.88,2264.03,INR/quintal,"Coimbatore, Tamil Nadu, India",2024,8,1
2024-08-14,Tomato,Udumalpet,Deshi,Local,2134.2,2960.2,2497.51,INR/quintal,"Coimbatore, Tamil Nadu, India",2024,8,2
2024-08-15,Tomato,Mettupalayam,Deshi,Local,2000.08,2905.75,2404.93,INR/quintal,"Coimbatore, Tamil Nadu, India",2024,8,3
2024-08-16,Tomato,Sulur,Hybrid,Local,2202.54,3126.53,2625.93,INR/quintal,"Coimbatore, Tamil Nadu, India",2024,8,4
2024-08-17,Tomato,Sulur,Deshi,Local,2266.06,3166.52,2611.06,INR/quintal,"Coimbatore, Tamil Nadu, India",2024,8,5
2024-08-18,Tomato,RSPuram,Hybrid,Local,2293.97,3226.49,2739.83,INR/quintal,"Coimbatore, Tamil Nadu, India",2024,8,6
2024-08-19,Tomato,Singanallur,Hybrid,Local,2177.6,3008.73,2630.79,INR/quintal,"Coimbatore, Tamil Nadu, India",2024,8,0
2024-08-20,Tomato,RSPuram,Hybrid,Local,2086.33,2893.77,2419.83,INR/quintal,"Coimbatore, Tamil Nadu, India",2024,8,1
2024-08-21,Tomato,Udumalpet,Hybrid,Local,2293.9,3166.08,2655.74,INR/quintal,"Coimbatore, Tamil Nadu, India",2024,8,2
2024-08-22,Tomato,RSPuram,Deshi,Local,1932.6,2986.98,2391.2,INR/quintal,"Coimbatore, Tamil Nadu, India",2024,8,3
2024-08-23,Tomato,Mettupalayam,Hybrid,Local,1788.83,2644.29,2208.73,INR/quintal,"Coimbatore, Tamil Nadu, India",2024,8,4
2024-08-24,Tomato,Udumalpet,Hybrid,Local,2219.87,3223.8,2693.72,INR/quintal,"Coimbatore, Tamil Nadu, India",2024,8,5
2024-08-25,Tomato,Mettupalayam,Deshi,Local,2140.29,3064.05,2557.82,INR/quintal,"Coimbatore, Tamil Nadu, India",2024,8,6
2024-08-26,Tomato,Sulur,Deshi,Local,2605.02,3427.77,2942.98,INR/quintal,"Coimbatore, Tamil Nadu, India",2024,8,0
2024-08-27,Tomato,RSPuram,Hybrid,Local,1823.3,2739.06,2278.34,INR/quintal,"Coimbatore, Tamil Nadu, India",2024,8,1
2024-08-28,Tomato,Mettupalayam,Deshi,Local,1974.91,2769.72,2342.6,INR/quintal,"Coimbatore, Tamil Nadu, India",2024,8,2
2024-08-29,Tomato,Mettupalayam,Deshi,Local,1968.97,2869.94,2432.53,INR/quintal,"Coimbatore, Tamil Nadu, India",2024,8,3
2024-08-30,Tomato,Mettupalayam,Hybrid,Local,2387.22,3192.45,2798.17,INR/quintal,"Coimbatore, Tamil Nadu, India",2024,8,4
2024-08-31,Tomato,Mettupalayam,Hybrid,Local,2109.74,2978.89,2460.63,INR/quintal,"Coimbatore, Tamil Nadu, India",2024,8,5
2024-09-01,Tomato,RSPuram,Hybrid,Local,1866.36,2718.83,2335.08,INR/quintal,"Coimbatore, Tamil Nadu, India",2024,9,6
2024-09-02,Tomato,RSPuram,Deshi,Local,1920.08,2896.08,2321.34,INR/quintal,"Coimbatore, Tamil Nadu, India",2024,9,0
2024-09-03,Tomato,Sulur,Deshi,Local,2413.15,3325.55,2841.66,INR/quintal,"Coimbatore, Tamil Nadu, India",2024,9,1
2024-09-04,Tomato,Udumalpet,Deshi,Local,1866.48,2764.19,2345.84,INR/quintal,"Coimbatore, Tamil Nadu, India",2024,9,2
2024-09-05,Tomato,Singanallur,Hybrid,Local,2563.44,3413.73,2886.72,INR/quintal,"Coimbatore, Tamil Nadu, India",2024,9,3
2024-09-06,Tomato,RSPuram,Hybrid,Local,2590.29,3379.38,2990.32,INR/quintal,"Coimbatore, Tamil Nadu, India",2024,9,4
2024-09-07,Tomato,RSPuram,Hybrid,Local,2015.64,3039.86,2466.94,INR/quintal,"Coimbatore, Tamil Nadu, India",2024,9,5
2024-09-08,Tomato,Singanallur,Hybrid,Local,2112.52,2973.11,2516.91,INR/quintal,"Coimbatore, Tamil Nadu, India",2024,9,6
2024-09-09,Tomato,Singanallur,Deshi,Local,1665.05,2558.83,2034.76,INR/quintal,"Coimbatore, Tamil Nadu, India",2024,9,0
2024-09-10,Tomato,Udumalpet,Deshi,Local,2378.93,3303.24,2728.38,INR/quintal,"Coimbatore, Tamil Nadu, India",2024,9,1
2024-09-11,Tomato,RSPuram,Hybrid,Local,1970.77,2787.94,2376.73,INR/quintal,"Coimbatore, Tamil Nadu, India",2024,9,2
2024-09-12,Tomato,Singanallur,Hybrid,Local,2033.72,2987.22,2506.58,INR/quintal,"Coimbatore, Tamil Nadu, India",2024,9,3
2024-09-13,Tomato,RSPuram,Hybrid,Local,2251.9,2976.11,2558.95,INR/quintal,"Coimbatore, Tamil Nadu, India",2024,9,4
2024-09-14,Tomato,Mettupalayam,Hybrid,Local,1880.14,2671.63,2268.08,INR/quintal,"Coimbatore, Tamil Nadu, India",2024,9,5
2024-09-15,Tomato,Singanallur,Deshi,Local,1966.8,2997.65,2401.13,INR/quintal,"Coimbatore, Tamil Nadu, India",2024,9,6
2024-09-16,Tomato,Udumalpet,Hybrid,Local,1859.16,2626.89,2192.62,INR/quintal,"Coimbatore, Tamil Nadu, India",2024,9,0
2024-09-17,Tomato,Singanallur,Deshi,Local,1891.71,2838.26,2366.23,INR/quintal,"Coimbatore, Tamil Nadu, India",2024,9,1
2024-09-18,Tomato,Singanallur,Hybrid,Local,1645.64,2583.6,2118.91,INR/quintal,"Coimbatore, Tamil Nadu, India",2024,9,2
2024-09-19,Tomato,Udumalpet,Hybrid,Local,1972.27,2846.48,2433.8,INR/quintal,"Coimbatore, Tamil Nadu, India",2024,9,3
2024-09-20,Tomato,Sulur,Deshi,Local,2001.23,2859.85,2387.39,INR/quintal,"Coimbatore, Tamil Nadu, India",2024,9,4
2024-09-21,Tomato,Singanallur,Deshi,Local,2470.83,3187.06,2785.42,INR/quintal,"Coimbatore, Tamil Nadu, India",2024,9,5
2024-09-22,Tomato,Udumalpet,Deshi,Local,1995.97,2842.9,2362.98,INR/quintal,"Coimbatore, Tamil Nadu, India",2024,9,6
2024-09-23,Tomato,Mettupalayam,Hybrid,Local,2233.98,3027.45,2541.98,INR/quintal,"Coimbatore, Tamil Nadu, India",2024,9,0
2024-09-24,Tomato,Singanallur,Hybrid,Local,2200.38,3183.79,2678.44,INR/quintal,"Coimbatore, Tamil Nadu, India",2024,9,1
2024-09-25,Tomato,Singanallur,Deshi,Local,2351.24,3120.24,2699.25,INR/quintal,"Coimbatore, Tamil Nadu, India",2024,9,2
2024-09-26,Tomato,Singanallur,Deshi,Local,1542.21,2446.14,2020.44,INR/quintal,"Coimbatore, Tamil Nadu, India",2024,9,3
2024-09-27,Tomato,RSPuram,Hybrid,Local,2143.14,2932.22,2538.5,INR/quintal,"Coimbatore, Tamil Nadu, India",2024,9,4
2024-09-28,Tomato,Mettupalayam,Deshi,Local,1740.03,2719.83,2219.53,INR/quintal,"Coimbatore, Tamil Nadu, India",2024,9,5
2024-09-29,Tomato,Udumalpet,Hybrid,Local,1868.41,2810.8,2297.06,INR/quintal,"Coimbatore, Tamil Nadu, India",2024,9,6
2024-09-30,Tomato,Mettupalayam,Deshi,Local,1836.84,2595.33,2192.95,INR/quintal,"Coimbatore, Tamil Nadu, India",2024,9,0
2024-10-01,Tomato,Udumalpet,Deshi,Local,2369.24,3250.04,2783.14,INR/quintal,"Coimbatore, Tamil Nadu, India",2024,10,1
2024-10-02,Tomato,Udumalpet,Hybrid,Local,2193.49,2929.91,2540.61,INR/quintal,"Coimbatore, Tamil Nadu, India",2024,10,2
2024-10-03,Tomato,Singanallur,Deshi,Local,1967.65,2743.7,2338.0,INR/quintal,"Coimbatore, Tamil Nadu, India",2024,10,3
2024-10-04,Tomato,Singanallur,Deshi,Local,2267.08,3060.15,2620.47,INR/quintal,"Coimbatore, Tamil Nadu, India",2024,10,4
2024-10-05,Tomato,Mettupalayam,Hybrid,Local,2157.43,3022.08,2596.65,INR/quintal,"Coimbatore, Tamil Nadu, India",2024,10,5
2024-10-06,Tomato,Singanallur,Hybrid,Local,2385.09,3295.21,2717.56,INR/quintal,"Coimbatore, Tamil Nadu, India",2024,10,6
2024-10-07,Tomato,Sulur,Deshi,Local,2267.88,3090.47,2587.18,INR/quintal,"Coimbatore, Tamil Nadu, India",2024,10,0
2024-10-08,Tomato,Singanallur,Deshi,Local,2112.29,2959.79,2546.89,INR/quintal,"Coimbatore, Tamil Nadu, India",2024,10,1
2024-10-09,Tomato,Sulur,Deshi,Local,2075.12,3048.07,2531.14,INR/quintal,"Coimbatore, Tamil Nadu, India",2024,10,2
2024-10-10,Tomato,Singanallur,Hybrid,Local,1923.98,2962.63,2386.04,INR/quintal,"Coimbatore, Tamil Nadu, India",2024,10,3
2024-10-11,Tomato,Udumalpet,Deshi,Local,1799.84,2643.56,2245.15,INR/quintal,"Coimbatore, Tamil Nadu, India",2024,10,4
2024-10-12,Tomato,Udumalpet,Deshi,Local,1903.93,2625.37,2213.03,INR/quintal,"Coimbatore, Tamil Nadu, India",2024,10,5
2024-10-13,Tomato,Mettupalayam,Deshi,Local,1938.91,2731.42,2350.4,INR/quintal,"Coimbatore, Tamil Nadu, India",2024,10,6
2024-10-14,Tomato,Sulur,Hybrid,Local,1787.8,2484.69,2097.25,INR/quintal,"Coimbatore, Tamil Nadu, India",2024,10,0
2024-10-15,Tomato,Udumalpet,Hybrid,Local,1848.03,2828.93,2295.41,INR/quintal,"Coimbatore, Tamil Nadu, India",2024,10,1
2024-10-16,Tomato,RSPuram,Hybrid,Local,2003.64,3000.67,2472.42,INR/quintal,"Coimbatore, Tamil Nadu, India",2024,10,2
2024-10-17,Tomato,RSPuram,Deshi,Local,2155.66,2947.75,2496.79,INR/quintal,"Coimbatore, Tamil Nadu, India",2024,10,3
2024-10-18,Tomato,Singanallur,Deshi,Local,1994.25,2790.26,2364.8,INR/quintal,"Coimbatore, Tamil Nadu, India",2024,10,4
2024-10-19,Tomato,Udumalpet,Hybrid,Local,2121.75,3114.8,2539.25,INR/quintal,"Coimbatore, Tamil Nadu, India",2024,10,5
2024-10-20,Tomato,Mettupalayam,Hybrid,Local,2234.69,2999.85,2549.63,INR/quintal,"Coimbatore, Tamil Nadu, India",2024,10,6
2024-10-21,Tomato,Sulur,Deshi,Local,2147.96,3100.09,2592.32,INR/quintal,"Coimbatore, Tamil Nadu, India",2024,10,0
2024-10-22,Tomato,RSPuram,Deshi,Local,1810.57,2659.15,2246.52,INR/quintal,"Coimbatore, Tamil Nadu, India",2024,10,1
2024-10-23,Tomato,Sulur,Hybrid,Local,2024.1,3095.55,2499.87,INR/quintal,"Coimbatore, Tamil Nadu, India",2024,10,2
2024-10-24,Tomato,Udumalpet,Hybrid,Local,1999.3,2855.32,2430.69,INR/quintal,"Coimbatore, Tamil Nadu, India",2024,10,3
2024-10-25,Tomato,Udumalpet,Hybrid,Local,2140.37,2951.85,2449.2,INR/quintal,"Coimbatore, Tamil Nadu, India",2024,10,4
2024-10-26,Tomato,Udumalpet,Deshi,Local,1939.55,2714.09,2241.26,INR/quintal,"Coimbatore, Tamil Nadu, India",2024,10,5
2024-10-27,Tomato,Udumalpet,Deshi,Local,2496.88,3451.91,2878.24,INR/quintal,"Coimbatore, Tamil Nadu, India",2024,10,6
2024-10-28,Tomato,Mettupalayam,Hybrid,Local,2380.71,3110.56,2709.02,INR/quintal,"Coimbatore, Tamil Nadu, India",2024,10,0
2024-10-29,Tomato,Sulur,Hybrid,Local,1878.32,2685.87,2252.24,INR/quintal,"Coimbatore, Tamil Nadu, India",2024,10,1
2024-10-30,Tomato,Sulur,Deshi,Local,2288.44,3012.9,2633.67,INR/quintal,"Coimbatore, Tamil Nadu, India",2024,10,2
2024-10-31,Tomato,RSPuram,Hybrid,Local,2035.73,2992.37,2453.36,INR/quintal,"Coimbatore, Tamil Nadu, India",2024,10,3
2024-11-01,Tomato,Sulur,Hybrid,Local,1960.39,2862.94,2359.17,INR/quintal,"Coimbatore, Tamil Nadu, India",2024,11,4
2024-11-02,Tomato,Singanallur,Hybrid,Local,2350.61,3209.64,2701.4,INR/quintal,"Coimbatore, Tamil Nadu, India",2024,11,5
2024-11-03,Tomato,Singanallur,Hybrid,Local,1786.43,2796.32,2200.64,INR/quintal,"Coimbatore, Tamil Nadu, India",2024,11,6
2024-11-04,Tomato,Sulur,Hybrid,Local,2493.54,3222.32,2817.29,INR/quintal,"Coimbatore, Tamil Nadu, India",2024,11,0
2024-11-05,Tomato,Udumalpet,Hybrid,Local,2415.37,3372.02,2855.07,INR/quintal,"Coimbatore, Tamil Nadu, India",2024,11,1
2024-11-06,Tomato,RSPuram,Hybrid,Local,2158.12,2956.67,2525.43,INR/quintal,"Coimbatore, Tamil Nadu, India",2024,11,2
2024-11-07,Tomato,Singanallur,Deshi,Local,2248.46,3241.88,2659.73,INR/quintal,"Coimbatore, Tamil Nadu, India",2024,11,3
2024-11-08,Tomato,Mettupalayam,Deshi,Local,1873.08,2716.31,2309.79,INR/quintal,"Coimbatore, Tamil Nadu, India",2024,11,4
2024-11-09,Tomato,Sulur,Deshi,Local,1884.25,2779.45,2271.02,INR/quintal,"Coimbatore, Tamil Nadu, India",2024,11,5
2024-11-10,Tomato,Singanallur,Hybrid,Local,1656.03,2526.81,2072.94,INR/quintal,"Coimbatore, Tamil Nadu, India",2024,11,6
2024-11-11,Tomato,Sulur,Hybrid,Local,2171.76,3047.2,2633.84,INR/quintal,"Coimbatore, Tamil Nadu, India",2024,11,0
2024-11-12,Tomato,Singanallur,Hybrid,Local,2548.29,3485.65,2998.5,INR/quintal,"Coimbatore, Tamil Nadu, India",2024,11,1
2024-11-13,Tomato,Sulur,Hybrid,Local,2629.92,3423.09,3038.73,INR/quintal,"Coimbatore, Tamil Nadu, India",2024,11,2
2024-11-14,Tomato,RSPuram,Hybrid,Local,2784.37,3810.04,3260.98,INR/quintal,"Coimbatore, Tamil Nadu, India",2024,11,3
2024-11-15,Tomato,Singanallur,Deshi,Local,1988.06,2816.99,2419.73,INR/quintal,"Coimbatore, Tamil Nadu, India",2024,11,4
2024-11-16,Tomato,Udumalpet,Deshi,Local,1944.63,2777.94,2338.55,INR/quintal,"Coimbatore, Tamil Nadu, India",2024,11,5
2024-11-17,Tomato,Udumalpet,Hybrid,Local,2419.61,3158.61,2780.14,INR/quintal,"Coimbatore, Tamil Nadu, India",2024,11,6
2024-11-18,Tomato,Singanallur,Hybrid,Local,2708.22,3494.92,3112.21,INR/quintal,"Coimbatore, Tamil Nadu, India",2024,11,0
2024-11-19,Tomato,RSPuram,Deshi,Local,2383.17,3358.26,2789.66,INR/quintal,"Coimbatore, Tamil Nadu, India",2024,11,1
2024-11-20,Tomato,Mettupalayam,Hybrid,Local,2236.18,3228.06,2708.63,INR/quintal,"Coimbatore, Tamil Nadu, India",2024,11,2
2024-11-21,Tomato,Mettupalayam,Deshi,Local,2197.99,2886.84,2508.04,INR/quintal,"Coimbatore, Tamil Nadu, India",2024,11,3
2024-11-22,Tomato,RSPuram,Hybrid,Local,1973.24,2861.96,2354.74,INR/quintal,"Coimbatore, Tamil Nadu, India",2024,11,4
2024-11-23,Tomato,Udumalpet,Hybrid,Local,2218.61,2994.38,2575.29,INR/quintal,"Coimbatore, Tamil Nadu, India",2024,11,5
2024-11-24,Tomato,Udumalpet,Hybrid,Local,2068.8,2893.86,2420.04,INR/quintal,"Coimbatore, Tamil Nadu, India",2024,11,6
2024-11-25,Tomato,Mettupalayam,Deshi,Local,2632.12,3420.61,2966.5,INR/quintal,"Coimbatore, Tamil Nadu, India",2024,11,0
2024-11-26,Tomato,Singanallur,Hybrid,Local,2170.45,2925.26,2484.2,INR/quintal,"Coimbatore, Tamil Nadu, India",2024,11,1
2024-11-27,Tomato,Sulur,Deshi,Local,2298.67,3289.2,2747.5,INR/quintal,"Coimbatore, Tamil Nadu, India",2024,11,2
2024-11-28,Tomato,Sulur,Deshi,Local,2534.71,3220.27,2838.16,INR/quintal,"Coimbatore, Tamil Nadu, India",2024,11,3
2024-11-29,Tomato,RSPuram,Hybrid,Local,2425.77,3242.84,2851.44,INR/quintal,"Coimbatore, Tamil Nadu, India",2024,11,4
2024-11-30,Tomato,Singanallur,Hybrid,Local,2265.94,3177.86,2672.82,INR/quintal,"Coimbatore, Tamil Nadu, India",2024,11,5
2024-12-01,Tomato,Sulur,Deshi,Local,2513.14,3217.55,2817.21,INR/quintal,"Coimbatore, Tamil Nadu, India",2024,12,6
2024-12-02,Tomato,Sulur,Deshi,Local,2358.13,3165.97,2750.01,INR/quintal,"Coimbatore, Tamil Nadu, India",2024,12,0
2024-12-03,Tomato,Singanallur,Hybrid,Local,2976.58,3915.19,3438.36,INR/quintal,"Coimbatore, Tamil Nadu, India",2024,12,1
2024-12-04,Tomato,Mettupalayam,Deshi,Local,3145.39,4034.89,3474.3,INR/quintal,"Coimbatore, Tamil Nadu, India",2024,12,2
2024-12-05,Tomato,Mettupalayam,Hybrid,Local,2460.07,3365.54,2918.81,INR/quintal,"Coimbatore, Tamil Nadu, India",2024,12,3
2024-12-06,Tomato,Sulur,Deshi,Local,2731.41,3617.08,3082.84,INR/quintal,"Coimbatore, Tamil Nadu, India",2024,12,4
2024-12-07,Tomato,Singanallur,Deshi,Local,2867.15,3601.56,3215.61,INR/quintal,"Coimbatore, Tamil Nadu, India",2024,12,5
2024-12-08,Tomato,Udumalpet,Hybrid,Local,2467.16,3334.19,2904.58,INR/quintal,"Coimbatore, Tamil Nadu, India",2024,12,6
2024-12-09,Tomato,Udumalpet,Deshi,Local,2938.84,3659.37,3253.99,INR/quintal,"Coimbatore, Tamil Nadu, India",2024,12,0
2024-12-10,Tomato,Sulur,Hybrid,Local,2902.34,3812.55,3336.97,INR/quintal,"Coimbatore, Tamil Nadu, India",2024,12,1
2024-12-11,Tomato,Singanallur,Hybrid,Local,2484.82,3543.03,2945.5,INR/quintal,"Coimbatore, Tamil Nadu, India",2024,12,2
2024-12-12,Tomato,Mettupalayam,Deshi,Local,2805.11,3693.11,3170.87,INR/quintal,"Coimbatore, Tamil Nadu, India",2024,12,3
2024-12-13,Tomato,RSPuram,Deshi,Local,2955.57,3754.88,3339.72,INR/quintal,"Coimbatore, Tamil Nadu, India",2024,12,4
2024-12-14,Tomato,Mettupalayam,Hybrid,Local,2265.78,3128.75,2624.8,INR/quintal,"Coimbatore, Tamil Nadu, India",2024,12,5
2024-12-15,Tomato,Singanallur,Deshi,Local,3201.86,4106.93,3642.23,INR/quintal,"Coimbatore, Tamil Nadu, India",2024,12,6
2024-12-16,Tomato,Sulur,Hybrid,Local,3184.68,4144.33,3583.98,INR/quintal,"Coimbatore, Tamil Nadu, India",2024,12,0
2024-12-17,Tomato,Mettupalayam,Hybrid,Local,2727.44,3597.49,3186.38,INR/quintal,"Coimbatore, Tamil Nadu, India",2024,12,1
2024-12-18,Tomato,RSPuram,Hybrid,Local,2960.53,3762.36,3315.49,INR/quintal,"Coimbatore, Tamil Nadu, India",2024,12,2
2024-12-19,Tomato,Singanallur,Hybrid,Local,2433.62,3351.47,2817.28,INR/quintal,"Coimbatore, Tamil Nadu, India",2024,12,3
2024-12-20,Tomato,Sulur,Hybrid,Local,2848.21,3784.86,3299.65,INR/quintal,"Coimbatore, Tamil Nadu, India",2024,12,4
2024-12-21,Tomato,Singanallur,Deshi,Local,2889.55,3906.64,3356.76,INR/quintal,"Coimbatore, Tamil Nadu, India",2024,12,5
2024-12-22,Tomato,Sulur,Hybrid,Local,2813.3,3786.02,3210.2,INR/quintal,"Coimbatore, Tamil Nadu, India",2024,12,6
2024-12-23,Tomato,Singanallur,Hybrid,Local,2344.16,3145.44,2672.52,INR/quintal,"Coimbatore, Tamil Nadu, India",2024,12,0
2024-12-24,Tomato,RSPuram,Hybrid,Local,3139.24,4000.03,3457.01,INR/quintal,"Coimbatore, Tamil Nadu, India",2024,12,1
2024-12-25,Tomato,RSPuram,Hybrid,Local,2485.55,3482.54,2925.35,INR/quintal,"Coimbatore, Tamil Nadu, India",2024,12,2
2024-12-26,Tomato,RSPuram,Deshi,Local,2489.18,3377.59,2951.24,INR/quintal,"Coimbatore, Tamil Nadu, India",2024,12,3
2024-12-27,Tomato,Sulur,Hybrid,Local,3125.01,4136.83,3581.77,INR/quintal,"Coimbatore, Tamil Nadu, India",2024,12,4
2024-12-28,Tomato,Udumalpet,Hybrid,Local,3169.14,4059.3,3551.52,INR/quintal,"Coimbatore, Tamil Nadu, India",2024,12,5
2024-12-29,Tomato,Udumalpet,Hybrid,Local,2707.28,3740.65,3172.34,INR/quintal,"Coimbatore, Tamil Nadu, India",2024,12,6
2024-12-30,Tomato,Sulur,Hybrid,Local,3143.16,4103.39,3524.58,INR/quintal,"Coimbatore, Tamil Nadu, India",2024,12,0
2024-12-31,Tomato,Mettupalayam,Hybrid,Local,3121.22,4040.39,3464.49,INR/quintal,"Coimbatore, Tamil Nadu, India",2024,12,1
2025-01-01,Tomato,Singanallur,Hybrid,Local,3399.86,4316.96,3717.14,INR/quintal,"Coimbatore, Tamil Nadu, India",2025,1,2
2025-01-02,Tomato,Sulur,Hybrid,Local,2883.14,3767.01,3219.83,INR/quintal,"Coimbatore, Tamil Nadu, India",2025,1,3
2025-01-03,Tomato,Udumalpet,Hybrid,Local,2895.83,3829.78,3262.74,INR/quintal,"Coimbatore, Tamil Nadu, India",2025,1,4
2025-01-04,Tomato,Sulur,Hybrid,Local,3219.01,3906.44,3528.1,INR/quintal,"Coimbatore, Tamil Nadu, India",2025,1,5
2025-01-05,Tomato,Sulur,Deshi,Local,3128.38,3887.68,3474.21,INR/quintal,"Coimbatore, Tamil Nadu, India",2025,1,6
2025-01-06,Tomato,Udumalpet,Hybrid,Local,2986.93,3975.0,3449.61,INR/quintal,"Coimbatore, Tamil Nadu, India",2025,1,0
2025-01-07,Tomato,RSPuram,Hybrid,Local,3423.24,4241.61,3830.56,INR/quintal,"Coimbatore, Tamil Nadu, India",2025,1,1
2025-01-08,Tomato,Sulur,Deshi,Local,3051.37,3829.6,3407.2,INR/quintal,"Coimbatore, Tamil Nadu, India",2025,1,2
2025-01-09,Tomato,Mettupalayam,Hybrid,Local,3247.23,4199.19,3627.17,INR/quintal,"Coimbatore, Tamil Nadu, India",2025,1,3
2025-01-10,Tomato,RSPuram,Hybrid,Local,3182.5,4027.59,3575.85,INR/quintal,"Coimbatore, Tamil Nadu, India",2025,1,4
2025-01-11,Tomato,Mettupalayam,Deshi,Local,3081.83,4071.25,3479.69,INR/quintal,"Coimbatore, Tamil Nadu, India",2025,1,5
2025-01-12,Tomato,Udumalpet,Deshi,Local,2949.61,3755.95,3268.67,INR/quintal,"Coimbatore, Tamil Nadu, India",2025,1,6
2025-01-13,Tomato,Mettupalayam,Deshi,Local,2791.55,3627.72,3241.7,INR/quintal,"Coimbatore, Tamil Nadu, India",2025,1,0
2025-01-14,Tomato,Mettupalayam,Deshi,Local,2875.41,3760.53,3299.44,INR/quintal,"Coimbatore, Tamil Nadu, India",2025,1,1
2025-01-15,Tomato,Singanallur,Deshi,Local,3710.2,4659.63,4181.47,INR/quintal,"Coimbatore, Tamil Nadu, India",2025,1,2
2025-01-16,Tomato,RSPuram,Deshi,Local,3139.59,3877.03,3495.56,INR/quintal,"Coimbatore, Tamil Nadu, India",2025,1,3
2025-01-17,Tomato,Udumalpet,Hybrid,Local,3099.5,3917.77,3519.91,INR/quintal,"Coimbatore, Tamil Nadu, India",2025,1,4
2025-01-18,Tomato,Mettupalayam,Deshi,Local,2808.18,3641.73,3201.13,INR/quintal,"Coimbatore, Tamil Nadu, India",2025,1,5
2025-01-19,Tomato,Udumalpet,Deshi,Local,3245.53,4222.87,3643.43,INR/quintal,"Coimbatore, Tamil Nadu, India",2025,1,6
2025-01-20,Tomato,Mettupalayam,Deshi,Local,2996.78,3935.42,3473.6,INR/quintal,"Coimbatore, Tamil Nadu, India",2025,1,0
2025-01-21,Tomato,Mettupalayam,Deshi,Local,3253.69,4177.91,3620.09,INR/quintal,"Coimbatore, Tamil Nadu, India",2025,1,1
2025-01-22,Tomato,Mettupalayam,Hybrid,Local,3236.33,4075.97,3617.11,INR/quintal,"Coimbatore, Tamil Nadu, India",2025,1,2
2025-01-23,Tomato,RSPuram,Deshi,Local,3467.9,4328.12,3876.73,INR/quintal,"Coimbatore, Tamil Nadu, India",2025,1,3
2025-01-24,Tomato,Udumalpet,Hybrid,Local,3058.66,3778.76,3402.1,INR/quintal,"Coimbatore, Tamil Nadu, India",2025,1,4
2025-01-25,Tomato,RSPuram,Deshi,Local,3370.12,4179.04,3756.39,INR/quintal,"Coimbatore, Tamil Nadu, India",2025,1,5
2025-01-26,Tomato,Singanallur,Hybrid,Local,3021.72,3837.49,3454.55,INR/quintal,"Coimbatore, Tamil Nadu, India",2025,1,6
2025-01-27,Tomato,Singanallur,Deshi,Local,3435.2,4265.31,3877.44,INR/quintal,"Coimbatore, Tamil Nadu, India",2025,1,0
2025-01-28,Tomato,Mettupalayam,Deshi,Local,3445.01,4334.78,3816.24,INR/quintal,"Coimbatore, Tamil Nadu, India",2025,1,1
2025-01-29,Tomato,Udumalpet,Deshi,Local,3424.05,4402.99,3837.23,INR/quintal,"Coimbatore, Tamil Nadu, India",2025,1,2
2025-01-30,Tomato,Sulur,Hybrid,Local,4136.26,4917.58,4508.85,INR/quintal,"Coimbatore, Tamil Nadu, India",2025,1,3
2025-01-31,Tomato,Sulur,Hybrid,Local,3607.27,4457.63,3909.15,INR/quintal,"Coimbatore, Tamil Nadu, India",2025,1,4
2025-02-01,Tomato,Singanallur,Deshi,Local,3256.49,4004.24,3606.97,INR/quintal,"Coimbatore, Tamil Nadu, India",2025,2,5
2025-02-02,Tomato,Mettupalayam,Hybrid,Local,3897.96,4791.0,4328.37,INR/quintal,"Coimbatore, Tamil Nadu, India",2025,2,6
2025-02-03,Tomato,Sulur,Deshi,Local,3838.31,4757.38,4266.23,INR/quintal,"Coimbatore, Tamil Nadu, India",2025,2,0
2025-02-04,Tomato,Udumalpet,Deshi,Local,3238.93,4088.02,3614.04,INR/quintal,"Coimbatore, Tamil Nadu, India",2025,2,1
2025-02-05,Tomato,Singanallur,Hybrid,Local,3838.59,4575.9,4166.07,INR/quintal,"Coimbatore, Tamil Nadu, India",2025,2,2
2025-02-06,Tomato,Mettupalayam,Deshi,Local,3899.62,4646.41,4203.55,INR/quintal,"Coimbatore, Tamil Nadu, India",2025,2,3
2025-02-07,Tomato,Sulur,Hybrid,Local,3277.11,4094.85,3669.75,INR/quintal,"Coimbatore, Tamil Nadu, India",2025,2,4
2025-02-08,Tomato,RSPuram,Deshi,Local,3689.73,4694.69,4107.45,INR/quintal,"Coimbatore, Tamil Nadu, India",2025,2,5
2025-02-09,Tomato,Singanallur,Deshi,Local,4025.37,4851.66,4363.29,INR/quintal,"Coimbatore, Tamil Nadu, India",2025,2,6
2025-02-10,Tomato,RSPuram,Deshi,Local,3713.75,4547.27,4063.48,INR/quintal,"Coimbatore, Tamil Nadu, India",2025,2,0
2025-02-11,Tomato,Mettupalayam,Hybrid,Local,3424.07,4240.34,3786.08,INR/quintal,"Coimbatore, Tamil Nadu, India",2025,2,1
2025-02-12,Tomato,Udumalpet,Deshi,Local,3133.91,4180.97,3609.76,INR/quintal,"Coimbatore, Tamil Nadu, India",2025,2,2
2025-02-13,Tomato,Udumalpet,Hybrid,Local,3331.13,4283.44,3702.71,INR/quintal,"Coimbatore, Tamil Nadu, India",2025,2,3
2025-02-14,Tomato,RSPuram,Deshi,Local,3474.02,4343.91,3919.43,INR/quintal,"Coimbatore, Tamil Nadu, India",2025,2,4
2025-02-15,Tomato,Mettupalayam,Deshi,Local,3406.59,4279.24,3852.72,INR/quintal,"Coimbatore, Tamil Nadu, India",2025,2,5
2025-02-16,Tomato,Singanallur,Hybrid,Local,3822.18,4809.43,4235.1,INR/quintal,"Coimbatore, Tamil Nadu, India",2025,2,6
2025-02-17,Tomato,Singanallur,Deshi,Local,3366.79,4257.34,3679.98,INR/quintal,"Coimbatore, Tamil Nadu, India",2025,2,0
2025-02-18,Tomato,Udumalpet,Hybrid,Local,3200.31,4166.6,3579.82,INR/quintal,"Coimbatore, Tamil Nadu, India",2025,2,1
2025-02-19,Tomato,Mettupalayam,Deshi,Local,3773.97,4669.67,4123.17,INR/quintal,"Coimbatore, Tamil Nadu, India",2025,2,2
2025-02-20,Tomato,Udumalpet,Hybrid,Local,3742.04,4516.38,4140.49,INR/quintal,"Coimbatore, Tamil Nadu, India",2025,2,3
2025-02-21,Tomato,Sulur,Hybrid,Local,3642.53,4597.51,4115.53,INR/quintal,"Coimbatore, Tamil Nadu, India",2025,2,4
2025-02-22,Tomato,Singanallur,Deshi,Local,3710.95,4446.28,4033.54,INR/quintal,"Coimbatore, Tamil Nadu, India",2025,2,5
2025-02-23,Tomato,RSPuram,Deshi,Local,3519.51,4520.87,3987.68,INR/quintal,"Coimbatore, Tamil Nadu, India",2025,2,6
2025-02-24,Tomato,Mettupalayam,Deshi,Local,3874.27,4645.32,4261.35,INR/quintal,"Coimbatore, Tamil Nadu, India",2025,2,0
2025-02-25,Tomato,Udumalpet,Hybrid,Local,4010.62,4850.76,4446.62,INR/quintal,"Coimbatore, Tamil Nadu, India",2025,2,1
2025-02-26,Tomato,RSPuram,Deshi,Local,3617.64,4462.07,4035.95,INR/quintal,"Coimbatore, Tamil Nadu, India",2025,2,2
2025-02-27,Tomato,Udumalpet,Deshi,Local,3373.99,4274.18,3846.32,INR/quintal,"Coimbatore, Tamil Nadu, India",2025,2,3
2025-02-28,Tomato,Mettupalayam,Deshi,Local,3639.55,4517.21,4076.76,INR/quintal,"Coimbatore, Tamil Nadu, India",2025,2,4
2025-03-01,Tomato,Mettupalayam,Hybrid,Local,4131.55,5136.25,4577.92,INR/quintal,"Coimbatore, Tamil Nadu, India",2025,3,5
2025-03-02,Tomato,Singanallur,Hybrid,Local,3778.06,4616.12,4123.59,INR/quintal,"Coimbatore, Tamil Nadu, India",2025,3,6
2025-03-03,Tomato,Mettupalayam,Deshi,Local,4007.47,4862.79,4377.88,INR/quintal,"Coimbatore, Tamil Nadu, India",2025,3,0
2025-03-04,Tomato,Udumalpet,Deshi,Local,4185.01,4929.74,4545.69,INR/quintal,"Coimbatore, Tamil Nadu, India",2025,3,1
2025-03-05,Tomato,Sulur,Hybrid,Local,3923.98,4777.2,4288.76,INR/quintal,"Coimbatore, Tamil Nadu, India",2025,3,2
2025-03-06,Tomato,Sulur,Deshi,Local,3757.11,4534.08,4107.96,INR/quintal,"Coimbatore, Tamil Nadu, India",2025,3,3
2025-03-07,Tomato,Sulur,Deshi,Local,3521.07,4324.69,3939.51,INR/quintal,"Coimbatore, Tamil Nadu, India",2025,3,4
2025-03-08,Tomato,Udumalpet,Deshi,Local,3882.36,4638.73,4239.86,INR/quintal,"Coimbatore, Tamil Nadu, India",2025,3,5
2025-03-09,Tomato,Mettupalayam,Deshi,Local,3848.63,4694.98,4160.36,INR/quintal,"Coimbatore, Tamil Nadu, India",2025,3,6
2025-03-10,Tomato,Mettupalayam,Deshi,Local,3475.4,4304.65,3897.46,INR/quintal,"Coimbatore, Tamil Nadu, India",2025,3,0
2025-03-11,Tomato,Sulur,Deshi,Local,3814.84,4734.26,4151.42,INR/quintal,"Coimbatore, Tamil Nadu, India",2025,3,1
2025-03-12,Tomato,Mettupalayam,Hybrid,Local,3862.31,4681.13,4176.46,INR/quintal,"Coimbatore, Tamil Nadu, India",2025,3,2
2025-03-13,Tomato,Singanallur,Hybrid,Local,4077.51,4991.67,4438.48,INR/quintal,"Coimbatore, Tamil Nadu, India",2025,3,3
2025-03-14,Tomato,Mettupalayam,Hybrid,Local,3460.67,4481.75,3898.6,INR/quintal,"Coimbatore, Tamil Nadu, India",2025,3,4
2025-03-15,Tomato,Singanallur,Deshi,Local,4001.11,4957.68,4413.62,INR/quintal,"Coimbatore, Tamil Nadu, India",2025,3,5
2025-03-16,Tomato,Singanallur,Hybrid,Local,3779.38,4648.93,4164.56,INR/quintal,"Coimbatore, Tamil Nadu, India",2025,3,6
2025-03-17,Tomato,Mettupalayam,Hybrid,Local,4316.34,5158.6,4629.06,INR/quintal,"Coimbatore, Tamil Nadu, India",2025,3,0
2025-03-18,Tomato,RSPuram,Hybrid,Local,3817.48,4829.85,4239.06,INR/quintal,"Coimbatore, Tamil Nadu, India",2025,3,1
2025-03-19,Tomato,RSPuram,Hybrid,Local,4083.29,4830.26,4454.35,INR/quintal,"Coimbatore, Tamil Nadu, India",2025,3,2
2025-03-20,Tomato,Udumalpet,Hybrid,Local,3998.67,4961.6,4470.8,INR/quintal,"Coimbatore, Tamil Nadu, India",2025,3,3
2025-03-21,Tomato,RSPuram,Hybrid,Local,3601.67,4502.39,4020.48,INR/quintal,"Coimbatore, Tamil Nadu, India",2025,3,4
2025-03-22,Tomato,Singanallur,Hybrid,Local,4146.43,5111.35,4593.66,INR/quintal,"Coimbatore, Tamil Nadu, India",2025,3,5
2025-03-23,Tomato,Mettupalayam,Deshi,Local,3783.85,4615.88,4191.79,INR/quintal,"Coimbatore, Tamil Nadu, India",2025,3,6
2025-03-24,Tomato,Mettupalayam,Hybrid,Local,4100.27,4895.39,4514.58,INR/quintal,"Coimbatore, Tamil Nadu, India",2025,3,0
2025-03-25,Tomato,Singanallur,Deshi,Local,4056.24,4795.61,4367.94,INR/quintal,"Coimbatore, Tamil Nadu, India",2025,3,1
2025-03-26,Tomato,Singanallur,Deshi,Local,3747.05,4506.46,4127.47,INR/quintal,"Coimbatore, Tamil Nadu, India",2025,3,2
2025-03-27,Tomato,Udumalpet,Hybrid,Local,3666.87,4636.2,4082.13,INR/quintal,"Coimbatore, Tamil Nadu, India",2025,3,3
2025-03-28,Tomato,RSPuram,Deshi,Local,3830.46,4650.77,4191.5,INR/quintal,"Coimbatore, Tamil Nadu, India",2025,3,4
2025-03-29,Tomato,Sulur,Deshi,Local,3987.01,4963.29,4436.0,INR/quintal,"Coimbatore, Tamil Nadu, India",2025,3,5
2025-03-30,Tomato,Mettupalayam,Deshi,Local,3697.17,4629.11,4032.18,INR/quintal,"Coimbatore, Tamil Nadu, India",2025,3,6
2025-03-31,Tomato,Udumalpet,Deshi,Local,3697.81,4672.69,4097.72,INR/quintal,"Coimbatore, Tamil Nadu, India",2025,3,0
2025-04-01,Tomato,Singanallur,Hybrid,Local,3719.58,4781.12,4190.03,INR/quintal,"Coimbatore, Tamil Nadu, India",2025,4,1
2025-04-02,Tomato,Singanallur,Hybrid,Local,4002.92,4768.38,4334.05,INR/quintal,"Coimbatore, Tamil Nadu, India",2025,4,2
2025-04-03,Tomato,Mettupalayam,Deshi,Local,4093.14,5037.94,4552.09,INR/quintal,"Coimbatore, Tamil Nadu, India",2025,4,3
2025-04-04,Tomato,Sulur,Hybrid,Local,4223.66,5160.81,4665.69,INR/quintal,"Coimbatore, Tamil Nadu, India",2025,4,4
2025-04-05,Tomato,Udumalpet,Hybrid,Local,3679.48,4565.11,4127.24,INR/quintal,"Coimbatore, Tamil Nadu, India",2025,4,5
2025-04-06,Tomato,RSPuram,Deshi,Local,4061.22,4897.69,4445.61,INR/quintal,"Coimbatore, Tamil Nadu, India",2025,4,6
2025-04-07,Tomato,RSPuram,Deshi,Local,4067.78,4957.02,4543.47,INR/quintal,"Coimbatore, Tamil Nadu, India",2025,4,0
2025-04-08,Tomato,Udumalpet,Hybrid,Local,3715.83,4603.74,4122.18,INR/quintal,"Coimbatore, Tamil Nadu, India",2025,4,1
2025-04-09,Tomato,RSPuram,Hybrid,Local,3717.13,4590.41,4026.52,INR/quintal,"Coimbatore, Tamil Nadu, India",2025,4,2
2025-04-10,Tomato,RSPuram,Deshi,Local,3788.93,4609.45,4192.3,INR/quintal,"Coimbatore, Tamil Nadu, India",2025,4,3
2025-04-11,Tomato,Sulur,Hybrid,Local,3693.08,4675.95,4161.24,INR/quintal,"Coimbatore, Tamil Nadu, India",2025,4,4
2025-04-12,Tomato,Singanallur,Deshi,Local,4245.63,5278.86,4712.99,INR/quintal,"Coimbatore, Tamil Nadu, India",2025,4,5
2025-04-13,Tomato,Singanallur,Deshi,Local,3695.37,4559.17,4024.16,INR/quintal,"Coimbatore, Tamil Nadu, India",2025,4,6
2025-04-14,Tomato,Sulur,Hybrid,Local,3949.88,4828.21,4255.96,INR/quintal,"Coimbatore, Tamil Nadu, India",2025,4,0
2025-04-15,Tomato,Singanallur,Deshi,Local,3713.92,4441.77,4030.17,INR/quintal,"Coimbatore, Tamil Nadu, India",2025,4,1
2025-04-16,Tomato,Udumalpet,Deshi,Local,4106.17,4805.38,4407.71,INR/quintal,"Coimbatore, Tamil Nadu, India",2025,4,2
2025-04-17,Tomato,Singanallur,Hybrid,Local,3563.41,4340.99,3863.91,INR/quintal,"Coimbatore, Tamil Nadu, India",2025,4,3
2025-04-18,Tomato,Mettupalayam,Deshi,Local,4484.69,5472.89,4952.97,INR/quintal,"Coimbatore, Tamil Nadu, India",2025,4,4
2025-04-19,Tomato,Singanallur,Deshi,Local,3602.86,4584.0,4044.31,INR/quintal,"Coimbatore, Tamil Nadu, India",2025,4,5
2025-04-20,Tomato,Sulur,Deshi,Local,4070.5,4904.11,4391.62,INR/quintal,"Coimbatore, Tamil Nadu, India",2025,4,6
2025-04-21,Tomato,Sulur,Hybrid,Local,3945.43,4756.09,4281.76,INR/quintal,"Coimbatore, Tamil Nadu, India",2025,4,0
2025-04-22,Tomato,Singanallur,Hybrid,Local,3843.78,4663.74,4244.12,INR/quintal,"Coimbatore, Tamil Nadu, India",2025,4,1
2025-04-23,Tomato,Singanallur,Hybrid,Local,4129.83,4957.27,4494.71,INR/quintal,"Coimbatore, Tamil Nadu, India",2025,4,2
2025-04-24,Tomato,Sulur,Hybrid,Local,4166.26,4975.34,4489.23,INR/quintal,"Coimbatore, Tamil Nadu, India",2025,4,3
2025-04-25,Tomato,Mettupalayam,Deshi,Local,4061.49,4860.89,4364.15,INR/quintal,"Coimbatore, Tamil Nadu, India",2025,4,4
2025-04-26,Tomato,Singanallur,Hybrid,Local,4231.8,5011.9,4573.93,INR/quintal,"Coimbatore, Tamil Nadu, India",2025,4,5
2025-04-27,Tomato,Sulur,Hybrid,Local,3812.16,4703.65,4117.49,INR/quintal,"Coimbatore, Tamil Nadu, India",2025,4,6
2025-04-28,Tomato,RSPuram,Hybrid,Local,3899.97,4861.65,4379.03,INR/quintal,"Coimbatore, Tamil Nadu, India",2025,4,0
2025-04-29,Tomato,Singanallur,Deshi,Local,3956.86,4897.64,4315.87,INR/quintal,"Coimbatore, Tamil Nadu, India",2025,4,1
2025-04-30,Tomato,Sulur,Deshi,Local,3747.92,4530.37,4143.25,INR/quintal,"Coimbatore, Tamil Nadu, India",2025,4,2
2025-05-01,Tomato,Sulur,Hybrid,Local,3944.36,4831.29,4409.71,INR/quintal,"Coimbatore, Tamil Nadu, India",2025,5,3
2025-05-02,Tomato,Singanallur,Deshi,Local,3819.27,4829.6,4251.91,INR/quintal,"Coimbatore, Tamil Nadu, India",2025,5,4
2025-05-03,Tomato,Singanallur,Deshi,Local,3705.45,4682.81,4152.99,INR/quintal,"Coimbatore, Tamil Nadu, India",2025,5,5
2025-05-04,Tomato,Mettupalayam,Deshi,Local,3641.07,4540.39,4034.69,INR/quintal,"Coimbatore, Tamil Nadu, India",2025,5,6
2025-05-05,Tomato,Singanallur,Deshi,Local,3925.48,4698.89,4279.51,INR/quintal,"Coimbatore, Tamil Nadu, India",2025,5,0
2025-05-06,Tomato,Mettupalayam,Deshi,Local,3885.8,4745.17,4258.52,INR/quintal,"Coimbatore, Tamil Nadu, India",2025,5,1
2025-05-07,Tomato,Sulur,Hybrid,Local,3330.31,4215.55,3763.22,INR/quintal,"Coimbatore, Tamil Nadu, India",2025,5,2
2025-05-08,Tomato,Sulur,Deshi,Local,4046.63,4911.09,4473.6,INR/quintal,"Coimbatore, Tamil Nadu, India",2025,5,3
2025-05-09,Tomato,RSPuram,Hybrid,Local,3797.51,4638.28,4210.36,INR/quintal,"Coimbatore, Tamil Nadu, India",2025,5,4
2025-05-10,Tomato,Udumalpet,Deshi,Local,3327.23,4152.59,3758.2,INR/quintal,"Coimbatore, Tamil Nadu, India",2025,5,5
2025-05-11,Tomato,Sulur,Deshi,Local,3958.51,4800.42,4319.22,INR/quintal,"Coimbatore, Tamil Nadu, India",2025,5,6
2025-05-12,Tomato,Udumalpet,Deshi,Local,3814.21,4811.16,4278.94,INR/quintal,"Coimbatore, Tamil Nadu, India",2025,5,0
2025-05-13,Tomato,RSPuram,Hybrid,Local,3648.8,4470.65,3962.22,INR/quintal,"Coimbatore, Tamil Nadu, India",2025,5,1
2025-05-14,Tomato,Sulur,Hybrid,Local,3656.67,4441.17,3992.49,INR/quintal,"Coimbatore, Tamil Nadu, India",2025,5,2
2025-05-15,Tomato,Sulur,Deshi,Local,3396.17,4243.95,3793.82,INR/quintal,"Coimbatore, Tamil Nadu, India",2025,5,3
2025-05-16,Tomato,RSPuram,Deshi,Local,3492.98,4195.54,3794.42,INR/quintal,"Coimbatore, Tamil Nadu, India",2025,5,4
2025-05-17,Tomato,Singanallur,Deshi,Local,3647.63,4556.66,4000.52,INR/quintal,"Coimbatore, Tamil Nadu, India",2025,5,5
2025-05-18,Tomato,RSPuram,Hybrid,Local,3673.11,4491.62,4108.35,INR/quintal,"Coimbatore, Tamil Nadu, India",2025,5,6
2025-05-19,Tomato,Udumalpet,Hybrid,Local,3883.7,4742.86,4197.95,INR/quintal,"Coimbatore, Tamil Nadu, India",2025,5,0
2025-05-20,Tomato,Singanallur,Hybrid,Local,3393.39,4157.45,3766.92,INR/quintal,"Coimbatore, Tamil Nadu, India",2025,5,1
2025-05-21,Tomato,Singanallur,Hybrid,Local,3684.92,4521.7,4041.61,INR/quintal,"Coimbatore, Tamil Nadu, India",2025,5,2
2025-05-22,Tomato,Singanallur,Deshi,Local,3268.31,4131.32,3650.51,INR/quintal,"Coimbatore, Tamil Nadu, India",2025,5,3
2025-05-23,Tomato,Sulur,Deshi,Local,4052.67,4819.46,4375.35,INR/quintal,"Coimbatore, Tamil Nadu, India",2025,5,4
2025-05-24,Tomato,Udumalpet,Hybrid,Local,3650.47,4528.19,4077.65,INR/quintal,"Coimbatore, Tamil Nadu, India",2025,5,5
2025-05-25,Tomato,Sulur,Hybrid,Local,3540.6,4370.52,3854.64,INR/quintal,"Coimbatore, Tamil Nadu, India",2025,5,6
2025-05-26,Tomato,Mettupalayam,Hybrid,Local,3385.98,4261.74,3825.35,INR/quintal,"Coimbatore, Tamil Nadu, India",2025,5,0
2025-05-27,Tomato,Sulur,Deshi,Local,3669.89,4502.91,4005.26,INR/quintal,"Coimbatore, Tamil Nadu, India",2025,5,1
2025-05-28,Tomato,Udumalpet,Hybrid,Local,3566.34,4547.12,4026.61,INR/quintal,"Coimbatore, Tamil Nadu, India",2025,5,2
2025-05-29,Tomato,Sulur,Hybrid,Local,2947.67,3657.92,3273.85,INR/quintal,"Coimbatore, Tamil Nadu, India",2025,5,3
2025-05-30,Tomato,RSPuram,Hybrid,Local,3587.46,4438.03,3970.85,INR/quintal,"Coimbatore, Tamil Nadu, India",2025,5,4
2025-05-31,Tomato,Sulur,Hybrid,Local,3020.6,3961.7,3483.87,INR/quintal,"Coimbatore, Tamil Nadu, India",2025,5,5
2025-06-01,Tomato,RSPuram,Hybrid,Local,3651.56,4507.84,4086.25,INR/quintal,"Coimbatore, Tamil Nadu, India",2025,6,6
2025-06-02,Tomato,Sulur,Deshi,Local,2625.24,3549.27,3102.59,INR/quintal,"Coimbatore, Tamil Nadu, India",2025,6,0
2025-06-03,Tomato,Singanallur,Hybrid,Local,3364.88,4249.82,3780.87,INR/quintal,"Coimbatore, Tamil Nadu, India",2025,6,1
2025-06-04,Tomato,RSPuram,Deshi,Local,3460.35,4408.78,3848.76,INR/quintal,"Coimbatore, Tamil Nadu, India",2025,6,2
2025-06-05,Tomato,Sulur,Hybrid,Local,3568.99,4411.33,3876.33,INR/quintal,"Coimbatore, Tamil Nadu, India",2025,6,3
2025-06-06,Tomato,Udumalpet,Hybrid,Local,3467.28,4325.81,3922.19,INR/quintal,"Coimbatore, Tamil Nadu, India",2025,6,4
2025-06-07,Tomato,Sulur,Deshi,Local,3123.16,3961.64,3434.86,INR/quintal,"Coimbatore, Tamil Nadu, India",2025,6,5
2025-06-08,Tomato,RSPuram,Hybrid,Local,3400.14,4344.59,3753.39,INR/quintal,"Coimbatore, Tamil Nadu, India",2025,6,6
2025-06-09,Tomato,Singanallur,Deshi,Local,4088.86,5004.87,4488.11,INR/quintal,"Coimbatore, Tamil Nadu, India",2025,6,0
2025-06-10,Tomato,Sulur,Hybrid,Local,3673.35,4556.86,4119.63,INR/quintal,"Coimbatore, Tamil Nadu, India",2025,6,1
2025-06-11,Tomato,Singanallur,Deshi,Local,3099.33,3907.07,3411.31,INR/quintal,"Coimbatore, Tamil Nadu, India",2025,6,2
2025-06-12,Tomato,RSPuram,Hybrid,Local,3258.39,4204.13,3606.6,INR/quintal,"Coimbatore, Tamil Nadu, India",2025,6,3
2025-06-13,Tomato,Udumalpet,Hybrid,Local,3469.99,4314.03,3812.89,INR/quintal,"Coimbatore, Tamil Nadu, India",2025,6,4
2025-06-14,Tomato,Singanallur,Deshi,Local,2876.77,3801.53,3224.11,INR/quintal,"Coimbatore, Tamil Nadu, India",2025,6,5
2025-06-15,Tomato,Udumalpet,Hybrid,Local,3406.83,4172.98,3757.64,INR/quintal,"Coimbatore, Tamil Nadu, India",2025,6,6
2025-06-16,Tomato,Singanallur,Deshi,Local,3932.97,4748.09,4342.6,INR/quintal,"Coimbatore, Tamil Nadu, India",2025,6,0
2025-06-17,Tomato,Sulur,Deshi,Local,2955.2,3843.92,3310.27,INR/quintal,"Coimbatore, Tamil Nadu, India",2025,6,1
2025-06-18,Tomato,Mettupalayam,Hybrid,Local,3034.64,3879.4,3503.37,INR/quintal,"Coimbatore, Tamil Nadu, India",2025,6,2
2025-06-19,Tomato,Mettupalayam,Hybrid,Local,2831.06,3805.09,3303.04,INR/quintal,"Coimbatore, Tamil Nadu, India",2025,6,3
2025-06-20,Tomato,RSPuram,Deshi,Local,3320.76,4147.26,3646.6,INR/quintal,"Coimbatore, Tamil Nadu, India",2025,6,4
2025-06-21,Tomato,RSPuram,Deshi,Local,3030.34,4041.83,3502.03,INR/quintal,"Coimbatore, Tamil Nadu, India",2025,6,5
2025-06-22,Tomato,Mettupalayam,Hybrid,Local,3335.55,4308.66,3714.95,INR/quintal,"Coimbatore, Tamil Nadu, India",2025,6,6
2025-06-23,Tomato,RSPuram,Deshi,Local,2903.68,3956.57,3368.34,INR/quintal,"Coimbatore, Tamil Nadu, India",2025,6,0
2025-06-24,Tomato,Udumalpet,Hybrid,Local,3292.89,4064.74,3650.71,INR/quintal,"Coimbatore, Tamil Nadu, India",2025,6,1
2025-06-25,Tomato,Sulur,Hybrid,Local,3474.31,4220.64,3789.92,INR/quintal,"Coimbatore, Tamil Nadu, India",2025,6,2
2025-06-26,Tomato,Mettupalayam,Hybrid,Local,3255.54,4166.19,3632.14,INR/quintal,"Coimbatore, Tamil Nadu, India",2025,6,3
2025-06-27,Tomato,Mettupalayam,Deshi,Local,3291.94,4200.3,3666.1,INR/quintal,"Coimbatore, Tamil Nadu, India",2025,6,4
2025-06-28,Tomato,Singanallur,Deshi,Local,3090.74,4045.41,3469.22,INR/quintal,"Coimbatore, Tamil Nadu, India",2025,6,5
2025-06-29,Tomato,Sulur,Hybrid,Local,2939.78,3780.04,3245.8,INR/quintal,"Coimbatore, Tamil Nadu, India",2025,6,6
2025-06-30,Tomato,Sulur,Hybrid,Local,3153.72,4072.65,3486.19,INR/quintal,"Coimbatore, Tamil Nadu, India",2025,6,0
2025-07-01,Tomato,RSPuram,Hybrid,Local,3166.64,4072.43,3501.94,INR/quintal,"Coimbatore, Tamil Nadu, India",2025,7,1
2025-07-02,Tomato,Sulur,Deshi,Local,2869.79,3749.8,3202.95,INR/quintal,"Coimbatore, Tamil Nadu, India",2025,7,2
2025-07-03,Tomato,Mettupalayam,Deshi,Local,3229.76,4118.15,3587.22,INR/quintal,"Coimbatore, Tamil Nadu, India",2025,7,3
2025-07-04,Tomato,Singanallur,Deshi,Local,2821.0,3644.98,3239.79,INR/quintal,"Coimbatore, Tamil Nadu, India",2025,7,4
2025-07-05,Tomato,Mettupalayam,Deshi,Local,2733.94,3597.5,3075.87,INR/quintal,"Coimbatore, Tamil Nadu, India",2025,7,5
2025-07-06,Tomato,Singanallur,Hybrid,Local,2932.26,3856.73,3397.21,INR/quintal,"Coimbatore, Tamil Nadu, India",2025,7,6
2025-07-07,Tomato,Sulur,Hybrid,Local,2753.59,3749.6,3198.01,INR/quintal,"Coimbatore, Tamil Nadu, India",2025,7,0
2025-07-08,Tomato,Sulur,Deshi,Local,2699.55,3406.85,3026.33,INR/quintal,"Coimbatore, Tamil Nadu, India",2025,7,1
2025-07-09,Tomato,Singanallur,Hybrid,Local,3007.52,3738.0,3326.08,INR/quintal,"Coimbatore, Tamil Nadu, India",2025,7,2
2025-07-10,Tomato,Mettupalayam,Deshi,Local,2577.38,3454.29,3049.04,INR/quintal,"Coimbatore, Tamil Nadu, India",2025,7,3
2025-07-11,Tomato,Singanallur,Deshi,Local,2797.98,3830.26,3236.07,INR/quintal,"Coimbatore, Tamil Nadu, India",2025,7,4
2025-07-12,Tomato,Singanallur,Deshi,Local,2869.85,3631.75,3214.86,INR/quintal,"Coimbatore, Tamil Nadu, India",2025,7,5
2025-07-13,Tomato,Udumalpet,Deshi,Local,3200.04,4123.58,3590.4,INR/quintal,"Coimbatore, Tamil Nadu, India",2025,7,6
2025-07-14,Tomato,Singanallur,Hybrid,Local,3055.21,3940.41,3355.46,INR/quintal,"Coimbatore, Tamil Nadu, India",2025,7,0
2025-07-15,Tomato,Sulur,Deshi,Local,2906.26,3711.53,3211.04,INR/quintal,"Coimbatore, Tamil Nadu, India",2025,7,1
2025-07-16,Tomato,RSPuram,Hybrid,Local,2717.0,3540.33,3027.12,INR/quintal,"Coimbatore, Tamil Nadu, India",2025,7,2
2025-07-17,Tomato,Udumalpet,Hybrid,Local,3071.82,3988.21,3530.37,INR/quintal,"Coimbatore, Tamil Nadu, India",2025,7,3
2025-07-18,Tomato,Singanallur,Hybrid,Local,3260.99,4110.15,3573.84,INR/quintal,"Coimbatore, Tamil Nadu, India",2025,7,4
2025-07-19,Tomato,Mettupalayam,Deshi,Local,3170.26,3903.62,3493.95,INR/quintal,"Coimbatore, Tamil Nadu, India",2025,7,5
2025-07-20,Tomato,Mettupalayam,Deshi,Local,2579.63,3514.89,2972.35,INR/quintal,"Coimbatore, Tamil Nadu, India",2025,7,6
2025-07-21,Tomato,Udumalpet,Hybrid,Local,2553.19,3463.46,2927.59,INR/quintal,"Coimbatore, Tamil Nadu, India",2025,7,0
2025-07-22,Tomato,RSPuram,Hybrid,Local,3139.61,3933.47,3519.79,INR/quintal,"Coimbatore, Tamil Nadu, India",2025,7,1
2025-07-23,Tomato,Singanallur,Deshi,Local,2747.61,3677.97,3200.89,INR/quintal,"Coimbatore, Tamil Nadu, India",2025,7,2
2025-07-24,Tomato,RSPuram,Deshi,Local,2508.39,3400.36,2823.04,INR/quintal,"Coimbatore, Tamil Nadu, India",2025,7,3
2025-07-25,Tomato,Sulur,Deshi,Local,2809.84,3748.85,3247.88,INR/quintal,"Coimbatore, Tamil Nadu, India",2025,7,4
2025-07-26,Tomato,Singanallur,Deshi,Local,2700.83,3593.34,3018.5,INR/quintal,"Coimbatore, Tamil Nadu, India",2025,7,5
2025-07-27,Tomato,RSPuram,Deshi,Local,1982.69,2790.42,2303.19,INR/quintal,"Coimbatore, Tamil Nadu, India",2025,7,6
2025-07-28,Tomato,Udumalpet,Deshi,Local,2962.25,3681.51,3282.32,INR/quintal,"Coimbatore, Tamil Nadu, India",2025,7,0
2025-07-29,Tomato,RSPuram,Deshi,Local,2795.6,3511.44,3098.75,INR/quintal,"Coimbatore, Tamil Nadu, India",2025,7,1
2025-07-30,Tomato,RSPuram,Hybrid,Local,2573.72,3491.82,2990.11,INR/quintal,"Coimbatore, Tamil Nadu, India",2025,7,2
2025-07-31,Tomato,Sulur,Hybrid,Local,2756.16,3777.75,3189.59,INR/quintal,"Coimbatore, Tamil Nadu, India",2025,7,3
2025-08-01,Tomato,Sulur,Hybrid,Local,2612.14,3406.32,2964.46,INR/quintal,"Coimbatore, Tamil Nadu, India",2025,8,4
2025-08-02,Tomato,Singanallur,Deshi,Local,2295.08,3154.77,2707.04,INR/quintal,"Coimbatore, Tamil Nadu, India",2025,8,5
2025-08-03,Tomato,RSPuram,Deshi,Local,2828.46,3703.44,3200.47,INR/quintal,"Coimbatore, Tamil Nadu, India",2025,8,6
2025-08-04,Tomato,Singanallur,Hybrid,Local,2553.5,3491.13,2989.18,INR/quintal,"Coimbatore, Tamil Nadu, India",2025,8,0
2025-08-05,Tomato,Mettupalayam,Hybrid,Local,2182.02,3112.78,2593.03,INR/quintal,"Coimbatore, Tamil Nadu, India",2025,8,1
2025-08-06,Tomato,Sulur,Hybrid,Local,2734.14,3653.94,3100.19,INR/quintal,"Coimbatore, Tamil Nadu, India",2025,8,2
2025-08-07,Tomato,Mettupalayam,Hybrid,Local,2211.0,3134.06,2588.57,INR/quintal,"Coimbatore, Tamil Nadu, India",2025,8,3
2025-08-08,Tomato,RSPuram,Deshi,Local,2132.11,3107.34,2588.97,INR/quintal,"Coimbatore, Tamil Nadu, India",2025,8,4
2025-08-09,Tomato,Mettupalayam,Hybrid,Local,2118.63,3024.31,2521.82,INR/quintal,"Coimbatore, Tamil Nadu, India",2025,8,5
2025-08-10,Tomato,Sulur,Deshi,Local,2172.46,3180.58,2632.77,INR/quintal,"Coimbatore, Tamil Nadu, India",2025,8,6
2025-08-11,Tomato,Mettupalayam,Deshi,Local,2546.83,3429.2,2987.29,INR/quintal,"Coimbatore, Tamil Nadu, India",2025,8,0
2025-08-12,Tomato,Mettupalayam,Hybrid,Local,2283.39,3304.58,2759.97,INR/quintal,"Coimbatore, Tamil Nadu, India",2025,8,1
2025-08-13,Tomato,Sulur,Hybrid,Local,2660.84,3581.27,3025.4,INR/quintal,"Coimbatore, Tamil Nadu, India",2025,8,2
2025-08-14,Tomato,Singanallur,Deshi,Local,2045.33,2909.78,2422.74,INR/quintal,"Coimbatore, Tamil Nadu, India",2025,8,3
2025-08-15,Tomato,Sulur,Deshi,Local,3148.97,3869.4,3465.72,INR/quintal,"Coimbatore, Tamil Nadu, India",2025,8,4
2025-08-16,Tomato,Udumalpet,Hybrid,Local,1915.47,2754.81,2368.73,INR/quintal,"Coimbatore, Tamil Nadu, India",2025,8,5
2025-08-17,Tomato,Mettupalayam,Hybrid,Local,2448.06,3289.03,2913.42,INR/quintal,"Coimbatore, Tamil Nadu, India",2025,8,6
2025-08-18,Tomato,Mettupalayam,Deshi,Local,2709.12,3565.85,3082.0,INR/quintal,"Coimbatore, Tamil Nadu, India",2025,8,0
2025-08-19,Tomato,RSPuram,Deshi,Local,2864.06,3734.24,3268.23,INR/quintal,"Coimbatore, Tamil Nadu, India",2025,8,1
2025-08-20,Tomato,Singanallur,Hybrid,Local,2158.45,2924.6,2491.76,INR/quintal,"Coimbatore, Tamil Nadu, India",2025,8,2
2025-08-21,Tomato,Mettupalayam,Deshi,Local,2879.3,3736.36,3286.91,INR/quintal,"Coimbatore, Tamil Nadu, India",2025,8,3
2025-08-22,Tomato,Singanallur,Deshi,Local,2271.47,3212.09,2745.43,INR/quintal,"Coimbatore, Tamil Nadu, India",2025,8,4
2025-08-23,Tomato,Singanallur,Deshi,Local,2467.25,3345.51,2870.2,INR/quintal,"Coimbatore, Tamil Nadu, India",2025,8,5
2025-08-24,Tomato,RSPuram,Hybrid,Local,2365.11,3105.5,2689.72,INR/quintal,"Coimbatore, Tamil Nadu, India",2025,8,6
2025-08-25,Tomato,Udumalpet,Hybrid,Local,2113.91,2932.26,2477.71,INR/quintal,"Coimbatore, Tamil Nadu, India",2025,8,0
2025-08-26,Tomato,Udumalpet,Deshi,Local,2625.87,3521.03,3068.0,INR/quintal,"Coimbatore, Tamil Nadu, India",2025,8,1
2025-08-27,Tomato,Udumalpet,Deshi,Local,2665.68,3567.49,3015.79,INR/quintal,"Coimbatore, Tamil Nadu, India",2025,8,2
2025-08-28,Tomato,RSPuram,Hybrid,Local,2276.47,3203.55,2726.47,INR/quintal,"Coimbatore, Tamil Nadu, India",2025,8,3
2025-08-29,Tomato,Sulur,Hybrid,Local,2326.56,3049.16,2672.99,INR/quintal,"Coimbatore, Tamil Nadu, India",2025,8,4
2025-08-30,Tomato,Singanallur,Hybrid,Local,2352.52,3203.83,2668.18,INR/quintal,"Coimbatore, Tamil Nadu, India",2025,8,5
2025-08-31,Tomato,Singanallur,Hybrid,Local,2257.31,3315.19,2724.93,INR/quintal,"Coimbatore, Tamil Nadu, India",2025,8,6
2025-09-01,Tomato,Singanallur,Deshi,Local,2388.86,3332.23,2736.06,INR/quintal,"Coimbatore, Tamil Nadu, India",2025,9,0
2025-09-02,Tomato,Sulur,Deshi,Local,2028.84,3021.06,2501.44,INR/quintal,"Coimbatore, Tamil Nadu, India",2025,9,1
2025-09-03,Tomato,Sulur,Hybrid,Local,2162.31,3045.37,2519.68,INR/quintal,"Coimbatore, Tamil Nadu, India",2025,9,2
2025-09-04,Tomato,Mettupalayam,Hybrid,Local,1933.15,2814.55,2365.1,INR/quintal,"Coimbatore, Tamil Nadu, India",2025,9,3
2025-09-05,Tomato,Udumalpet,Deshi,Local,2233.84,3111.09,2678.91,INR/quintal,"Coimbatore, Tamil Nadu, India",2025,9,4
2025-09-06,Tomato,Singanallur,Hybrid,Local,2148.71,3164.31,2565.18,INR/quintal,"Coimbatore, Tamil Nadu, India",2025,9,5
2025-09-07,Tomato,Singanallur,Hybrid,Local,1885.1,2780.37,2230.84,INR/quintal,"Coimbatore, Tamil Nadu, India",2025,9,6
2025-09-08,Tomato,Singanallur,Deshi,Local,2049.34,2948.7,2494.79,INR/quintal,"Coimbatore, Tamil Nadu, India",2025,9,0
2025-09-09,Tomato,RSPuram,Deshi,Local,2538.09,3343.28,2883.79,INR/quintal,"Coimbatore, Tamil Nadu, India",2025,9,1
2025-09-10,Tomato,Sulur,Hybrid,Local,2286.89,3303.33,2736.55,INR/quintal,"Coimbatore, Tamil Nadu, India",2025,9,2
2025-09-11,Tomato,Udumalpet,Hybrid,Local,2212.72,3120.37,2528.35,INR/quintal,"Coimbatore, Tamil Nadu, India",2025,9,3
2025-09-12,Tomato,Sulur,Hybrid,Local,1807.51,2769.77,2224.51,INR/quintal,"Coimbatore, Tamil Nadu, India",2025,9,4
2025-09-13,Tomato,Sulur,Deshi,Local,2362.2,3287.24,2788.35,INR/quintal,"Coimbatore, Tamil Nadu, India",2025,9,5
2025-09-14,Tomato,RSPuram,Deshi,Local,2365.76,3357.39,2759.54,INR/quintal,"Coimbatore, Tamil Nadu, India",2025,9,6
2025-09-15,Tomato,Sulur,Deshi,Local,1750.97,2795.17,2205.38,INR/quintal,"Coimbatore, Tamil Nadu, India",2025,9,0
2025-09-16,Tomato,Udumalpet,Hybrid,Local,1758.91,2497.52,2085.84,INR/quintal,"Coimbatore, Tamil Nadu, India",2025,9,1
2025-09-17,Tomato,Singanallur,Hybrid,Local,2020.07,3016.21,2466.13,INR/quintal,"Coimbatore, Tamil Nadu, India",2025,9,2
2025-09-18,Tomato,RSPuram,Deshi,Local,1964.07,2721.38,2272.66,INR/quintal,"Coimbatore, Tamil Nadu, India",2025,9,3
2025-09-19,Tomato,Mettupalayam,Hybrid,Local,1992.66,2746.38,2300.77,INR/quintal,"Coimbatore, Tamil Nadu, India",2025,9,4
2025-09-20,Tomato,Singanallur,Deshi,Local,2561.78,3515.75,2916.36,INR/quintal,"Coimbatore, Tamil Nadu, India",2025,9,5
2025-09-21,Tomato,Mettupalayam,Deshi,Local,2566.09,3521.91,2979.61,INR/quintal,"Coimbatore, Tamil Nadu, India",2025,9,6
2025-09-22,Tomato,Sulur,Deshi,Local,2228.56,3181.65,2632.64,INR/quintal,"Coimbatore, Tamil Nadu, India",2025,9,0
2025-09-23,Tomato,RSPuram,Hybrid,Local,1973.85,2878.04,2281.11,INR/quintal,"Coimbatore, Tamil Nadu, India",2025,9,1
2025-09-24,Tomato,Singanallur,Deshi,Local,1989.42,3037.38,2444.66,INR/quintal,"Coimbatore, Tamil Nadu, India",2025,9,2
2025-09-25,Tomato,Udumalpet,Deshi,Local,2709.3,3577.3,3032.64,INR/quintal,"Coimbatore, Tamil Nadu, India",2025,9,3
2025-09-26,Tomato,RSPuram,Hybrid,Local,1738.14,2727.09,2212.94,INR/quintal,"Coimbatore, Tamil Nadu, India",2025,9,4
2025-09-27,Tomato,Udumalpet,Hybrid,Local,2100.46,2930.5,2530.21,INR/quintal,"Coimbatore, Tamil Nadu, India",2025,9,5
2025-09-28,Tomato,RSPuram,Deshi,Local,2560.98,3343.27,2870.67,INR/quintal,"Coimbatore, Tamil Nadu, India",2025,9,6
2025-09-29,Tomato,Singanallur,Hybrid,Local,1527.72,2567.3,1968.9,INR/quintal,"Coimbatore, Tamil Nadu, India",2025,9,0
2025-09-30,Tomato,Singanallur,Hybrid,Local,2564.17,3407.77,2950.61,INR/quintal,"Coimbatore, Tamil Nadu, India",2025,9,1
2025-10-01,Tomato,Sulur,Deshi,Local,2059.24,2905.94,2488.94,INR/quintal,"Coimbatore, Tamil Nadu, India",2025,10,2
2025-10-02,Tomato,Singanallur,Deshi,Local,2068.92,2940.8,2424.26,INR/quintal,"Coimbatore, Tamil Nadu, India",2025,10,3
2025-10-03,Tomato,RSPuram,Hybrid,Local,2127.91,2999.37,2539.92,INR/quintal,"Coimbatore, Tamil Nadu, India",2025,10,4
2025-10-04,Tomato,Udumalpet,Deshi,Local,2167.93,2885.89,2471.32,INR/quintal,"Coimbatore, Tamil Nadu, India",2025,10,5
2025-10-05,Tomato,RSPuram,Hybrid,Local,2262.74,3015.38,2618.93,INR/quintal,"Coimbatore, Tamil Nadu, India",2025,10,6
2025-10-06,Tomato,Sulur,Hybrid,Local,2200.62,2933.06,2542.96,INR/quintal,"Coimbatore, Tamil Nadu, India",2025,10,0
2025-10-07,Tomato,Singanallur,Deshi,Local,2053.1,3098.65,2499.96,INR/quintal,"Coimbatore, Tamil Nadu, India",2025,10,1
2025-10-08,Tomato,RSPuram,Hybrid,Local,1896.64,2873.64,2310.89,INR/quintal,"Coimbatore, Tamil Nadu, India",2025,10,2
2025-10-09,Tomato,RSPuram,Deshi,Local,2437.7,3302.97,2895.97,INR/quintal,"Coimbatore, Tamil Nadu, India",2025,10,3
2025-10-10,Tomato,Mettupalayam,Deshi,Local,1825.22,2775.19,2272.88,INR/quintal,"Coimbatore, Tamil Nadu, India",2025,10,4
2025-10-11,Tomato,Sulur,Deshi,Local,2122.61,2994.92,2555.9,INR/quintal,"Coimbatore, Tamil Nadu, India",2025,10,5
2025-10-12,Tomato,Singanallur,Hybrid,Local,2208.66,3186.73,2590.1,INR/quintal,"Coimbatore, Tamil Nadu, India",2025,10,6
2025-10-13,Tomato,RSPuram,Deshi,Local,2177.32,3175.72,2589.5,INR/quintal,"Coimbatore, Tamil Nadu, India",2025,10,0
2025-10-14,Tomato,Singanallur,Deshi,Local,2039.26,2978.24,2449.88,INR/quintal,"Coimbatore, Tamil Nadu, India",2025,10,1
2025-10-15,Tomato,Udumalpet,Deshi,Local,2403.06,3335.14,2803.93,INR/quintal,"Coimbatore, Tamil Nadu, India",2025,10,2
2025-10-16,Tomato,Singanallur,Hybrid,Local,2089.45,2871.17,2417.45,INR/quintal,"Coimbatore, Tamil Nadu, India",2025,10,3
2025-10-17,Tomato,Udumalpet,Hybrid,Local,2183.05,3139.77,2562.89,INR/quintal,"Coimbatore, Tamil Nadu, India",2025,10,4
2025-10-18,Tomato,Mettupalayam,Deshi,Local,2905.13,3863.47,3265.03,INR/quintal,"Coimbatore, Tamil Nadu, India",2025,10,5
2025-10-19,Tomato,Udumalpet,Deshi,Local,2539.73,3337.04,2957.16,INR/quintal,"Coimbatore, Tamil Nadu, India",2025,10,6
2025-10-20,Tomato,Mettupalayam,Deshi,Local,1941.62,2841.87,2387.73,INR/quintal,"Coimbatore, Tamil Nadu, India",2025,10,0
2025-10-21,Tomato,RSPuram,Hybrid,Local,1905.48,2624.14,2245.51,INR/quintal,"Coimbatore, Tamil Nadu, India",2025,10,1
2025-10-22,Tomato,RSPuram,Hybrid,Local,2489.73,3486.0,2904.28,INR/quintal,"Coimbatore, Tamil Nadu, India",2025,10,2
2025-10-23,Tomato,Mettupalayam,Hybrid,Local,2463.76,3272.14,2814.84,INR/quintal,"Coimbatore, Tamil Nadu, India",2025,10,3
2025-10-24,Tomato,Udumalpet,Hybrid,Local,2174.53,3130.0,2625.83,INR/quintal,"Coimbatore, Tamil Nadu, India",2025,10,4
2025-10-25,Tomato,Sulur,Deshi,Local,2178.43,3054.6,2574.48,INR/quintal,"Coimbatore, Tamil Nadu, India",2025,10,5
2025-10-26,Tomato,RSPuram,Deshi,Local,2300.96,3135.11,2724.28,INR/quintal,"Coimbatore, Tamil Nadu, India",2025,10,6
2025-10-27,Tomato,Udumalpet,Hybrid,Local,2354.7,3134.27,2737.73,INR/quintal,"Coimbatore, Tamil Nadu, India",2025,10,0
2025-10-28,Tomato,Udumalpet,Hybrid,Local,2451.83,3374.75,2903.28,INR/quintal,"Coimbatore, Tamil Nadu, India",2025,10,1
2025-10-29,Tomato,RSPuram,Hybrid,Local,2239.45,3146.7,2687.97,INR/quintal,"Coimbatore, Tamil Nadu, India",2025,10,2
2025-10-30,Tomato,Udumalpet,Hybrid,Local,2181.91,3117.98,2637.98,INR/quintal,"Coimbatore, Tamil Nadu, India",2025,10,3
2025-10-31,Tomato,Singanallur,Hybrid,Local,2488.49,3221.11,2803.5,INR/quintal,"Coimbatore, Tamil Nadu, India",2025,10,4
2025-11-01,Tomato,Udumalpet,Deshi,Local,2221.25,3186.15,2637.93,INR/quintal,"Coimbatore, Tamil Nadu, India",2025,11,5
2025-11-02,Tomato,Sulur,Deshi,Local,2061.81,2947.17,2482.06,INR/quintal,"Coimbatore, Tamil Nadu, India",2025,11,6
2025-11-03,Tomato,Sulur,Hybrid,Local,2284.61,3046.42,2642.35,INR/quintal,"Coimbatore, Tamil Nadu, India",2025,11,0
2025-11-04,Tomato,Mettupalayam,Hybrid,Local,2360.81,3322.81,2746.84,INR/quintal,"Coimbatore, Tamil Nadu, India",2025,11,1
2025-11-05,Tomato,Sulur,Deshi,Local,1966.06,2870.05,2444.76,INR/quintal,"Coimbatore, Tamil Nadu, India",2025,11,2
2025-11-06,Tomato,Udumalpet,Hybrid,Local,2049.28,2964.52,2521.18,INR/quintal,"Coimbatore, Tamil Nadu, India",2025,11,3
2025-11-07,Tomato,Singanallur,Hybrid,Local,2083.18,2818.68,2437.44,INR/quintal,"Coimbatore, Tamil Nadu, India",2025,11,4
2025-11-08,Tomato,RSPuram,Deshi,Local,2006.42,2873.08,2479.33,INR/quintal,"Coimbatore, Tamil Nadu, India",2025,11,5
2025-11-09,Tomato,Udumalpet,Deshi,Local,2107.31,2883.06,2419.16,INR/quintal,"Coimbatore, Tamil Nadu, India",2025,11,6
2025-11-10,Tomato,Singanallur,Hybrid,Local,2523.07,3333.56,2863.39,INR/quintal,"Coimbatore, Tamil Nadu, India",2025,11,0
2025-11-11,Tomato,Singanallur,Hybrid,Local,2680.21,3619.92,3055.84,INR/quintal,"Coimbatore, Tamil Nadu, India",2025,11,1
2025-11-12,Tomato,Singanallur,Hybrid,Local,2407.31,3259.69,2711.48,INR/quintal,"Coimbatore, Tamil Nadu, India",2025,11,2
2025-11-13,Tomato,Mettupalayam,Deshi,Local,2137.97,2944.64,2508.97,INR/quintal,"Coimbatore, Tamil Nadu, India",2025,11,3
2025-11-14,Tomato,Mettupalayam,Hybrid,Local,2157.54,3028.37,2521.28,INR/quintal,"Coimbatore, Tamil Nadu, India",2025,11,4
2025-11-15,Tomato,Mettupalayam,Deshi,Local,2083.05,3101.49,2539.17,INR/quintal,"Coimbatore, Tamil Nadu, India",2025,11,5
2025-11-16,Tomato,Sulur,Deshi,Local,2374.46,3235.84,2804.84,INR/quintal,"Coimbatore, Tamil Nadu, India",2025,11,6
2025-11-17,Tomato,Mettupalayam,Hybrid,Local,2302.28,3117.54,2674.1,INR/quintal,"Coimbatore, Tamil Nadu, India",2025,11,0
2025-11-18,Tomato,RSPuram,Deshi,Local,2409.64,3301.59,2754.68,INR/quintal,"Coimbatore, Tamil Nadu, India",2025,11,1
2025-11-19,Tomato,Singanallur,Deshi,Local,2852.62,3616.47,3205.21,INR/quintal,"Coimbatore, Tamil Nadu, India",2025,11,2
2025-11-20,Tomato,RSPuram,Deshi,Local,3104.64,3923.92,3438.22,INR/quintal,"Coimbatore, Tamil Nadu, India",2025,11,3
2025-11-21,Tomato,Udumalpet,Hybrid,Local,2867.36,3713.9,3259.17,INR/quintal,"Coimbatore, Tamil Nadu, India",2025,11,4
2025-11-22,Tomato,Udumalpet,Hybrid,Local,2391.44,3231.42,2797.01,INR/quintal,"Coimbatore, Tamil Nadu, India",2025,11,5
2025-11-23,Tomato,RSPuram,Hybrid,Local,2209.82,3001.66,2624.54,INR/quintal,"Coimbatore, Tamil Nadu, India",2025,11,6
2025-11-24,Tomato,Mettupalayam,Hybrid,Local,2356.08,3341.36,2783.76,INR/quintal,"Coimbatore, Tamil Nadu, India",2025,11,0
2025-11-25,Tomato,Sulur,Deshi,Local,2692.45,3418.84,3042.35,INR/quintal,"Coimbatore, Tamil Nadu, India",2025,11,1
2025-11-26,Tomato,Mettupalayam,Hybrid,Local,2730.66,3476.27,3058.46,INR/quintal,"Coimbatore, Tamil Nadu, India",2025,11,2
2025-11-27,Tomato,Mettupalayam,Hybrid,Local,2610.63,3416.22,2971.25,INR/quintal,"Coimbatore, Tamil Nadu, India",2025,11,3
2025-11-28,Tomato,RSPuram,Hybrid,Local,2609.95,3533.33,3079.42,INR/quintal,"Coimbatore, Tamil Nadu, India",2025,11,4
2025-11-29,Tomato,Sulur,Hybrid,Local,2333.66,3193.63,2664.87,INR/quintal,"Coimbatore, Tamil Nadu, India",2025,11,5
2025-11-30,Tomato,RSPuram,Hybrid,Local,3011.64,3939.98,3403.89,INR/quintal,"Coimbatore, Tamil Nadu, India",2025,11,6
2025-12-01,Tomato,Singanallur,Deshi,Local,2702.02,3579.07,3091.2,INR/quintal,"Coimbatore, Tamil Nadu, India",2025,12,0
2025-12-02,Tomato,RSPuram,Deshi,Local,2488.81,3322.99,2921.92,INR/quintal,"Coimbatore, Tamil Nadu, India",2025,12,1
2025-12-03,Tomato,Udumalpet,Deshi,Local,2638.0,3569.66,3041.16,INR/quintal,"Coimbatore, Tamil Nadu, India",2025,12,2
2025-12-04,Tomato,RSPuram,Deshi,Local,2855.54,3795.76,3285.32,INR/quintal,"Coimbatore, Tamil Nadu, India",2025,12,3
2025-12-05,Tomato,Mettupalayam,Deshi,Local,2213.95,3148.72,2556.27,INR/quintal,"Coimbatore, Tamil Nadu, India",2025,12,4
2025-12-06,Tomato,Sulur,Deshi,Local,2775.97,3614.13,3171.08,INR/quintal,"Coimbatore, Tamil Nadu, India",2025,12,5
2025-12-07,Tomato,Udumalpet,Deshi,Local,2732.77,3566.49,3102.78,INR/quintal,"Coimbatore, Tamil Nadu, India",2025,12,6
2025-12-08,Tomato,Udumalpet,Deshi,Local,3020.13,3886.12,3367.07,INR/quintal,"Coimbatore, Tamil Nadu, India",2025,12,0
2025-12-09,Tomato,Singanallur,Hybrid,Local,2584.44,3454.2,2990.38,INR/quintal,"Coimbatore, Tamil Nadu, India",2025,12,1
2025-12-10,Tomato,Singanallur,Hybrid,Local,2573.64,3452.32,2898.26,INR/quintal,"Coimbatore, Tamil Nadu, India",2025,12,2
2025-12-11,Tomato,Udumalpet,Deshi,Local,2692.74,3578.14,3056.0,INR/quintal,"Coimbatore, Tamil Nadu, India",2025,12,3
2025-12-12,Tomato,Udumalpet,Hybrid,Local,2644.08,3652.53,3077.38,INR/quintal,"Coimbatore, Tamil Nadu, India",2025,12,4
2025-12-13,Tomato,Udumalpet,Deshi,Local,2931.12,3811.76,3381.11,INR/quintal,"Coimbatore, Tamil Nadu, India",2025,12,5
2025-12-14,Tomato,Sulur,Deshi,Local,2897.59,3915.28,3352.53,INR/quintal,"Coimbatore, Tamil Nadu, India",2025,12,6
2025-12-15,Tomato,Singanallur,Deshi,Local,2754.04,3519.2,3115.58,INR/quintal,"Coimbatore, Tamil Nadu, India",2025,12,0
2025-12-16,Tomato,Singanallur,Deshi,Local,3069.96,3930.02,3402.42,INR/quintal,"Coimbatore, Tamil Nadu, India",2025,12,1
2025-12-17,Tomato,Udumalpet,Deshi,Local,3081.53,4005.91,3410.56,INR/quintal,"Coimbatore, Tamil Nadu, India",2025,12,2
2025-12-18,Tomato,Mettupalayam,Deshi,Local,2986.89,3707.4,3290.27,INR/quintal,"Coimbatore, Tamil Nadu, India",2025,12,3
2025-12-19,Tomato,Sulur,Hybrid,Local,2002.03,2823.14,2305.98,INR/quintal,"Coimbatore, Tamil Nadu, India",2025,12,4
2025-12-20,Tomato,RSPuram,Hybrid,Local,3356.75,4312.08,3734.51,INR/quintal,"Coimbatore, Tamil Nadu, India",2025,12,5
2025-12-21,Tomato,Singanallur,Hybrid,Local,3216.06,4101.81,3601.74,INR/quintal,"Coimbatore, Tamil Nadu, India",2025,12,6
2025-12-22,Tomato,Udumalpet,Deshi,Local,2743.95,3583.06,3075.41,INR/quintal,"Coimbatore, Tamil Nadu, India",2025,12,0
2025-12-23,Tomato,Sulur,Hybrid,Local,3109.78,4102.58,3502.63,INR/quintal,"Coimbatore, Tamil Nadu, India",2025,12,1
2025-12-24,Tomato,Singanallur,Deshi,Local,2904.8,3853.33,3358.49,INR/quintal,"Coimbatore, Tamil Nadu, India",2025,12,2
2025-12-25,Tomato,Udumalpet,Hybrid,Local,3350.67,4232.22,3702.69,INR/quintal,"Coimbatore, Tamil Nadu, India",2025,12,3
2025-12-26,Tomato,Mettupalayam,Hybrid,Local,2913.95,3960.21,3371.38,INR/quintal,"Coimbatore, Tamil Nadu, India",2025,12,4
2025-12-27,Tomato,Mettupalayam,Hybrid,Local,3088.44,3964.28,3502.89,INR/quintal,"Coimbatore, Tamil Nadu, India",2025,12,5
2025-12-28,Tomato,Singanallur,Deshi,Local,3031.49,3936.22,3488.53,INR/quintal,"Coimbatore, Tamil Nadu, India",2025,12,6
2025-12-29,Tomato,Udumalpet,Hybrid,Local,3229.71,4247.44,3656.72,INR/quintal,"Coimbatore, Tamil Nadu, India",2025,12,0
2025-12-30,Tomato,RSPuram,Deshi,Local,3134.44,4077.48,3576.13,INR/quintal,"Coimbatore, Tamil Nadu, India",2025,12,1
2025-12-31,Tomato,Singanallur,Hybrid,Local,3239.73,4135.58,3594.18,INR/quintal,"Coimbatore, Tamil Nadu, India",2025,12,2
2026-01-01,Tomato,Sulur,Deshi,Local,3399.62,4179.91,3766.79,INR/quintal,"Coimbatore, Tamil Nadu, India",2026,1,3
2026-01-02,Tomato,Mettupalayam,Deshi,Local,2885.14,3695.86,3216.48,INR/quintal,"Coimbatore, Tamil Nadu, India",2026,1,4
2026-01-03,Tomato,Sulur,Hybrid,Local,2848.98,3672.81,3161.57,INR/quintal,"Coimbatore, Tamil Nadu, India",2026,1,5
2026-01-04,Tomato,Singanallur,Deshi,Local,2880.48,3668.56,3225.29,INR/quintal,"Coimbatore, Tamil Nadu, India",2026,1,6
2026-01-05,Tomato,RSPuram,Hybrid,Local,3122.18,3900.17,3483.27,INR/quintal,"Coimbatore, Tamil Nadu, India",2026,1,0
2026-01-06,Tomato,Udumalpet,Hybrid,Local,3058.18,3915.67,3459.28,INR/quintal,"Coimbatore, Tamil Nadu, India",2026,1,1
2026-01-07,Tomato,Sulur,Hybrid,Local,3601.46,4486.16,3962.83,INR/quintal,"Coimbatore, Tamil Nadu, India",2026,1,2
2026-01-08,Tomato,Mettupalayam,Deshi,Local,2970.4,3692.57,3309.19,INR/quintal,"Coimbatore, Tamil Nadu, India",2026,1,3
2026-01-09,Tomato,RSPuram,Deshi,Local,3213.59,4033.43,3578.94,INR/quintal,"Coimbatore, Tamil Nadu, India",2026,1,4
2026-01-10,Tomato,Mettupalayam,Deshi,Local,3009.57,3948.16,3390.94,INR/quintal,"Coimbatore, Tamil Nadu, India",2026,1,5
2026-01-11,Tomato,Mettupalayam,Deshi,Local,3577.89,4593.33,4014.68,INR/quintal,"Coimbatore, Tamil Nadu, India",2026,1,6
2026-01-12,Tomato,Mettupalayam,Deshi,Local,3408.25,4257.73,3845.34,INR/quintal,"Coimbatore, Tamil Nadu, India",2026,1,0
2026-01-13,Tomato,Udumalpet,Hybrid,Local,2948.21,3888.21,3289.76,INR/quintal,"Coimbatore, Tamil Nadu, India",2026,1,1
2026-01-14,Tomato,Sulur,Hybrid,Local,3220.12,4038.1,3643.16,INR/quintal,"Coimbatore, Tamil Nadu, India",2026,1,2
2026-01-15,Tomato,RSPuram,Deshi,Local,3236.41,4197.44,3682.05,INR/quintal,"Coimbatore, Tamil Nadu, India",2026,1,3
2026-01-16,Tomato,Udumalpet,Hybrid,Local,3001.55,3804.13,3394.41,INR/quintal,"Coimbatore, Tamil Nadu, India",2026,1,4
2026-01-17,Tomato,Udumalpet,Deshi,Local,3632.84,4418.23,3969.56,INR/quintal,"Coimbatore, Tamil Nadu, India",2026,1,5
2026-01-18,Tomato,RSPuram,Deshi,Local,3167.27,4166.06,3604.33,INR/quintal,"Coimbatore, Tamil Nadu, India",2026,1,6
2026-01-19,Tomato,Singanallur,Deshi,Local,3956.1,4891.77,4300.87,INR/quintal,"Coimbatore, Tamil Nadu, India",2026,1,0
2026-01-20,Tomato,RSPuram,Hybrid,Local,3161.33,4189.17,3637.5,INR/quintal,"Coimbatore, Tamil Nadu, India",2026,1,1
2026-01-21,Tomato,Singanallur,Deshi,Local,3625.96,4562.52,4019.79,INR/quintal,"Coimbatore, Tamil Nadu, India",2026,1,2
2026-01-22,Tomato,Mettupalayam,Hybrid,Local,3483.84,4218.13,3837.66,INR/quintal,"Coimbatore, Tamil Nadu, India",2026,1,3
2026-01-23,Tomato,Udumalpet,Deshi,Local,3190.05,4165.05,3581.16,INR/quintal,"Coimbatore, Tamil Nadu, India",2026,1,4
2026-01-24,Tomato,Mettupalayam,Hybrid,Local,3649.12,4597.5,4057.23,INR/quintal,"Coimbatore, Tamil Nadu, India",2026,1,5
2026-01-25,Tomato,Mettupalayam,Hybrid,Local,3165.15,4122.12,3547.39,INR/quintal,"Coimbatore, Tamil Nadu, India",2026,1,6
2026-01-26,Tomato,Udumalpet,Deshi,Local,3428.49,4298.33,3747.41,INR/quintal,"Coimbatore, Tamil Nadu, India",2026,1,0
2026-01-27,Tomato,Singanallur,Hybrid,Local,3314.31,4335.58,3788.29,INR/quintal,"Coimbatore, Tamil Nadu, India",2026,1,1
2026-01-28,Tomato,Singanallur,Hybrid,Local,3489.8,4459.53,3942.52,INR/quintal,"Coimbatore, Tamil Nadu, India",2026,1,2
2026-01-29,Tomato,Sulur,Deshi,Local,3581.15,4440.5,3947.27,INR/quintal,"Coimbatore, Tamil Nadu, India",2026,1,3
2026-01-30,Tomato,Mettupalayam,Deshi,Local,3914.06,4754.85,4320.79,INR/quintal,"Coimbatore, Tamil Nadu, India",2026,1,4
2026-01-31,Tomato,Udumalpet,Hybrid,Local,3602.17,4333.65,3922.09,INR/quintal,"Coimbatore, Tamil Nadu, India",2026,1,5
2026-02-01,Tomato,Mettupalayam,Hybrid,Local,3516.83,4364.05,3881.71,INR/quintal,"Coimbatore, Tamil Nadu, India",2026,2,6
2026-02-02,Tomato,Mettupalayam,Hybrid,Local,3649.08,4565.25,4086.62,INR/quintal,"Coimbatore, Tamil Nadu, India",2026,2,0
2026-02-03,Tomato,Sulur,Hybrid,Local,3804.17,4767.77,4181.97,INR/quintal,"Coimbatore, Tamil Nadu, India",2026,2,1
2026-02-04,Tomato,RSPuram,Deshi,Local,3510.79,4392.15,3967.31,INR/quintal,"Coimbatore, Tamil Nadu, India",2026,2,2
2026-02-05,Tomato,Udumalpet,Hybrid,Local,3149.36,4006.61,3573.64,INR/quintal,"Coimbatore, Tamil Nadu, India",2026,2,3
2026-02-06,Tomato,Singanallur,Deshi,Local,3653.01,4438.36,4027.23,INR/quintal,"Coimbatore, Tamil Nadu, India",2026,2,4
2026-02-07,Tomato,Sulur,Hybrid,Local,3996.75,4873.73,4302.3,INR/quintal,"Coimbatore, Tamil Nadu, India",2026,2,5
2026-02-08,Tomato,Udumalpet,Hybrid,Local,4318.01,5113.22,4639.71,INR/quintal,"Coimbatore, Tamil Nadu, India",2026,2,6
2026-02-09,Tomato,Udumalpet,Deshi,Local,4091.66,4845.31,4402.35,INR/quintal,"Coimbatore, Tamil Nadu, India",2026,2,0
2026-02-10,Tomato,Sulur,Deshi,Local,3517.77,4560.58,3995.8,INR/quintal,"Coimbatore, Tamil Nadu, India",2026,2,1
2026-02-11,Tomato,RSPuram,Hybrid,Local,3798.19,4742.31,4216.77,INR/quintal,"Coimbatore, Tamil Nadu, India",2026,2,2
2026-02-12,Tomato,Singanallur,Deshi,Local,3613.27,4664.19,4085.27,INR/quintal,"Coimbatore, Tamil Nadu, India",2026,2,3
2026-02-13,Tomato,Sulur,Hybrid,Local,4154.24,5052.6,4457.64,INR/quintal,"Coimbatore, Tamil Nadu, India",2026,2,4
2026-02-14,Tomato,Udumalpet,Hybrid,Local,3927.76,4756.19,4260.44,INR/quintal,"Coimbatore, Tamil Nadu, India",2026,2,5
2026-02-15,Tomato,Singanallur,Hybrid,Local,4037.24,4951.25,4367.73,INR/quintal,"Coimbatore, Tamil Nadu, India",2026,2,6
2026-02-16,Tomato,Mettupalayam,Deshi,Local,4270.23,5215.35,4708.87,INR/quintal,"Coimbatore, Tamil Nadu, India",2026,2,0
2026-02-17,Tomato,Singanallur,Deshi,Local,3595.62,4562.2,3977.38,INR/quintal,"Coimbatore, Tamil Nadu, India",2026,2,1
2026-02-18,Tomato,Udumalpet,Deshi,Local,3833.26,4657.74,4201.67,INR/quintal,"Coimbatore, Tamil Nadu, India",2026,2,2
2026-02-19,Tomato,Sulur,Hybrid,Local,4055.31,4978.0,4419.86,INR/quintal,"Coimbatore, Tamil Nadu, India",2026,2,3
2026-02-20,Tomato,Udumalpet,Deshi,Local,3605.84,4468.53,4048.41,INR/quintal,"Coimbatore, Tamil Nadu, India",2026,2,4
2026-02-21,Tomato,Singanallur,Deshi,Local,3903.77,4913.83,4322.87,INR/quintal,"Coimbatore, Tamil Nadu, India",2026,2,5
2026-02-22,Tomato,Mettupalayam,Hybrid,Local,3450.5,4206.94,3777.53,INR/quintal,"Coimbatore, Tamil Nadu, India",2026,2,6
2026-02-23,Tomato,Singanallur,Deshi,Local,3991.96,4828.54,4293.41,INR/quintal,"Coimbatore, Tamil Nadu, India",2026,2,0
2026-02-24,Tomato,RSPuram,Hybrid,Local,3667.23,4483.83,4006.33,INR/quintal,"Coimbatore, Tamil Nadu, India",2026,2,1
2026-02-25,Tomato,RSPuram,Hybrid,Local,3982.9,4749.62,4309.7,INR/quintal,"Coimbatore, Tamil Nadu, India",2026,2,2
2026-02-26,Tomato,Mettupalayam,Hybrid,Local,3637.24,4482.47,3985.68,INR/quintal,"Coimbatore, Tamil Nadu, India",2026,2,3
2026-02-27,Tomato,Mettupalayam,Hybrid,Local,4204.23,5061.2,4594.18,INR/quintal,"Coimbatore, Tamil Nadu, India",2026,2,4
2026-02-28,Tomato,Mettupalayam,Hybrid,Local,3913.22,4763.04,4263.75,INR/quintal,"Coimbatore, Tamil Nadu, India",2026,2,5
2026-03-01,Tomato,Singanallur,Deshi,Local,3872.47,4699.64,4246.71,INR/quintal,"Coimbatore, Tamil Nadu, India",2026,3,6
2026-03-02,Tomato,Udumalpet,Hybrid,Local,3943.61,4771.52,4389.71,INR/quintal,"Coimbatore, Tamil Nadu, India",2026,3,0
2026-03-03,Tomato,RSPuram,Hybrid,Local,3678.95,4596.73,4040.3,INR/quintal,"Coimbatore, Tamil Nadu, India",2026,3,1
2026-03-04,Tomato,Udumalpet,Hybrid,Local,4027.02,4848.55,4397.98,INR/quintal,"Coimbatore, Tamil Nadu, India",2026,3,2
2026-03-05,Tomato,Mettupalayam,Deshi,Local,4061.89,4960.01,4482.82,INR/quintal,"Coimbatore, Tamil Nadu, India",2026,3,3
2026-03-06,Tomato,Udumalpet,Deshi,Local,3947.37,4652.39,4277.09,INR/quintal,"Coimbatore, Tamil Nadu, India",2026,3,4
2026-03-07,Tomato,Singanallur,Deshi,Local,3938.42,4853.01,4304.82,INR/quintal,"Coimbatore, Tamil Nadu, India",2026,3,5
2026-03-08,Tomato,Mettupalayam,Deshi,Local,3812.29,4768.42,4234.05,INR/quintal,"Coimbatore, Tamil Nadu, India",2026,3,6
2026-03-09,Tomato,Mettupalayam,Deshi,Local,3717.5,4642.72,4109.53,INR/quintal,"Coimbatore, Tamil Nadu, India",2026,3,0
2026-03-10,Tomato,Singanallur,Deshi,Local,4024.03,5013.27,4452.14,INR/quintal,"Coimbatore, Tamil Nadu, India",2026,3,1
2026-03-11,Tomato,Singanallur,Deshi,Local,4124.72,5009.9,4450.6,INR/quintal,"Coimbatore, Tamil Nadu, India",2026,3,2
2026-03-12,Tomato,RSPuram,Hybrid,Local,3997.65,4986.36,4423.0,INR/quintal,"Coimbatore, Tamil Nadu, India",2026,3,3
2026-03-13,Tomato,Singanallur,Deshi,Local,3741.41,4592.75,4098.74,INR/quintal,"Coimbatore, Tamil Nadu, India",2026,3,4
2026-03-14,Tomato,Mettupalayam,Hybrid,Local,4378.28,5290.88,4779.37,INR/quintal,"Coimbatore, Tamil Nadu, India",2026,3,5
2026-03-15,Tomato,Udumalpet,Deshi,Local,4253.05,5105.13,4720.66,INR/quintal,"Coimbatore, Tamil Nadu, India",2026,3,6
2026-03-16,Tomato,Sulur,Hybrid,Local,4418.22,5263.84,4878.21,INR/quintal,"Coimbatore, Tamil Nadu, India",2026,3,0
2026-03-17,Tomato,Singanallur,Hybrid,Local,4327.29,5068.5,4655.76,INR/quintal,"Coimbatore, Tamil Nadu, India",2026,3,1
2026-03-18,Tomato,Sulur,Deshi,Local,4039.26,4987.34,4405.91,INR/quintal,"Coimbatore, Tamil Nadu, India",2026,3,2
2026-03-19,Tomato,Mettupalayam,Hybrid,Local,3890.41,4653.33,4273.34,INR/quintal,"Coimbatore, Tamil Nadu, India",2026,3,3
2026-03-20,Tomato,RSPuram,Deshi,Local,3774.71,4687.51,4149.18,INR/quintal,"Coimbatore, Tamil Nadu, India",2026,3,4
2026-03-21,Tomato,RSPuram,Hybrid,Local,3715.69,4609.91,4038.6,INR/quintal,"Coimbatore, Tamil Nadu, India",2026,3,5
2026-03-22,Tomato,Udumalpet,Deshi,Local,4240.24,5199.87,4635.37,INR/quintal,"Coimbatore, Tamil Nadu, India",2026,3,6
2026-03-23,Tomato,Udumalpet,Deshi,Local,4269.42,5114.42,4602.94,INR/quintal,"Coimbatore, Tamil Nadu, India",2026,3,0
2026-03-24,Tomato,Singanallur,Hybrid,Local,4117.23,5001.78,4444.07,INR/quintal,"Coimbatore, Tamil Nadu, India",2026,3,1
2026-03-25,Tomato,Udumalpet,Hybrid,Local,4036.05,4953.73,4407.34,INR/quintal,"Coimbatore, Tamil Nadu, India",2026,3,2
2026-03-26,Tomato,Singanallur,Deshi,Local,3752.85,4560.63,4156.64,INR/quintal,"Coimbatore, Tamil Nadu, India",2026,3,3
2026-03-27,Tomato,Singanallur,Hybrid,Local,3764.25,4607.48,4202.8,INR/quintal,"Coimbatore, Tamil Nadu, India",2026,3,4
2026-03-28,Tomato,Singanallur,Deshi,Local,3829.57,4630.42,4179.55,INR/quintal,"Coimbatore, Tamil Nadu, India",2026,3,5
2026-03-29,Tomato,Mettupalayam,Hybrid,Local,3892.13,4745.01,4334.3,INR/quintal,"Coimbatore, Tamil Nadu, India",2026,3,6
2026-03-30,Tomato,Singanallur,Deshi,Local,4126.71,5038.37,4549.13,INR/quintal,"Coimbatore, Tamil Nadu, India",2026,3,0
2026-03-31,Tomato,Sulur,Hybrid,Local,3676.18,4435.72,4036.78,INR/quintal,"Coimbatore, Tamil Nadu, India",2026,3,1
2026-04-01,Tomato,Sulur,Hybrid,Local,3742.43,4805.05,4220.55,INR/quintal,"Coimbatore, Tamil Nadu, India",2026,4,2
2026-04-02,Tomato,Mettupalayam,Deshi,Local,3881.67,4898.64,4339.1,INR/quintal,"Coimbatore, Tamil Nadu, India",2026,4,3
2026-04-03,Tomato,Udumalpet,Hybrid,Local,4049.97,4919.58,4502.91,INR/quintal,"Coimbatore, Tamil Nadu, India",2026,4,4
2026-04-04,Tomato,Singanallur,Deshi,Local,3815.17,4538.3,4117.39,INR/quintal,"Coimbatore, Tamil Nadu, India",2026,4,5
2026-04-05,Tomato,Singanallur,Hybrid,Local,3776.84,4740.01,4159.32,INR/quintal,"Coimbatore, Tamil Nadu, India",2026,4,6
2026-04-06,Tomato,Sulur,Hybrid,Local,3989.42,4936.8,4384.04,INR/quintal,"Coimbatore, Tamil Nadu, India",2026,4,0
2026-04-07,Tomato,RSPuram,Deshi,Local,3847.3,4626.89,4211.77,INR/quintal,"Coimbatore, Tamil Nadu, India",2026,4,1
2026-04-08,Tomato,Singanallur,Deshi,Local,4006.82,4841.27,4346.08,INR/quintal,"Coimbatore, Tamil Nadu, India",2026,4,2
2026-04-09,Tomato,Mettupalayam,Deshi,Local,3738.03,4488.28,4061.94,INR/quintal,"Coimbatore, Tamil Nadu, India",2026,4,3
2026-04-10,Tomato,RSPuram,Hybrid,Local,3964.72,4783.75,4369.47,INR/quintal,"Coimbatore, Tamil Nadu, India",2026,4,4
2026-04-11,Tomato,Singanallur,Deshi,Local,4107.01,4921.82,4508.86,INR/quintal,"Coimbatore, Tamil Nadu, India",2026,4,5
2026-04-12,Tomato,RSPuram,Hybrid,Local,4127.74,4895.75,4479.95,INR/quintal,"Coimbatore, Tamil Nadu, India",2026,4,6
2026-04-13,Tomato,Mettupalayam,Hybrid,Local,4292.1,5261.9,4701.35,INR/quintal,"Coimbatore, Tamil Nadu, India",2026,4,0
2026-04-14,Tomato,Udumalpet,Hybrid,Local,4219.39,5147.81,4568.16,INR/quintal,"Coimbatore, Tamil Nadu, India",2026,4,1
2026-04-15,Tomato,Singanallur,Deshi,Local,4133.46,4932.87,4454.63,INR/quintal,"Coimbatore, Tamil Nadu, India",2026,4,2
2026-04-16,Tomato,RSPuram,Hybrid,Local,4125.15,5149.34,4568.91,INR/quintal,"Coimbatore, Tamil Nadu, India",2026,4,3
2026-04-17,Tomato,RSPuram,Hybrid,Local,4118.05,4884.09,4480.81,INR/quintal,"Coimbatore, Tamil Nadu, India",2026,4,4
2026-04-18,Tomato,Sulur,Hybrid,Local,3483.5,4392.83,3908.23,INR/quintal,"Coimbatore, Tamil Nadu, India",2026,4,5
2026-04-19,Tomato,RSPuram,Deshi,Local,4120.61,4831.71,4453.37,INR/quintal,"Coimbatore, Tamil Nadu, India",2026,4,6
2026-04-20,Tomato,Singanallur,Deshi,Local,4549.0,5472.96,4971.99,INR/quintal,"Coimbatore, Tamil Nadu, India",2026,4,0
2026-04-21,Tomato,Udumalpet,Hybrid,Local,3909.53,4671.73,4231.55,INR/quintal,"Coimbatore, Tamil Nadu, India",2026,4,1
2026-04-22,Tomato,Singanallur,Deshi,Local,3973.33,4939.16,4389.86,INR/quintal,"Coimbatore, Tamil Nadu, India",2026,4,2
2026-04-23,Tomato,RSPuram,Hybrid,Local,4503.37,5276.14,4831.03,INR/quintal,"Coimbatore, Tamil Nadu, India",2026,4,3
2026-04-24,Tomato,RSPuram,Hybrid,Local,3367.54,4328.05,3801.72,INR/quintal,"Coimbatore, Tamil Nadu, India",2026,4,4
2026-04-25,Tomato,Mettupalayam,Deshi,Local,3843.19,4595.47,4148.32,INR/quintal,"Coimbatore, Tamil Nadu, India",2026,4,5
2026-04-26,Tomato,RSPuram,Deshi,Local,3784.22,4565.99,4151.73,INR/quintal,"Coimbatore, Tamil Nadu, India",2026,4,6
2026-04-27,Tomato,Sulur,Deshi,Local,3980.14,4841.61,4333.76,INR/quintal,"Coimbatore, Tamil Nadu, India",2026,4,0
2026-04-28,Tomato,Singanallur,Deshi,Local,4338.67,5183.3,4780.53,INR/quintal,"Coimbatore, Tamil Nadu, India",2026,4,1
2026-04-29,Tomato,RSPuram,Hybrid,Local,3875.91,4821.38,4281.8,INR/quintal,"Coimbatore, Tamil Nadu, India",2026,4,2
2026-04-30,Tomato,RSPuram,Deshi,Local,4078.32,4848.18,4404.19,INR/quintal,"Coimbatore, Tamil Nadu, India",2026,4,3
2026-05-01,Tomato,Udumalpet,Hybrid,Local,4003.64,4820.7,4318.93,INR/quintal,"Coimbatore, Tamil Nadu, India",2026,5,4
2026-05-02,Tomato,Singanallur,Deshi,Local,3356.81,4059.43,3671.72,INR/quintal,"Coimbatore, Tamil Nadu, India",2026,5,5
2026-05-03,Tomato,Udumalpet,Hybrid,Local,3715.28,4685.76,4149.59,INR/quintal,"Coimbatore, Tamil Nadu, India",2026,5,6
2026-05-04,Tomato,Singanallur,Deshi,Local,4016.71,4979.25,4458.86,INR/quintal,"Coimbatore, Tamil Nadu, India",2026,5,0
2026-05-05,Tomato,Sulur,Deshi,Local,4499.58,5213.18,4830.21,INR/quintal,"Coimbatore, Tamil Nadu, India",2026,5,1
2026-05-06,Tomato,Singanallur,Hybrid,Local,4032.06,4821.15,4383.01,INR/quintal,"Coimbatore, Tamil Nadu, India",2026,5,2
2026-05-07,Tomato,Singanallur,Hybrid,Local,4151.42,5213.23,4615.11,INR/quintal,"Coimbatore, Tamil Nadu, India",2026,5,3
2026-05-08,Tomato,RSPuram,Deshi,Local,3681.67,4581.16,4098.41,INR/quintal,"Coimbatore, Tamil Nadu, India",2026,5,4
2026-05-09,Tomato,Singanallur,Deshi,Local,4070.4,4954.52,4378.3,INR/quintal,"Coimbatore, Tamil Nadu, India",2026,5,5
2026-05-10,Tomato,Sulur,Hybrid,Local,3975.67,4919.19,4357.73,INR/quintal,"Coimbatore, Tamil Nadu, India",2026,5,6
2026-05-11,Tomato,RSPuram,Hybrid,Local,3386.42,4219.15,3815.18,INR/quintal,"Coimbatore, Tamil Nadu, India",2026,5,0
2026-05-12,Tomato,Singanallur,Hybrid,Local,4503.01,5283.55,4822.21,INR/quintal,"Coimbatore, Tamil Nadu, India",2026,5,1
2026-05-13,Tomato,Udumalpet,Hybrid,Local,3690.53,4573.04,4008.61,INR/quintal,"Coimbatore, Tamil Nadu, India",2026,5,2
2026-05-14,Tomato,Sulur,Hybrid,Local,3313.7,4288.7,3752.77,INR/quintal,"Coimbatore, Tamil Nadu, India",2026,5,3
2026-05-15,Tomato,Udumalpet,Hybrid,Local,3855.42,4599.84,4173.91,INR/quintal,"Coimbatore, Tamil Nadu, India",2026,5,4
2026-05-16,Tomato,Sulur,Deshi,Local,3843.53,4741.01,4184.83,INR/quintal,"Coimbatore, Tamil Nadu, India",2026,5,5
2026-05-17,Tomato,Mettupalayam,Hybrid,Local,4035.93,5035.93,4453.19,INR/quintal,"Coimbatore, Tamil Nadu, India",2026,5,6
2026-05-18,Tomato,Singanallur,Deshi,Local,3869.37,4596.38,4199.77,INR/quintal,"Coimbatore, Tamil Nadu, India",2026,5,0
2026-05-19,Tomato,Udumalpet,Deshi,Local,3816.91,4603.17,4171.49,INR/quintal,"Coimbatore, Tamil Nadu, India",2026,5,1
2026-05-20,Tomato,Singanallur,Deshi,Local,3715.75,4593.4,4158.66,INR/quintal,"Coimbatore, Tamil Nadu, India",2026,5,2
2026-05-21,Tomato,Mettupalayam,Deshi,Local,3473.69,4286.55,3835.85,INR/quintal,"Coimbatore, Tamil Nadu, India",2026,5,3
2026-05-22,Tomato,RSPuram,Hybrid,Local,3377.45,4194.65,3791.86,INR/quintal,"Coimbatore, Tamil Nadu, India",2026,5,4
2026-05-23,Tomato,Udumalpet,Deshi,Local,3869.91,4850.69,4298.13,INR/quintal,"Coimbatore, Tamil Nadu, India",2026,5,5
2026-05-24,Tomato,Udumalpet,Deshi,Local,3182.2,4073.11,3603.67,INR/quintal,"Coimbatore, Tamil Nadu, India",2026,5,6
2026-05-25,Tomato,Udumalpet,Hybrid,Local,3156.32,3970.04,3510.63,INR/quintal,"Coimbatore, Tamil Nadu, India",2026,5,0
2026-05-26,Tomato,Mettupalayam,Hybrid,Local,3475.66,4229.95,3788.25,INR/quintal,"Coimbatore, Tamil Nadu, India",2026,5,1
2026-05-27,Tomato,Mettupalayam,Deshi,Local,3618.74,4529.15,4017.44,INR/quintal,"Coimbatore, Tamil Nadu, India",2026,5,2
2026-05-28,Tomato,Udumalpet,Hybrid,Local,3743.36,4479.29,4074.42,INR/quintal,"Coimbatore, Tamil Nadu, India",2026,5,3
2026-05-29,Tomato,Singanallur,Hybrid,Local,3973.64,4957.36,4388.9,INR/quintal,"Coimbatore, Tamil Nadu, India",2026,5,4
2026-05-30,Tomato,Udumalpet,Deshi,Local,3996.35,4879.74,4369.07,INR/quintal,"Coimbatore, Tamil Nadu, India",2026,5,5
2026-05-31,Tomato,Mettupalayam,Hybrid,Local,3180.59,4126.01,3603.34,INR/quintal,"Coimbatore, Tamil Nadu, India",2026,5,6
2026-06-01,Tomato,Sulur,Deshi,Local,3503.0,4369.18,3837.87,INR/quintal,"Coimbatore, Tamil Nadu, India",2026,6,0
2026-06-02,Tomato,Mettupalayam,Hybrid,Local,3703.78,4695.73,4159.31,INR/quintal,"Coimbatore, Tamil Nadu, India",2026,6,1
2026-06-03,Tomato,RSPuram,Hybrid,Local,4572.08,5316.72,4892.01,INR/quintal,"Coimbatore, Tamil Nadu, India",2026,6,2
2026-06-04,Tomato,RSPuram,Deshi,Local,3730.8,4716.46,4171.19,INR/quintal,"Coimbatore, Tamil Nadu, India",2026,6,3
2026-06-05,Tomato,Mettupalayam,Hybrid,Local,3218.44,4222.91,3641.6,INR/quintal,"Coimbatore, Tamil Nadu, India",2026,6,4
2026-06-06,Tomato,Udumalpet,Deshi,Local,3369.88,4256.56,3846.64,INR/quintal,"Coimbatore, Tamil Nadu, India",2026,6,5
2026-06-07,Tomato,Mettupalayam,Deshi,Local,3343.18,4149.65,3669.83,INR/quintal,"Coimbatore, Tamil Nadu, India",2026,6,6
2026-06-08,Tomato,Udumalpet,Deshi,Local,3866.93,4611.41,4182.75,INR/quintal,"Coimbatore, Tamil Nadu, India",2026,6,0
2026-06-09,Tomato,RSPuram,Deshi,Local,3469.3,4337.19,3853.56,INR/quintal,"Coimbatore, Tamil Nadu, India",2026,6,1
2026-06-10,Tomato,Udumalpet,Deshi,Local,3367.72,4322.2,3798.02,INR/quintal,"Coimbatore, Tamil Nadu, India",2026,6,2
2026-06-11,Tomato,Mettupalayam,Hybrid,Local,3316.63,4140.39,3745.25,INR/quintal,"Coimbatore, Tamil Nadu, India",2026,6,3
2026-06-12,Tomato,RSPuram,Hybrid,Local,3084.14,4020.51,3508.76,INR/quintal,"Coimbatore, Tamil Nadu, India",2026,6,4
2026-06-13,Tomato,RSPuram,Hybrid,Local,3146.94,4074.14,3609.1,INR/quintal,"Coimbatore, Tamil Nadu, India",2026,6,5
2026-06-14,Tomato,Udumalpet,Deshi,Local,3614.41,4422.2,4021.42,INR/quintal,"Coimbatore, Tamil Nadu, India",2026,6,6
2026-06-15,Tomato,Singanallur,Hybrid,Local,3680.42,4625.79,4116.1,INR/quintal,"Coimbatore, Tamil Nadu, India",2026,6,0
2026-06-16,Tomato,Udumalpet,Deshi,Local,3119.47,4068.0,3577.73,INR/quintal,"Coimbatore, Tamil Nadu, India",2026,6,1
2026-06-17,Tomato,Singanallur,Deshi,Local,3842.65,4642.05,4159.78,INR/quintal,"Coimbatore, Tamil Nadu, India",2026,6,2
2026-06-18,Tomato,RSPuram,Hybrid,Local,3755.1,4671.22,4109.39,INR/quintal,"Coimbatore, Tamil Nadu, India",2026,6,3
2026-06-19,Tomato,RSPuram,Deshi,Local,3245.37,4225.97,3637.81,INR/quintal,"Coimbatore, Tamil Nadu, India",2026,6,4
2026-06-20,Tomato,Mettupalayam,Hybrid,Local,3719.01,4471.32,4034.2,INR/quintal,"Coimbatore, Tamil Nadu, India",2026,6,5
2026-06-21,Tomato,RSPuram,Hybrid,Local,3425.62,4342.78,3784.91,INR/quintal,"Coimbatore, Tamil Nadu, India",2026,6,6
2026-06-22,Tomato,Sulur,Hybrid,Local,3217.12,4099.92,3543.08,INR/quintal,"Coimbatore, Tamil Nadu, India",2026,6,0
2026-06-23,Tomato,Udumalpet,Deshi,Local,3501.86,4346.4,3971.05,INR/quintal,"Coimbatore, Tamil Nadu, India",2026,6,1
